cell_id,lat,lon,area_km2
S4.9279.32,-4.9200,-79.3200,22.8955
S4.9279.24,-4.9200,-79.2400,83.5995
S4.9279.16,-4.9200,-79.1600,84.9829
S4.9279.08,-4.9200,-79.0800,100.8969
S4.9279.00,-4.9200,-79.0000,87.5036
S4.8479.32,-4.8400,-79.3200,85.6058
S4.8479.24,-4.8400,-79.2400,79.5928
S4.8479.16,-4.8400,-79.1600,79.5928
S4.8479.08,-4.8400,-79.0800,79.5928
S4.8479.00,-4.8400,-79.0000,79.5928
S4.8478.92,-4.8400,-78.9200,68.4022
S4.7679.40,-4.7600,-79.4000,78.5337
S4.7679.32,-4.7600,-79.3200,79.5835
S4.7679.24,-4.7600,-79.2400,79.5835
S4.7679.16,-4.7600,-79.1600,79.5835
S4.7679.08,-4.7600,-79.0800,79.5835
S4.7679.00,-4.7600,-79.0000,79.5835
S4.7678.92,-4.7600,-78.9200,62.5721
S4.6879.48,-4.6800,-79.4800,19.4272
S4.6879.40,-4.6800,-79.4000,79.5743
S4.6879.32,-4.6800,-79.3200,79.5743
S4.6879.24,-4.6800,-79.2400,79.5743
S4.6879.16,-4.6800,-79.1600,79.5743
S4.6879.08,-4.6800,-79.0800,79.5743
S4.6879.00,-4.6800,-79.0000,79.5743
S4.6878.92,-4.6800,-78.9200,90.5306
S4.6079.48,-4.6000,-79.4800,45.6546
S4.6079.40,-4.6000,-79.4000,79.5653
S4.6079.32,-4.6000,-79.3200,79.5653
S4.6079.24,-4.6000,-79.2400,79.5653
S4.6079.16,-4.6000,-79.1600,79.5653
S4.6079.08,-4.6000,-79.0800,79.5653
S4.6079.00,-4.6000,-79.0000,79.5653
S4.6078.92,-4.6000,-78.9200,79.5653
S4.6078.84,-4.6000,-78.8400,89.8442
S4.6078.76,-4.6000,-78.7600,90.6210
S4.5279.48,-4.5200,-79.4800,73.5246
S4.5279.40,-4.5200,-79.4000,79.5564
S4.5279.32,-4.5200,-79.3200,79.5564
S4.5279.24,-4.5200,-79.2400,79.5564
S4.5279.16,-4.5200,-79.1600,79.5564
S4.5279.08,-4.5200,-79.0800,79.5564
S4.5279.00,-4.5200,-79.0000,79.5564
S4.5278.92,-4.5200,-78.9200,79.5564
S4.5278.84,-4.5200,-78.8400,79.5564
S4.5278.76,-4.5200,-78.7600,79.5564
S4.5278.68,-4.5200,-78.6800,86.2493
S4.4480.44,-4.4400,-80.4400,37.0574
S4.4480.36,-4.4400,-80.3600,84.2357
S4.4479.80,-4.4400,-79.8000,95.6570
S4.4479.72,-4.4400,-79.7200,79.7952
S4.4479.56,-4.4400,-79.5600,107.4944
S4.4479.48,-4.4400,-79.4800,79.5477
S4.4479.40,-4.4400,-79.4000,79.5477
S4.4479.32,-4.4400,-79.3200,79.5477
S4.4479.24,-4.4400,-79.2400,79.5477
S4.4479.16,-4.4400,-79.1600,79.5477
S4.4479.08,-4.4400,-79.0800,79.5477
S4.4479.00,-4.4400,-79.0000,79.5477
S4.4478.92,-4.4400,-78.9200,79.5477
S4.4478.84,-4.4400,-78.8400,79.5477
S4.4478.76,-4.4400,-78.7600,79.5477
S4.4478.68,-4.4400,-78.6800,96.7547
S4.3680.44,-4.3600,-80.4400,37.7448
S4.3680.36,-4.3600,-80.3600,79.5392
S4.3680.28,-4.3600,-80.2800,101.2203
S4.3679.96,-4.3600,-79.9600,77.0721
S4.3679.88,-4.3600,-79.8800,84.6396
S4.3679.80,-4.3600,-79.8000,79.5392
S4.3679.72,-4.3600,-79.7200,79.5392
S4.3679.64,-4.3600,-79.6400,99.2521
S4.3679.56,-4.3600,-79.5600,79.5392
S4.3679.48,-4.3600,-79.4800,79.5392
S4.3679.40,-4.3600,-79.4000,79.5392
S4.3679.32,-4.3600,-79.3200,79.5392
S4.3679.24,-4.3600,-79.2400,79.5392
S4.3679.16,-4.3600,-79.1600,79.5392
S4.3679.08,-4.3600,-79.0800,79.5392
S4.3679.00,-4.3600,-79.0000,79.5392
S4.3678.92,-4.3600,-78.9200,79.5392
S4.3678.84,-4.3600,-78.8400,79.5392
S4.3678.76,-4.3600,-78.7600,79.5392
S4.3678.68,-4.3600,-78.6800,75.5425
S4.2880.36,-4.2800,-80.3600,57.1640
S4.2880.28,-4.2800,-80.2800,79.5308
S4.2880.20,-4.2800,-80.2000,85.0694
S4.2880.12,-4.2800,-80.1200,55.2087
S4.2880.04,-4.2800,-80.0400,87.4804
S4.2879.96,-4.2800,-79.9600,79.5308
S4.2879.88,-4.2800,-79.8800,79.5308
S4.2879.80,-4.2800,-79.8000,79.5308
S4.2879.72,-4.2800,-79.7200,79.5308
S4.2879.64,-4.2800,-79.6400,79.5308
S4.2879.56,-4.2800,-79.5600,79.5308
S4.2879.48,-4.2800,-79.4800,79.5308
S4.2879.40,-4.2800,-79.4000,79.5308
S4.2879.32,-4.2800,-79.3200,79.5308
S4.2879.24,-4.2800,-79.2400,79.5308
S4.2879.16,-4.2800,-79.1600,79.5308
S4.2879.08,-4.2800,-79.0800,79.5308
S4.2879.00,-4.2800,-79.0000,79.5308
S4.2878.92,-4.2800,-78.9200,79.5308
S4.2878.84,-4.2800,-78.8400,79.5308
S4.2878.76,-4.2800,-78.7600,79.5308
S4.2878.68,-4.2800,-78.6800,101.9436
S4.2080.44,-4.2000,-80.4400,39.4148
S4.2080.28,-4.2000,-80.2800,94.8568
S4.2080.20,-4.2000,-80.2000,79.5226
S4.2080.12,-4.2000,-80.1200,79.5226
S4.2080.04,-4.2000,-80.0400,79.5226
S4.2079.96,-4.2000,-79.9600,79.5226
S4.2079.88,-4.2000,-79.8800,79.5226
S4.2079.80,-4.2000,-79.8000,79.5226
S4.2079.72,-4.2000,-79.7200,79.5226
S4.2079.64,-4.2000,-79.6400,79.5226
S4.2079.56,-4.2000,-79.5600,79.5226
S4.2079.48,-4.2000,-79.4800,79.5226
S4.2079.40,-4.2000,-79.4000,79.5226
S4.2079.32,-4.2000,-79.3200,79.5226
S4.2079.24,-4.2000,-79.2400,79.5226
S4.2079.16,-4.2000,-79.1600,79.5226
S4.2079.08,-4.2000,-79.0800,79.5226
S4.2079.00,-4.2000,-79.0000,79.5226
S4.2078.92,-4.2000,-78.9200,79.5226
S4.2078.84,-4.2000,-78.8400,79.5226
S4.2078.76,-4.2000,-78.7600,79.5226
S4.2078.68,-4.2000,-78.6800,107.2916
S4.1280.44,-4.1200,-80.4400,62.7516
S4.1280.36,-4.1200,-80.3600,99.3946
S4.1280.28,-4.1200,-80.2800,79.5145
S4.1280.20,-4.1200,-80.2000,79.5145
S4.1280.12,-4.1200,-80.1200,79.5145
S4.1280.04,-4.1200,-80.0400,79.5145
S4.1279.96,-4.1200,-79.9600,79.5145
S4.1279.88,-4.1200,-79.8800,79.5145
S4.1279.80,-4.1200,-79.8000,79.5145
S4.1279.72,-4.1200,-79.7200,79.5145
S4.1279.64,-4.1200,-79.6400,79.5145
S4.1279.56,-4.1200,-79.5600,79.5145
S4.1279.48,-4.1200,-79.4800,79.5145
S4.1279.40,-4.1200,-79.4000,79.5145
S4.1279.32,-4.1200,-79.3200,79.5145
S4.1279.24,-4.1200,-79.2400,79.5145
S4.1279.16,-4.1200,-79.1600,79.5145
S4.1279.08,-4.1200,-79.0800,79.5145
S4.1279.00,-4.1200,-79.0000,79.5145
S4.1278.92,-4.1200,-78.9200,79.5145
S4.1278.84,-4.1200,-78.8400,79.5145
S4.1278.76,-4.1200,-78.7600,79.5145
S4.1278.68,-4.1200,-78.6800,79.5145
S4.1278.60,-4.1200,-78.6000,91.4176
S4.0480.44,-4.0400,-80.4400,68.1411
S4.0480.36,-4.0400,-80.3600,87.6997
S4.0480.28,-4.0400,-80.2800,74.0454
S4.0480.20,-4.0400,-80.2000,79.5066
S4.0480.12,-4.0400,-80.1200,79.5066
S4.0480.04,-4.0400,-80.0400,79.5066
S4.0479.96,-4.0400,-79.9600,79.5066
S4.0479.88,-4.0400,-79.8800,79.5066
S4.0479.80,-4.0400,-79.8000,79.5066
S4.0479.72,-4.0400,-79.7200,79.5066
S4.0479.64,-4.0400,-79.6400,79.5066
S4.0479.56,-4.0400,-79.5600,79.5066
S4.0479.48,-4.0400,-79.4800,79.5066
S4.0479.40,-4.0400,-79.4000,79.5066
S4.0479.32,-4.0400,-79.3200,79.5066
S4.0479.24,-4.0400,-79.2400,79.5066
S4.0479.16,-4.0400,-79.1600,79.5066
S4.0479.08,-4.0400,-79.0800,79.5066
S4.0479.00,-4.0400,-79.0000,79.5066
S4.0478.92,-4.0400,-78.9200,79.5066
S4.0478.84,-4.0400,-78.8400,79.5066
S4.0478.76,-4.0400,-78.7600,79.5066
S4.0478.68,-4.0400,-78.6800,79.5066
S4.0478.60,-4.0400,-78.6000,81.2173
S3.9680.20,-3.9600,-80.2000,62.2622
S3.9680.12,-3.9600,-80.1200,79.4988
S3.9680.04,-3.9600,-80.0400,79.4988
S3.9679.96,-3.9600,-79.9600,79.4988
S3.9679.88,-3.9600,-79.8800,79.4988
S3.9679.80,-3.9600,-79.8000,79.4988
S3.9679.72,-3.9600,-79.7200,79.4988
S3.9679.64,-3.9600,-79.6400,79.4988
S3.9679.56,-3.9600,-79.5600,79.4988
S3.9679.48,-3.9600,-79.4800,79.4988
S3.9679.40,-3.9600,-79.4000,79.4988
S3.9679.32,-3.9600,-79.3200,79.4988
S3.9679.24,-3.9600,-79.2400,79.4988
S3.9679.16,-3.9600,-79.1600,79.4988
S3.9679.08,-3.9600,-79.0800,79.4988
S3.9679.00,-3.9600,-79.0000,79.4988
S3.9678.92,-3.9600,-78.9200,79.4988
S3.9678.84,-3.9600,-78.8400,79.4988
S3.9678.76,-3.9600,-78.7600,79.4988
S3.9678.68,-3.9600,-78.6800,79.4988
S3.9678.60,-3.9600,-78.6000,92.0459
S3.8880.12,-3.8800,-80.1200,67.2198
S3.8880.04,-3.8800,-80.0400,79.4912
S3.8879.96,-3.8800,-79.9600,79.4912
S3.8879.88,-3.8800,-79.8800,79.4912
S3.8879.80,-3.8800,-79.8000,79.4912
S3.8879.72,-3.8800,-79.7200,79.4912
S3.8879.64,-3.8800,-79.6400,79.4912
S3.8879.56,-3.8800,-79.5600,79.4912
S3.8879.48,-3.8800,-79.4800,79.4912
S3.8879.40,-3.8800,-79.4000,79.4912
S3.8879.32,-3.8800,-79.3200,79.4912
S3.8879.24,-3.8800,-79.2400,79.4912
S3.8879.16,-3.8800,-79.1600,79.4912
S3.8879.08,-3.8800,-79.0800,79.4912
S3.8879.00,-3.8800,-79.0000,79.4912
S3.8878.92,-3.8800,-78.9200,79.4912
S3.8878.84,-3.8800,-78.8400,79.4912
S3.8878.76,-3.8800,-78.7600,79.4912
S3.8878.68,-3.8800,-78.6800,79.4912
S3.8878.60,-3.8800,-78.6000,79.4912
S3.8878.52,-3.8800,-78.5200,108.6309
S3.8080.12,-3.8000,-80.1200,86.4079
S3.8080.04,-3.8000,-80.0400,79.4837
S3.8079.96,-3.8000,-79.9600,79.4837
S3.8079.88,-3.8000,-79.8800,79.4837
S3.8079.80,-3.8000,-79.8000,79.4837
S3.8079.72,-3.8000,-79.7200,79.4837
S3.8079.64,-3.8000,-79.6400,79.4837
S3.8079.56,-3.8000,-79.5600,79.4837
S3.8079.48,-3.8000,-79.4800,79.4837
S3.8079.40,-3.8000,-79.4000,79.4837
S3.8079.32,-3.8000,-79.3200,79.4837
S3.8079.24,-3.8000,-79.2400,79.4837
S3.8079.16,-3.8000,-79.1600,79.4837
S3.8079.08,-3.8000,-79.0800,79.4837
S3.8079.00,-3.8000,-79.0000,79.4837
S3.8078.92,-3.8000,-78.9200,79.4837
S3.8078.84,-3.8000,-78.8400,79.4837
S3.8078.76,-3.8000,-78.7600,79.4837
S3.8078.68,-3.8000,-78.6800,79.4837
S3.8078.60,-3.8000,-78.6000,79.4837
S3.8078.52,-3.8000,-78.5200,79.4837
S3.8078.44,-3.8000,-78.4400,53.6848
S3.7280.20,-3.7200,-80.2000,34.7321
S3.7280.12,-3.7200,-80.1200,79.4764
S3.7280.04,-3.7200,-80.0400,79.4764
S3.7279.96,-3.7200,-79.9600,79.4764
S3.7279.88,-3.7200,-79.8800,79.4764
S3.7279.80,-3.7200,-79.8000,79.4764
S3.7279.72,-3.7200,-79.7200,79.4764
S3.7279.64,-3.7200,-79.6400,79.4764
S3.7279.56,-3.7200,-79.5600,79.4764
S3.7279.48,-3.7200,-79.4800,79.4764
S3.7279.40,-3.7200,-79.4000,79.4764
S3.7279.32,-3.7200,-79.3200,79.4764
S3.7279.24,-3.7200,-79.2400,79.4764
S3.7279.16,-3.7200,-79.1600,79.4764
S3.7279.08,-3.7200,-79.0800,79.4764
S3.7279.00,-3.7200,-79.0000,79.4764
S3.7278.92,-3.7200,-78.9200,79.4764
S3.7278.84,-3.7200,-78.8400,79.4764
S3.7278.76,-3.7200,-78.7600,79.4764
S3.7278.68,-3.7200,-78.6800,79.4764
S3.7278.60,-3.7200,-78.6000,79.4764
S3.7278.52,-3.7200,-78.5200,79.4764
S3.7278.44,-3.7200,-78.4400,64.2175
S3.6480.20,-3.6400,-80.2000,29.9598
S3.6480.12,-3.6400,-80.1200,79.4693
S3.6480.04,-3.6400,-80.0400,79.4693
S3.6479.96,-3.6400,-79.9600,79.4693
S3.6479.88,-3.6400,-79.8800,79.4693
S3.6479.80,-3.6400,-79.8000,79.4693
S3.6479.72,-3.6400,-79.7200,79.4693
S3.6479.64,-3.6400,-79.6400,79.4693
S3.6479.56,-3.6400,-79.5600,79.4693
S3.6479.48,-3.6400,-79.4800,79.4693
S3.6479.40,-3.6400,-79.4000,79.4693
S3.6479.32,-3.6400,-79.3200,79.4693
S3.6479.24,-3.6400,-79.2400,79.4693
S3.6479.16,-3.6400,-79.1600,79.4693
S3.6479.08,-3.6400,-79.0800,79.4595
S3.6479.00,-3.6400,-79.0000,79.4693
S3.6478.92,-3.6400,-78.9200,79.4693
S3.6478.84,-3.6400,-78.8400,79.4693
S3.6478.76,-3.6400,-78.7600,79.4693
S3.6478.68,-3.6400,-78.6800,79.4693
S3.6478.60,-3.6400,-78.6000,79.4693
S3.6478.52,-3.6400,-78.5200,79.4693
S3.6478.44,-3.6400,-78.4400,84.1232
S3.5680.20,-3.5600,-80.2000,50.1211
S3.5680.12,-3.5600,-80.1200,79.4623
S3.5680.04,-3.5600,-80.0400,79.4623
S3.5679.96,-3.5600,-79.9600,79.4623
S3.5679.88,-3.5600,-79.8800,79.4623
S3.5679.80,-3.5600,-79.8000,79.4623
S3.5679.72,-3.5600,-79.7200,79.4623
S3.5679.64,-3.5600,-79.6400,79.4623
S3.5679.56,-3.5600,-79.5600,79.4623
S3.5679.48,-3.5600,-79.4800,79.4623
S3.5679.40,-3.5600,-79.4000,79.4623
S3.5679.32,-3.5600,-79.3200,79.4623
S3.5679.24,-3.5600,-79.2400,79.4623
S3.5679.16,-3.5600,-79.1600,79.4623
S3.5679.08,-3.5600,-79.0800,79.4623
S3.5679.00,-3.5600,-79.0000,79.4623
S3.5678.92,-3.5600,-78.9200,79.4623
S3.5678.84,-3.5600,-78.8400,79.4623
S3.5678.76,-3.5600,-78.7600,79.4623
S3.5678.68,-3.5600,-78.6800,79.4623
S3.5678.60,-3.5600,-78.6000,79.4623
S3.5678.52,-3.5600,-78.5200,79.4623
S3.5678.44,-3.5600,-78.4400,90.3419
S3.4880.20,-3.4800,-80.2000,69.0674
S3.4880.12,-3.4800,-80.1200,79.4555
S3.4880.04,-3.4800,-80.0400,79.4555
S3.4879.96,-3.4800,-79.9600,79.4555
S3.4879.88,-3.4800,-79.8800,79.4555
S3.4879.80,-3.4800,-79.8000,79.4555
S3.4879.72,-3.4800,-79.7200,79.4555
S3.4879.64,-3.4800,-79.6400,79.4555
S3.4879.56,-3.4800,-79.5600,79.4555
S3.4879.48,-3.4800,-79.4800,79.4555
S3.4879.40,-3.4800,-79.4000,79.4555
S3.4879.32,-3.4800,-79.3200,79.4555
S3.4879.24,-3.4800,-79.2400,79.4555
S3.4879.16,-3.4800,-79.1600,79.4555
S3.4879.08,-3.4800,-79.0800,79.4555
S3.4879.00,-3.4800,-79.0000,79.4555
S3.4878.92,-3.4800,-78.9200,79.4555
S3.4878.84,-3.4800,-78.8400,79.4555
S3.4878.76,-3.4800,-78.7600,79.4555
S3.4878.68,-3.4800,-78.6800,79.4555
S3.4878.60,-3.4800,-78.6000,79.4555
S3.4878.52,-3.4800,-78.5200,79.4555
S3.4878.44,-3.4800,-78.4400,79.4555
S3.4878.36,-3.4800,-78.3600,49.6383
S3.4878.20,-3.4800,-78.2000,59.8611
S3.4080.28,-3.4000,-80.2800,31.2525
S3.4080.20,-3.4000,-80.2000,63.9275
S3.4080.12,-3.4000,-80.1200,63.5909
S3.4080.04,-3.4000,-80.0400,73.3113
S3.4079.96,-3.4000,-79.9600,79.1590
S3.4079.88,-3.4000,-79.8800,79.4488
S3.4079.80,-3.4000,-79.8000,79.4488
S3.4079.72,-3.4000,-79.7200,79.4488
S3.4079.64,-3.4000,-79.6400,79.4488
S3.4079.56,-3.4000,-79.5600,79.4488
S3.4079.48,-3.4000,-79.4800,79.4488
S3.4079.40,-3.4000,-79.4000,79.4488
S3.4079.32,-3.4000,-79.3200,79.4488
S3.4079.24,-3.4000,-79.2400,79.4488
S3.4079.16,-3.4000,-79.1600,79.4488
S3.4079.08,-3.4000,-79.0800,79.4488
S3.4079.00,-3.4000,-79.0000,79.4488
S3.4078.92,-3.4000,-78.9200,79.4488
S3.4078.84,-3.4000,-78.8400,79.4488
S3.4078.76,-3.4000,-78.7600,79.4488
S3.4078.68,-3.4000,-78.6800,79.4488
S3.4078.60,-3.4000,-78.6000,79.4488
S3.4078.52,-3.4000,-78.5200,79.4488
S3.4078.44,-3.4000,-78.4400,79.4488
S3.4078.36,-3.4000,-78.3600,60.3507
S3.4078.28,-3.4000,-78.2800,40.8688
S3.4078.20,-3.4000,-78.2000,63.1090
S3.3280.12,-3.3200,-80.1200,31.1945
S3.3280.04,-3.3200,-80.0400,64.7640
S3.3279.96,-3.3200,-79.9600,78.6578
S3.3279.88,-3.3200,-79.8800,79.4423
S3.3279.80,-3.3200,-79.8000,79.4423
S3.3279.72,-3.3200,-79.7200,79.4423
S3.3279.64,-3.3200,-79.6400,79.4423
S3.3279.56,-3.3200,-79.5600,79.4423
S3.3279.48,-3.3200,-79.4800,79.4423
S3.3279.40,-3.3200,-79.4000,79.4423
S3.3279.32,-3.3200,-79.3200,79.4423
S3.3279.24,-3.3200,-79.2400,79.4423
S3.3279.16,-3.3200,-79.1600,79.4423
S3.3279.08,-3.3200,-79.0800,79.4423
S3.3279.00,-3.3200,-79.0000,79.4252
S3.3278.92,-3.3200,-78.9200,79.4423
S3.3278.84,-3.3200,-78.8400,79.4423
S3.3278.76,-3.3200,-78.7600,79.4423
S3.3278.68,-3.3200,-78.6800,79.4423
S3.3278.60,-3.3200,-78.6000,79.4423
S3.3278.52,-3.3200,-78.5200,79.4423
S3.3278.44,-3.3200,-78.4400,79.4423
S3.3278.36,-3.3200,-78.3600,79.4423
S3.3278.28,-3.3200,-78.2800,79.4423
S3.3278.20,-3.3200,-78.2000,87.4959
S3.2480.04,-3.2400,-80.0400,26.4068
S3.2479.96,-3.2400,-79.9600,77.5948
S3.2479.88,-3.2400,-79.8800,79.4360
S3.2479.80,-3.2400,-79.8000,79.4360
S3.2479.72,-3.2400,-79.7200,79.4360
S3.2479.64,-3.2400,-79.6400,79.4360
S3.2479.56,-3.2400,-79.5600,79.4360
S3.2479.48,-3.2400,-79.4800,79.4360
S3.2479.40,-3.2400,-79.4000,79.4360
S3.2479.32,-3.2400,-79.3200,79.4360
S3.2479.24,-3.2400,-79.2400,79.4360
S3.2479.16,-3.2400,-79.1600,79.4360
S3.2479.08,-3.2400,-79.0800,79.4360
S3.2479.00,-3.2400,-79.0000,79.4360
S3.2478.92,-3.2400,-78.9200,79.4360
S3.2478.84,-3.2400,-78.8400,79.4360
S3.2478.76,-3.2400,-78.7600,79.4360
S3.2478.68,-3.2400,-78.6800,79.4360
S3.2478.60,-3.2400,-78.6000,79.4360
S3.2478.52,-3.2400,-78.5200,79.4360
S3.2478.44,-3.2400,-78.4400,79.4360
S3.2478.36,-3.2400,-78.3600,79.4360
S3.2478.28,-3.2400,-78.2800,79.4360
S3.2478.20,-3.2400,-78.2000,79.4360
S3.2478.12,-3.2400,-78.1200,78.8743
S3.1679.88,-3.1600,-79.8800,74.2860
S3.1679.80,-3.1600,-79.8000,79.4298
S3.1679.72,-3.1600,-79.7200,79.4298
S3.1679.64,-3.1600,-79.6400,79.4298
S3.1679.56,-3.1600,-79.5600,79.4298
S3.1679.48,-3.1600,-79.4800,79.4298
S3.1679.40,-3.1600,-79.4000,79.4298
S3.1679.32,-3.1600,-79.3200,79.4298
S3.1679.24,-3.1600,-79.2400,79.4298
S3.1679.16,-3.1600,-79.1600,79.4298
S3.1679.08,-3.1600,-79.0800,79.4298
S3.1679.00,-3.1600,-79.0000,79.4298
S3.1678.92,-3.1600,-78.9200,79.4298
S3.1678.84,-3.1600,-78.8400,79.4298
S3.1678.76,-3.1600,-78.7600,79.4298
S3.1678.68,-3.1600,-78.6800,79.4298
S3.1678.60,-3.1600,-78.6000,79.4298
S3.1678.52,-3.1600,-78.5200,79.4298
S3.1678.44,-3.1600,-78.4400,79.4298
S3.1678.36,-3.1600,-78.3600,79.4298
S3.1678.28,-3.1600,-78.2800,79.4298
S3.1678.20,-3.1600,-78.2000,79.4298
S3.1678.12,-3.1600,-78.1200,79.4298
S3.1678.04,-3.1600,-78.0400,75.7909
S3.0880.20,-3.0800,-80.2000,0.0209
S3.0879.88,-3.0800,-79.8800,48.6163
S3.0879.80,-3.0800,-79.8000,79.4237
S3.0879.72,-3.0800,-79.7200,79.4237
S3.0879.64,-3.0800,-79.6400,79.4237
S3.0879.56,-3.0800,-79.5600,79.4237
S3.0879.48,-3.0800,-79.4800,79.4237
S3.0879.40,-3.0800,-79.4000,79.4237
S3.0879.32,-3.0800,-79.3200,79.4237
S3.0879.24,-3.0800,-79.2400,79.4237
S3.0879.16,-3.0800,-79.1600,79.4237
S3.0879.08,-3.0800,-79.0800,79.4237
S3.0879.00,-3.0800,-79.0000,79.4237
S3.0878.92,-3.0800,-78.9200,79.4237
S3.0878.84,-3.0800,-78.8400,79.4237
S3.0878.76,-3.0800,-78.7600,79.4237
S3.0878.68,-3.0800,-78.6800,79.4237
S3.0878.60,-3.0800,-78.6000,79.4237
S3.0878.52,-3.0800,-78.5200,79.4237
S3.0878.44,-3.0800,-78.4400,79.4237
S3.0878.36,-3.0800,-78.3600,79.4237
S3.0878.28,-3.0800,-78.2800,79.4237
S3.0878.20,-3.0800,-78.2000,79.4237
S3.0878.12,-3.0800,-78.1200,79.4237
S3.0878.04,-3.0800,-78.0400,79.4237
S3.0877.96,-3.0800,-77.9600,61.2650
S3.0080.20,-3.0000,-80.2000,132.7631
S3.0079.80,-3.0000,-79.8000,88.7713
S3.0079.72,-3.0000,-79.7200,79.4178
S3.0079.64,-3.0000,-79.6400,79.4178
S3.0079.56,-3.0000,-79.5600,79.4178
S3.0079.48,-3.0000,-79.4800,79.4178
S3.0079.40,-3.0000,-79.4000,79.4178
S3.0079.32,-3.0000,-79.3200,79.4178
S3.0079.24,-3.0000,-79.2400,79.4178
S3.0079.16,-3.0000,-79.1600,79.4178
S3.0079.08,-3.0000,-79.0800,79.4178
S3.0079.00,-3.0000,-79.0000,79.4178
S3.0078.92,-3.0000,-78.9200,79.4178
S3.0078.84,-3.0000,-78.8400,79.4178
S3.0078.76,-3.0000,-78.7600,79.4178
S3.0078.68,-3.0000,-78.6800,79.4178
S3.0078.60,-3.0000,-78.6000,79.4178
S3.0078.52,-3.0000,-78.5200,79.4178
S3.0078.44,-3.0000,-78.4400,79.4178
S3.0078.36,-3.0000,-78.3600,79.4178
S3.0078.28,-3.0000,-78.2800,79.4178
S3.0078.20,-3.0000,-78.2000,79.4178
S3.0078.12,-3.0000,-78.1200,79.4178
S3.0078.04,-3.0000,-78.0400,79.4178
S3.0077.96,-3.0000,-77.9600,79.4178
S3.0077.88,-3.0000,-77.8800,73.7708
S2.9280.20,-2.9200,-80.2000,169.7717
S2.9279.80,-2.9200,-79.8000,92.3445
S2.9279.72,-2.9200,-79.7200,79.4121
S2.9279.64,-2.9200,-79.6400,79.4121
S2.9279.56,-2.9200,-79.5600,79.4121
S2.9279.48,-2.9200,-79.4800,79.4121
S2.9279.40,-2.9200,-79.4000,79.4121
S2.9279.32,-2.9200,-79.3200,79.4121
S2.9279.24,-2.9200,-79.2400,79.4121
S2.9279.16,-2.9200,-79.1600,79.4121
S2.9279.08,-2.9200,-79.0800,79.4121
S2.9279.00,-2.9200,-79.0000,79.4121
S2.9278.92,-2.9200,-78.9200,79.4121
S2.9278.84,-2.9200,-78.8400,79.4121
S2.9278.76,-2.9200,-78.7600,79.4121
S2.9278.68,-2.9200,-78.6800,79.4121
S2.9278.60,-2.9200,-78.6000,79.4121
S2.9278.52,-2.9200,-78.5200,79.4121
S2.9278.44,-2.9200,-78.4400,79.4121
S2.9278.36,-2.9200,-78.3600,79.4121
S2.9278.28,-2.9200,-78.2800,79.4121
S2.9278.20,-2.9200,-78.2000,79.4121
S2.9278.12,-2.9200,-78.1200,79.4121
S2.9278.04,-2.9200,-78.0400,79.4121
S2.9277.96,-2.9200,-77.9600,79.4121
S2.9277.88,-2.9200,-77.8800,79.4121
S2.9277.80,-2.9200,-77.8000,96.5264
S2.9277.72,-2.9200,-77.7200,95.0277
S2.8480.20,-2.8400,-80.2000,124.3014
S2.8479.80,-2.8400,-79.8000,63.0184
S2.8479.72,-2.8400,-79.7200,79.4065
S2.8479.64,-2.8400,-79.6400,79.4065
S2.8479.56,-2.8400,-79.5600,79.4065
S2.8479.48,-2.8400,-79.4800,79.4065
S2.8479.40,-2.8400,-79.4000,79.4065
S2.8479.32,-2.8400,-79.3200,79.4065
S2.8479.24,-2.8400,-79.2400,79.4065
S2.8479.16,-2.8400,-79.1600,79.4065
S2.8479.08,-2.8400,-79.0800,79.4065
S2.8479.00,-2.8400,-79.0000,79.4065
S2.8478.92,-2.8400,-78.9200,79.4065
S2.8478.84,-2.8400,-78.8400,79.4065
S2.8478.76,-2.8400,-78.7600,79.4065
S2.8478.68,-2.8400,-78.6800,79.4065
S2.8478.60,-2.8400,-78.6000,79.4065
S2.8478.52,-2.8400,-78.5200,79.4065
S2.8478.44,-2.8400,-78.4400,79.4065
S2.8478.36,-2.8400,-78.3600,79.4065
S2.8478.28,-2.8400,-78.2800,79.4065
S2.8478.20,-2.8400,-78.2000,79.4065
S2.8478.12,-2.8400,-78.1200,79.4065
S2.8478.04,-2.8400,-78.0400,79.4065
S2.8477.96,-2.8400,-77.9600,79.4065
S2.8477.88,-2.8400,-77.8800,79.4065
S2.8477.80,-2.8400,-77.8000,79.4065
S2.8477.72,-2.8400,-77.7200,79.4065
S2.8477.64,-2.8400,-77.6400,110.3743
S2.8477.56,-2.8400,-77.5600,102.2355
S2.8477.48,-2.8400,-77.4800,93.9346
S2.7680.20,-2.7600,-80.2000,60.6325
S2.7680.12,-2.7600,-80.1200,130.4875
S2.7680.04,-2.7600,-80.0400,148.1063
S2.7679.96,-2.7600,-79.9600,91.0982
S2.7679.80,-2.7600,-79.8000,50.8863
S2.7679.72,-2.7600,-79.7200,79.4011
S2.7679.64,-2.7600,-79.6400,79.4011
S2.7679.56,-2.7600,-79.5600,79.4011
S2.7679.48,-2.7600,-79.4800,79.4011
S2.7679.40,-2.7600,-79.4000,79.4011
S2.7679.32,-2.7600,-79.3200,79.4011
S2.7679.24,-2.7600,-79.2400,79.4011
S2.7679.16,-2.7600,-79.1600,79.4011
S2.7679.08,-2.7600,-79.0800,79.4011
S2.7679.00,-2.7600,-79.0000,79.4011
S2.7678.92,-2.7600,-78.9200,79.4011
S2.7678.84,-2.7600,-78.8400,79.4011
S2.7678.76,-2.7600,-78.7600,79.4011
S2.7678.68,-2.7600,-78.6800,79.4011
S2.7678.60,-2.7600,-78.6000,79.4011
S2.7678.52,-2.7600,-78.5200,79.4011
S2.7678.44,-2.7600,-78.4400,79.4011
S2.7678.36,-2.7600,-78.3600,79.4011
S2.7678.28,-2.7600,-78.2800,79.4011
S2.7678.20,-2.7600,-78.2000,79.4011
S2.7678.12,-2.7600,-78.1200,79.4011
S2.7678.04,-2.7600,-78.0400,79.4011
S2.7677.96,-2.7600,-77.9600,79.4011
S2.7677.88,-2.7600,-77.8800,79.4011
S2.7677.80,-2.7600,-77.8000,79.4011
S2.7677.72,-2.7600,-77.7200,79.4011
S2.7677.64,-2.7600,-77.6400,79.4011
S2.7677.56,-2.7600,-77.5600,79.4011
S2.7677.48,-2.7600,-77.4800,79.4011
S2.7677.40,-2.7600,-77.4000,109.9647
S2.7677.32,-2.7600,-77.3200,101.5869
S2.7677.24,-2.7600,-77.2400,92.6137
S2.6880.36,-2.6800,-80.3600,33.9753
S2.6880.28,-2.6800,-80.2800,77.9378
S2.6880.04,-2.6800,-80.0400,93.6963
S2.6879.72,-2.6800,-79.7200,89.2877
S2.6879.64,-2.6800,-79.6400,79.3958
S2.6879.56,-2.6800,-79.5600,79.3958
S2.6879.48,-2.6800,-79.4800,79.3958
S2.6879.40,-2.6800,-79.4000,79.3958
S2.6879.32,-2.6800,-79.3200,79.3958
S2.6879.24,-2.6800,-79.2400,79.3958
S2.6879.16,-2.6800,-79.1600,79.3958
S2.6879.08,-2.6800,-79.0800,79.3958
S2.6879.00,-2.6800,-79.0000,79.3958
S2.6878.92,-2.6800,-78.9200,79.3958
S2.6878.84,-2.6800,-78.8400,79.3958
S2.6878.76,-2.6800,-78.7600,79.3958
S2.6878.68,-2.6800,-78.6800,79.3958
S2.6878.60,-2.6800,-78.6000,79.3958
S2.6878.52,-2.6800,-78.5200,79.3681
S2.6878.44,-2.6800,-78.4400,79.3563
S2.6878.36,-2.6800,-78.3600,79.3958
S2.6878.28,-2.6800,-78.2800,79.3958
S2.6878.20,-2.6800,-78.2000,79.3958
S2.6878.12,-2.6800,-78.1200,79.3958
S2.6878.04,-2.6800,-78.0400,79.3958
S2.6877.96,-2.6800,-77.9600,79.3958
S2.6877.88,-2.6800,-77.8800,79.3958
S2.6877.80,-2.6800,-77.8000,79.3958
S2.6877.72,-2.6800,-77.7200,79.3958
S2.6877.64,-2.6800,-77.6400,79.3958
S2.6877.56,-2.6800,-77.5600,79.3958
S2.6877.48,-2.6800,-77.4800,79.3958
S2.6877.40,-2.6800,-77.4000,79.3958
S2.6877.32,-2.6800,-77.3200,79.3958
S2.6877.24,-2.6800,-77.2400,79.3958
S2.6877.16,-2.6800,-77.1600,109.5715
S2.6877.08,-2.6800,-77.0800,100.4636
S2.6877.00,-2.6800,-77.0000,91.1942
S2.6080.44,-2.6000,-80.4400,71.6002
S2.6080.36,-2.6000,-80.3600,79.0422
S2.6080.28,-2.6000,-80.2800,79.3907
S2.6080.20,-2.6000,-80.2000,50.9378
S2.6079.72,-2.6000,-79.7200,115.4254
S2.6079.64,-2.6000,-79.6400,79.3907
S2.6079.56,-2.6000,-79.5600,79.3907
S2.6079.48,-2.6000,-79.4800,79.3907
S2.6079.40,-2.6000,-79.4000,79.3907
S2.6079.32,-2.6000,-79.3200,79.3907
S2.6079.24,-2.6000,-79.2400,79.3907
S2.6079.16,-2.6000,-79.1600,79.3907
S2.6079.08,-2.6000,-79.0800,79.3907
S2.6079.00,-2.6000,-79.0000,79.3907
S2.6078.92,-2.6000,-78.9200,79.3907
S2.6078.84,-2.6000,-78.8400,79.3907
S2.6078.76,-2.6000,-78.7600,79.3907
S2.6078.68,-2.6000,-78.6800,79.3907
S2.6078.60,-2.6000,-78.6000,79.3907
S2.6078.52,-2.6000,-78.5200,79.3721
S2.6078.44,-2.6000,-78.4400,79.3877
S2.6078.36,-2.6000,-78.3600,79.3907
S2.6078.28,-2.6000,-78.2800,79.3907
S2.6078.20,-2.6000,-78.2000,79.3907
S2.6078.12,-2.6000,-78.1200,79.3907
S2.6078.04,-2.6000,-78.0400,79.3907
S2.6077.96,-2.6000,-77.9600,79.3907
S2.6077.88,-2.6000,-77.8800,79.3907
S2.6077.80,-2.6000,-77.8000,79.3907
S2.6077.72,-2.6000,-77.7200,79.3907
S2.6077.64,-2.6000,-77.6400,79.3907
S2.6077.56,-2.6000,-77.5600,79.3907
S2.6077.48,-2.6000,-77.4800,79.3907
S2.6077.40,-2.6000,-77.4000,79.3907
S2.6077.32,-2.6000,-77.3200,79.3907
S2.6077.24,-2.6000,-77.2400,79.3907
S2.6077.16,-2.6000,-77.1600,79.3907
S2.6077.08,-2.6000,-77.0800,79.3907
S2.6077.00,-2.6000,-77.0000,79.3907
S2.6076.92,-2.6000,-76.9200,109.2923
S2.6076.84,-2.6000,-76.8400,99.8525
S2.6076.76,-2.6000,-76.7600,90.7784
S2.5280.52,-2.5200,-80.5200,69.5261
S2.5280.44,-2.5200,-80.4400,79.3858
S2.5280.36,-2.5200,-80.3600,79.3858
S2.5280.28,-2.5200,-80.2800,79.3858
S2.5280.20,-2.5200,-80.2000,76.5370
S2.5280.12,-2.5200,-80.1200,62.9457
S2.5279.96,-2.5200,-79.9600,196.0656
S2.5279.72,-2.5200,-79.7200,91.2339
S2.5279.64,-2.5200,-79.6400,79.3157
S2.5279.56,-2.5200,-79.5600,79.3858
S2.5279.48,-2.5200,-79.4800,79.3858
S2.5279.40,-2.5200,-79.4000,79.3858
S2.5279.32,-2.5200,-79.3200,79.3858
S2.5279.24,-2.5200,-79.2400,79.3858
S2.5279.16,-2.5200,-79.1600,79.3858
S2.5279.08,-2.5200,-79.0800,79.3858
S2.5279.00,-2.5200,-79.0000,79.3858
S2.5278.92,-2.5200,-78.9200,79.3858
S2.5278.84,-2.5200,-78.8400,79.3858
S2.5278.76,-2.5200,-78.7600,79.3858
S2.5278.68,-2.5200,-78.6800,79.3858
S2.5278.60,-2.5200,-78.6000,79.3858
S2.5278.52,-2.5200,-78.5200,79.3748
S2.5278.44,-2.5200,-78.4400,79.3858
S2.5278.36,-2.5200,-78.3600,79.3858
S2.5278.28,-2.5200,-78.2800,79.3858
S2.5278.20,-2.5200,-78.2000,79.3858
S2.5278.12,-2.5200,-78.1200,79.3858
S2.5278.04,-2.5200,-78.0400,79.3858
S2.5277.96,-2.5200,-77.9600,79.3858
S2.5277.88,-2.5200,-77.8800,79.3858
S2.5277.80,-2.5200,-77.8000,79.3858
S2.5277.72,-2.5200,-77.7200,79.3858
S2.5277.64,-2.5200,-77.6400,79.3858
S2.5277.56,-2.5200,-77.5600,79.3858
S2.5277.48,-2.5200,-77.4800,79.3858
S2.5277.40,-2.5200,-77.4000,79.3858
S2.5277.32,-2.5200,-77.3200,79.3858
S2.5277.24,-2.5200,-77.2400,79.3858
S2.5277.16,-2.5200,-77.1600,79.3858
S2.5277.08,-2.5200,-77.0800,79.3858
S2.5277.00,-2.5200,-77.0000,79.3858
S2.5276.92,-2.5200,-76.9200,79.3858
S2.5276.84,-2.5200,-76.8400,79.3858
S2.5276.76,-2.5200,-76.7600,79.3858
S2.5276.68,-2.5200,-76.6800,108.9614
S2.5276.60,-2.5200,-76.6000,92.9591
S2.4480.60,-2.4400,-80.6000,73.7038
S2.4480.52,-2.4400,-80.5200,79.3810
S2.4480.44,-2.4400,-80.4400,79.3810
S2.4480.36,-2.4400,-80.3600,79.3810
S2.4480.28,-2.4400,-80.2800,79.3810
S2.4480.20,-2.4400,-80.2000,79.3810
S2.4480.12,-2.4400,-80.1200,92.4592
S2.4479.96,-2.4400,-79.9600,81.2436
S2.4479.88,-2.4400,-79.8800,80.8958
S2.4479.80,-2.4400,-79.8000,97.0493
S2.4479.72,-2.4400,-79.7200,79.3810
S2.4479.64,-2.4400,-79.6400,79.3810
S2.4479.56,-2.4400,-79.5600,79.3810
S2.4479.48,-2.4400,-79.4800,79.3810
S2.4479.40,-2.4400,-79.4000,79.3810
S2.4479.32,-2.4400,-79.3200,79.3810
S2.4479.24,-2.4400,-79.2400,79.3810
S2.4479.16,-2.4400,-79.1600,79.3810
S2.4479.08,-2.4400,-79.0800,79.3810
S2.4479.00,-2.4400,-79.0000,79.3810
S2.4478.92,-2.4400,-78.9200,79.3810
S2.4478.84,-2.4400,-78.8400,79.3810
S2.4478.76,-2.4400,-78.7600,79.3810
S2.4478.68,-2.4400,-78.6800,79.3810
S2.4478.60,-2.4400,-78.6000,79.3810
S2.4478.52,-2.4400,-78.5200,79.3810
S2.4478.44,-2.4400,-78.4400,79.3810
S2.4478.36,-2.4400,-78.3600,79.3810
S2.4478.28,-2.4400,-78.2800,79.3810
S2.4478.20,-2.4400,-78.2000,79.3810
S2.4478.12,-2.4400,-78.1200,79.3810
S2.4478.04,-2.4400,-78.0400,79.3810
S2.4477.96,-2.4400,-77.9600,79.3810
S2.4477.88,-2.4400,-77.8800,79.3810
S2.4477.80,-2.4400,-77.8000,79.3810
S2.4477.72,-2.4400,-77.7200,79.3810
S2.4477.64,-2.4400,-77.6400,79.3810
S2.4477.56,-2.4400,-77.5600,79.3810
S2.4477.48,-2.4400,-77.4800,79.3810
S2.4477.40,-2.4400,-77.4000,79.3810
S2.4477.32,-2.4400,-77.3200,79.3810
S2.4477.24,-2.4400,-77.2400,79.3810
S2.4477.16,-2.4400,-77.1600,79.3810
S2.4477.08,-2.4400,-77.0800,79.3810
S2.4477.00,-2.4400,-77.0000,79.3810
S2.4476.92,-2.4400,-76.9200,79.3810
S2.4476.84,-2.4400,-76.8400,79.3810
S2.4476.76,-2.4400,-76.7600,79.3810
S2.4476.68,-2.4400,-76.6800,79.3810
S2.4476.60,-2.4400,-76.6000,79.3810
S2.4476.52,-2.4400,-76.5200,106.8161
S2.3680.76,-2.3600,-80.7600,79.5864
S2.3680.68,-2.3600,-80.6800,85.1473
S2.3680.60,-2.3600,-80.6000,79.3763
S2.3680.52,-2.3600,-80.5200,79.3763
S2.3680.44,-2.3600,-80.4400,79.3763
S2.3680.36,-2.3600,-80.3600,79.3763
S2.3680.28,-2.3600,-80.2800,79.3763
S2.3680.20,-2.3600,-80.2000,79.3763
S2.3680.12,-2.3600,-80.1200,79.3763
S2.3680.04,-2.3600,-80.0400,67.0919
S2.3679.96,-2.3600,-79.9600,58.7492
S2.3679.88,-2.3600,-79.8800,62.8981
S2.3679.80,-2.3600,-79.8000,69.0878
S2.3679.72,-2.3600,-79.7200,79.3763
S2.3679.64,-2.3600,-79.6400,79.3763
S2.3679.56,-2.3600,-79.5600,79.3763
S2.3679.48,-2.3600,-79.4800,79.3763
S2.3679.40,-2.3600,-79.4000,79.3763
S2.3679.32,-2.3600,-79.3200,79.3763
S2.3679.24,-2.3600,-79.2400,79.3763
S2.3679.16,-2.3600,-79.1600,79.3763
S2.3679.08,-2.3600,-79.0800,79.3763
S2.3679.00,-2.3600,-79.0000,79.3763
S2.3678.92,-2.3600,-78.9200,79.3763
S2.3678.84,-2.3600,-78.8400,79.3763
S2.3678.76,-2.3600,-78.7600,79.3763
S2.3678.68,-2.3600,-78.6800,79.3763
S2.3678.60,-2.3600,-78.6000,79.3763
S2.3678.52,-2.3600,-78.5200,79.3763
S2.3678.44,-2.3600,-78.4400,79.3763
S2.3678.36,-2.3600,-78.3600,79.3763
S2.3678.28,-2.3600,-78.2800,79.3763
S2.3678.20,-2.3600,-78.2000,79.3763
S2.3678.12,-2.3600,-78.1200,79.3763
S2.3678.04,-2.3600,-78.0400,79.3763
S2.3677.96,-2.3600,-77.9600,79.3763
S2.3677.88,-2.3600,-77.8800,79.3763
S2.3677.80,-2.3600,-77.8000,79.3763
S2.3677.72,-2.3600,-77.7200,79.3763
S2.3677.64,-2.3600,-77.6400,79.3763
S2.3677.56,-2.3600,-77.5600,79.3763
S2.3677.48,-2.3600,-77.4800,79.3763
S2.3677.40,-2.3600,-77.4000,79.3763
S2.3677.32,-2.3600,-77.3200,79.3763
S2.3677.24,-2.3600,-77.2400,79.3763
S2.3677.16,-2.3600,-77.1600,79.3763
S2.3677.08,-2.3600,-77.0800,79.3763
S2.3677.00,-2.3600,-77.0000,79.3763
S2.3676.92,-2.3600,-76.9200,79.3763
S2.3676.84,-2.3600,-76.8400,79.3763
S2.3676.76,-2.3600,-76.7600,79.3763
S2.3676.68,-2.3600,-76.6800,79.3763
S2.3676.60,-2.3600,-76.6000,79.3763
S2.3676.52,-2.3600,-76.5200,79.3763
S2.3676.44,-2.3600,-76.4400,125.8221
S2.2880.92,-2.2800,-80.9200,74.8644
S2.2880.84,-2.2800,-80.8400,93.9843
S2.2880.76,-2.2800,-80.7600,79.3718
S2.2880.68,-2.2800,-80.6800,79.3718
S2.2880.60,-2.2800,-80.6000,79.3718
S2.2880.52,-2.2800,-80.5200,79.3718
S2.2880.44,-2.2800,-80.4400,79.3718
S2.2880.36,-2.2800,-80.3600,79.3718
S2.2880.28,-2.2800,-80.2800,79.3718
S2.2880.20,-2.2800,-80.2000,79.3718
S2.2880.12,-2.2800,-80.1200,79.3718
S2.2880.04,-2.2800,-80.0400,78.7606
S2.2879.96,-2.2800,-79.9600,62.8986
S2.2879.88,-2.2800,-79.8800,73.1085
S2.2879.80,-2.2800,-79.8000,68.4638
S2.2879.72,-2.2800,-79.7200,79.3718
S2.2879.64,-2.2800,-79.6400,79.3718
S2.2879.56,-2.2800,-79.5600,79.3718
S2.2879.48,-2.2800,-79.4800,79.3718
S2.2879.40,-2.2800,-79.4000,79.3718
S2.2879.32,-2.2800,-79.3200,79.3718
S2.2879.24,-2.2800,-79.2400,79.3718
S2.2879.16,-2.2800,-79.1600,79.3718
S2.2879.08,-2.2800,-79.0800,79.3718
S2.2879.00,-2.2800,-79.0000,79.3718
S2.2878.92,-2.2800,-78.9200,79.3718
S2.2878.84,-2.2800,-78.8400,79.3718
S2.2878.76,-2.2800,-78.7600,79.3718
S2.2878.68,-2.2800,-78.6800,79.3718
S2.2878.60,-2.2800,-78.6000,79.3718
S2.2878.52,-2.2800,-78.5200,79.3718
S2.2878.44,-2.2800,-78.4400,79.3718
S2.2878.36,-2.2800,-78.3600,79.3718
S2.2878.28,-2.2800,-78.2800,79.3718
S2.2878.20,-2.2800,-78.2000,79.3718
S2.2878.12,-2.2800,-78.1200,79.3718
S2.2878.04,-2.2800,-78.0400,79.3718
S2.2877.96,-2.2800,-77.9600,79.3718
S2.2877.88,-2.2800,-77.8800,79.3718
S2.2877.80,-2.2800,-77.8000,79.3718
S2.2877.72,-2.2800,-77.7200,79.3718
S2.2877.64,-2.2800,-77.6400,79.3718
S2.2877.56,-2.2800,-77.5600,79.3718
S2.2877.48,-2.2800,-77.4800,79.3718
S2.2877.40,-2.2800,-77.4000,79.3718
S2.2877.32,-2.2800,-77.3200,79.3718
S2.2877.24,-2.2800,-77.2400,79.3718
S2.2877.16,-2.2800,-77.1600,79.3718
S2.2877.08,-2.2800,-77.0800,79.3718
S2.2877.00,-2.2800,-77.0000,79.3718
S2.2876.92,-2.2800,-76.9200,79.3718
S2.2876.84,-2.2800,-76.8400,79.3718
S2.2876.76,-2.2800,-76.7600,79.3718
S2.2876.68,-2.2800,-76.6800,79.3718
S2.2876.60,-2.2800,-76.6000,79.3718
S2.2876.52,-2.2800,-76.5200,79.3718
S2.2876.44,-2.2800,-76.4400,79.3718
S2.2876.36,-2.2800,-76.3600,107.6288
S2.2876.28,-2.2800,-76.2800,75.0516
S2.2080.84,-2.2000,-80.8400,63.1862
S2.2080.76,-2.2000,-80.7600,79.3675
S2.2080.68,-2.2000,-80.6800,79.3675
S2.2080.60,-2.2000,-80.6000,79.3675
S2.2080.52,-2.2000,-80.5200,79.3675
S2.2080.44,-2.2000,-80.4400,79.3675
S2.2080.36,-2.2000,-80.3600,79.3675
S2.2080.28,-2.2000,-80.2800,79.3675
S2.2080.20,-2.2000,-80.2000,79.3675
S2.2080.12,-2.2000,-80.1200,79.3675
S2.2080.04,-2.2000,-80.0400,78.8610
S2.2079.96,-2.2000,-79.9600,99.1128
S2.2079.80,-2.2000,-79.8000,92.4493
S2.2079.72,-2.2000,-79.7200,79.3675
S2.2079.64,-2.2000,-79.6400,79.3675
S2.2079.56,-2.2000,-79.5600,79.3675
S2.2079.48,-2.2000,-79.4800,79.3675
S2.2079.40,-2.2000,-79.4000,79.3675
S2.2079.32,-2.2000,-79.3200,79.3675
S2.2079.24,-2.2000,-79.2400,79.3675
S2.2079.16,-2.2000,-79.1600,79.3675
S2.2079.08,-2.2000,-79.0800,79.3675
S2.2079.00,-2.2000,-79.0000,79.3675
S2.2078.92,-2.2000,-78.9200,79.3675
S2.2078.84,-2.2000,-78.8400,79.3675
S2.2078.76,-2.2000,-78.7600,79.3675
S2.2078.68,-2.2000,-78.6800,79.3675
S2.2078.60,-2.2000,-78.6000,79.3675
S2.2078.52,-2.2000,-78.5200,79.3675
S2.2078.44,-2.2000,-78.4400,79.3675
S2.2078.36,-2.2000,-78.3600,79.3675
S2.2078.28,-2.2000,-78.2800,79.3675
S2.2078.20,-2.2000,-78.2000,79.3675
S2.2078.12,-2.2000,-78.1200,79.3675
S2.2078.04,-2.2000,-78.0400,79.3675
S2.2077.96,-2.2000,-77.9600,79.3675
S2.2077.88,-2.2000,-77.8800,79.3675
S2.2077.80,-2.2000,-77.8000,79.3675
S2.2077.72,-2.2000,-77.7200,79.3675
S2.2077.64,-2.2000,-77.6400,79.3675
S2.2077.56,-2.2000,-77.5600,79.3675
S2.2077.48,-2.2000,-77.4800,79.3675
S2.2077.40,-2.2000,-77.4000,79.3675
S2.2077.32,-2.2000,-77.3200,79.3675
S2.2077.24,-2.2000,-77.2400,79.3675
S2.2077.16,-2.2000,-77.1600,79.3675
S2.2077.08,-2.2000,-77.0800,79.3675
S2.2077.00,-2.2000,-77.0000,79.3675
S2.2076.92,-2.2000,-76.9200,79.3675
S2.2076.84,-2.2000,-76.8400,79.3675
S2.2076.76,-2.2000,-76.7600,79.3675
S2.2076.68,-2.2000,-76.6800,79.3675
S2.2076.60,-2.2000,-76.6000,79.3675
S2.2076.52,-2.2000,-76.5200,79.3675
S2.2076.44,-2.2000,-76.4400,79.3675
S2.2076.36,-2.2000,-76.3600,79.3675
S2.2076.28,-2.2000,-76.2800,79.3675
S2.2076.20,-2.2000,-76.2000,92.4571
S2.1280.76,-2.1200,-80.7600,44.6743
S2.1280.68,-2.1200,-80.6800,79.3633
S2.1280.60,-2.1200,-80.6000,79.3633
S2.1280.52,-2.1200,-80.5200,79.3633
S2.1280.44,-2.1200,-80.4400,79.3633
S2.1280.36,-2.1200,-80.3600,79.3633
S2.1280.28,-2.1200,-80.2800,79.3633
S2.1280.20,-2.1200,-80.2000,79.3633
S2.1280.12,-2.1200,-80.1200,79.3633
S2.1280.04,-2.1200,-80.0400,79.3633
S2.1279.96,-2.1200,-79.9600,109.1225
S2.1279.80,-2.1200,-79.8000,98.9594
S2.1279.72,-2.1200,-79.7200,79.3633
S2.1279.64,-2.1200,-79.6400,79.3633
S2.1279.56,-2.1200,-79.5600,79.3633
S2.1279.48,-2.1200,-79.4800,79.3633
S2.1279.40,-2.1200,-79.4000,79.3633
S2.1279.32,-2.1200,-79.3200,79.3633
S2.1279.24,-2.1200,-79.2400,79.3633
S2.1279.16,-2.1200,-79.1600,79.3633
S2.1279.08,-2.1200,-79.0800,79.3633
S2.1279.00,-2.1200,-79.0000,79.3633
S2.1278.92,-2.1200,-78.9200,79.3633
S2.1278.84,-2.1200,-78.8400,79.3633
S2.1278.76,-2.1200,-78.7600,79.3633
S2.1278.68,-2.1200,-78.6800,79.3633
S2.1278.60,-2.1200,-78.6000,79.3633
S2.1278.52,-2.1200,-78.5200,79.3633
S2.1278.44,-2.1200,-78.4400,79.3633
S2.1278.36,-2.1200,-78.3600,79.3633
S2.1278.28,-2.1200,-78.2800,79.3633
S2.1278.20,-2.1200,-78.2000,79.3633
S2.1278.12,-2.1200,-78.1200,79.3633
S2.1278.04,-2.1200,-78.0400,79.3633
S2.1277.96,-2.1200,-77.9600,79.3633
S2.1277.88,-2.1200,-77.8800,79.3633
S2.1277.80,-2.1200,-77.8000,79.3633
S2.1277.72,-2.1200,-77.7200,79.3633
S2.1277.64,-2.1200,-77.6400,79.3633
S2.1277.56,-2.1200,-77.5600,79.3633
S2.1277.48,-2.1200,-77.4800,79.3633
S2.1277.40,-2.1200,-77.4000,79.3633
S2.1277.32,-2.1200,-77.3200,79.3633
S2.1277.24,-2.1200,-77.2400,79.3633
S2.1277.16,-2.1200,-77.1600,79.3633
S2.1277.08,-2.1200,-77.0800,79.3633
S2.1277.00,-2.1200,-77.0000,79.3633
S2.1276.92,-2.1200,-76.9200,79.3633
S2.1276.84,-2.1200,-76.8400,79.3633
S2.1276.76,-2.1200,-76.7600,79.3633
S2.1276.68,-2.1200,-76.6800,79.3633
S2.1276.60,-2.1200,-76.6000,79.3633
S2.1276.52,-2.1200,-76.5200,79.3633
S2.1276.44,-2.1200,-76.4400,79.3633
S2.1276.36,-2.1200,-76.3600,79.3633
S2.1276.28,-2.1200,-76.2800,79.3633
S2.1276.20,-2.1200,-76.2000,79.3633
S2.1276.12,-2.1200,-76.1200,111.0842
S2.0480.68,-2.0400,-80.6800,96.4450
S2.0480.60,-2.0400,-80.6000,79.3593
S2.0480.52,-2.0400,-80.5200,79.3593
S2.0480.44,-2.0400,-80.4400,79.3593
S2.0480.36,-2.0400,-80.3600,79.3593
S2.0480.28,-2.0400,-80.2800,79.3593
S2.0480.20,-2.0400,-80.2000,79.3593
S2.0480.12,-2.0400,-80.1200,79.3593
S2.0480.04,-2.0400,-80.0400,79.3593
S2.0479.96,-2.0400,-79.9600,79.3593
S2.0479.88,-2.0400,-79.8800,112.7809
S2.0479.72,-2.0400,-79.7200,94.5304
S2.0479.64,-2.0400,-79.6400,79.3593
S2.0479.56,-2.0400,-79.5600,79.3593
S2.0479.48,-2.0400,-79.4800,79.3593
S2.0479.40,-2.0400,-79.4000,79.3593
S2.0479.32,-2.0400,-79.3200,79.3593
S2.0479.24,-2.0400,-79.2400,79.3593
S2.0479.16,-2.0400,-79.1600,79.3593
S2.0479.08,-2.0400,-79.0800,79.3593
S2.0479.00,-2.0400,-79.0000,79.3593
S2.0478.92,-2.0400,-78.9200,79.3593
S2.0478.84,-2.0400,-78.8400,79.3593
S2.0478.76,-2.0400,-78.7600,79.3593
S2.0478.68,-2.0400,-78.6800,79.3593
S2.0478.60,-2.0400,-78.6000,79.3593
S2.0478.52,-2.0400,-78.5200,79.3593
S2.0478.44,-2.0400,-78.4400,79.3593
S2.0478.36,-2.0400,-78.3600,79.3593
S2.0478.28,-2.0400,-78.2800,79.3593
S2.0478.20,-2.0400,-78.2000,79.3593
S2.0478.12,-2.0400,-78.1200,79.3593
S2.0478.04,-2.0400,-78.0400,79.3593
S2.0477.96,-2.0400,-77.9600,79.3593
S2.0477.88,-2.0400,-77.8800,79.3593
S2.0477.80,-2.0400,-77.8000,79.3593
S2.0477.72,-2.0400,-77.7200,79.3593
S2.0477.64,-2.0400,-77.6400,79.3593
S2.0477.56,-2.0400,-77.5600,79.3593
S2.0477.48,-2.0400,-77.4800,79.3593
S2.0477.40,-2.0400,-77.4000,79.3593
S2.0477.32,-2.0400,-77.3200,79.3593
S2.0477.24,-2.0400,-77.2400,79.3593
S2.0477.16,-2.0400,-77.1600,79.3593
S2.0477.08,-2.0400,-77.0800,79.3593
S2.0477.00,-2.0400,-77.0000,79.3593
S2.0476.92,-2.0400,-76.9200,79.3593
S2.0476.84,-2.0400,-76.8400,79.3593
S2.0476.76,-2.0400,-76.7600,79.3593
S2.0476.68,-2.0400,-76.6800,79.3593
S2.0476.60,-2.0400,-76.6000,79.3593
S2.0476.52,-2.0400,-76.5200,79.3593
S2.0476.44,-2.0400,-76.4400,79.3593
S2.0476.36,-2.0400,-76.3600,79.3593
S2.0476.28,-2.0400,-76.2800,79.3593
S2.0476.20,-2.0400,-76.2000,79.3593
S2.0476.12,-2.0400,-76.1200,79.3593
S2.0476.04,-2.0400,-76.0400,110.4215
S1.9680.68,-1.9600,-80.6800,98.8194
S1.9680.60,-1.9600,-80.6000,79.3554
S1.9680.52,-1.9600,-80.5200,79.3554
S1.9680.44,-1.9600,-80.4400,79.3554
S1.9680.36,-1.9600,-80.3600,79.3554
S1.9680.28,-1.9600,-80.2800,79.3554
S1.9680.20,-1.9600,-80.2000,79.3554
S1.9680.12,-1.9600,-80.1200,79.3554
S1.9680.04,-1.9600,-80.0400,79.3554
S1.9679.96,-1.9600,-79.9600,79.3554
S1.9679.88,-1.9600,-79.8800,79.3554
S1.9679.80,-1.9600,-79.8000,98.6516
S1.9679.72,-1.9600,-79.7200,79.3554
S1.9679.64,-1.9600,-79.6400,79.3554
S1.9679.56,-1.9600,-79.5600,79.3554
S1.9679.48,-1.9600,-79.4800,79.3554
S1.9679.40,-1.9600,-79.4000,79.3554
S1.9679.32,-1.9600,-79.3200,79.3554
S1.9679.24,-1.9600,-79.2400,79.3554
S1.9679.16,-1.9600,-79.1600,79.3554
S1.9679.08,-1.9600,-79.0800,79.3554
S1.9679.00,-1.9600,-79.0000,79.3554
S1.9678.92,-1.9600,-78.9200,79.3554
S1.9678.84,-1.9600,-78.8400,79.3554
S1.9678.76,-1.9600,-78.7600,79.3554
S1.9678.68,-1.9600,-78.6800,79.3554
S1.9678.60,-1.9600,-78.6000,79.3554
S1.9678.52,-1.9600,-78.5200,79.3554
S1.9678.44,-1.9600,-78.4400,79.3554
S1.9678.36,-1.9600,-78.3600,79.3554
S1.9678.28,-1.9600,-78.2800,79.3554
S1.9678.20,-1.9600,-78.2000,79.3554
S1.9678.12,-1.9600,-78.1200,79.3554
S1.9678.04,-1.9600,-78.0400,79.3554
S1.9677.96,-1.9600,-77.9600,79.3554
S1.9677.88,-1.9600,-77.8800,79.3554
S1.9677.80,-1.9600,-77.8000,79.3554
S1.9677.72,-1.9600,-77.7200,79.3554
S1.9677.64,-1.9600,-77.6400,79.3554
S1.9677.56,-1.9600,-77.5600,79.3554
S1.9677.48,-1.9600,-77.4800,79.3554
S1.9677.40,-1.9600,-77.4000,79.3554
S1.9677.32,-1.9600,-77.3200,79.3554
S1.9677.24,-1.9600,-77.2400,79.3554
S1.9677.16,-1.9600,-77.1600,79.3554
S1.9677.08,-1.9600,-77.0800,79.3554
S1.9677.00,-1.9600,-77.0000,79.3554
S1.9676.92,-1.9600,-76.9200,79.3554
S1.9676.84,-1.9600,-76.8400,79.3554
S1.9676.76,-1.9600,-76.7600,79.3554
S1.9676.68,-1.9600,-76.6800,79.3554
S1.9676.60,-1.9600,-76.6000,79.3554
S1.9676.52,-1.9600,-76.5200,79.3554
S1.9676.44,-1.9600,-76.4400,79.3554
S1.9676.36,-1.9600,-76.3600,79.3554
S1.9676.28,-1.9600,-76.2800,79.3554
S1.9676.20,-1.9600,-76.2000,79.3554
S1.9676.12,-1.9600,-76.1200,79.3554
S1.9676.04,-1.9600,-76.0400,79.3554
S1.9675.96,-1.9600,-75.9600,93.3129
S1.8880.68,-1.8800,-80.6800,92.2347
S1.8880.60,-1.8800,-80.6000,79.3517
S1.8880.52,-1.8800,-80.5200,79.3517
S1.8880.44,-1.8800,-80.4400,79.3517
S1.8880.36,-1.8800,-80.3600,79.3517
S1.8880.28,-1.8800,-80.2800,79.3517
S1.8880.20,-1.8800,-80.2000,79.3517
S1.8880.12,-1.8800,-80.1200,79.3517
S1.8880.04,-1.8800,-80.0400,79.3517
S1.8879.96,-1.8800,-79.9600,79.3517
S1.8879.88,-1.8800,-79.8800,79.3517
S1.8879.80,-1.8800,-79.8000,79.3517
S1.8879.72,-1.8800,-79.7200,79.3517
S1.8879.64,-1.8800,-79.6400,79.3517
S1.8879.56,-1.8800,-79.5600,79.3517
S1.8879.48,-1.8800,-79.4800,79.3517
S1.8879.40,-1.8800,-79.4000,79.3517
S1.8879.32,-1.8800,-79.3200,79.3517
S1.8879.24,-1.8800,-79.2400,79.3517
S1.8879.16,-1.8800,-79.1600,79.3517
S1.8879.08,-1.8800,-79.0800,79.3517
S1.8879.00,-1.8800,-79.0000,79.3517
S1.8878.92,-1.8800,-78.9200,79.3517
S1.8878.84,-1.8800,-78.8400,79.3517
S1.8878.76,-1.8800,-78.7600,79.3517
S1.8878.68,-1.8800,-78.6800,79.3517
S1.8878.60,-1.8800,-78.6000,79.3517
S1.8878.52,-1.8800,-78.5200,79.3517
S1.8878.44,-1.8800,-78.4400,79.3517
S1.8878.36,-1.8800,-78.3600,79.3517
S1.8878.28,-1.8800,-78.2800,79.3517
S1.8878.20,-1.8800,-78.2000,79.3517
S1.8878.12,-1.8800,-78.1200,79.3517
S1.8878.04,-1.8800,-78.0400,79.3517
S1.8877.96,-1.8800,-77.9600,79.3517
S1.8877.88,-1.8800,-77.8800,79.3517
S1.8877.80,-1.8800,-77.8000,79.3517
S1.8877.72,-1.8800,-77.7200,79.3517
S1.8877.64,-1.8800,-77.6400,79.3517
S1.8877.56,-1.8800,-77.5600,79.3517
S1.8877.48,-1.8800,-77.4800,79.3517
S1.8877.40,-1.8800,-77.4000,79.3517
S1.8877.32,-1.8800,-77.3200,79.3517
S1.8877.24,-1.8800,-77.2400,79.3517
S1.8877.16,-1.8800,-77.1600,79.3517
S1.8877.08,-1.8800,-77.0800,79.3517
S1.8877.00,-1.8800,-77.0000,79.3517
S1.8876.92,-1.8800,-76.9200,79.3517
S1.8876.84,-1.8800,-76.8400,79.3517
S1.8876.76,-1.8800,-76.7600,79.3517
S1.8876.68,-1.8800,-76.6800,79.3517
S1.8876.60,-1.8800,-76.6000,79.3517
S1.8876.52,-1.8800,-76.5200,79.3517
S1.8876.44,-1.8800,-76.4400,79.3517
S1.8876.36,-1.8800,-76.3600,79.3517
S1.8876.28,-1.8800,-76.2800,79.3517
S1.8876.20,-1.8800,-76.2000,79.3517
S1.8876.12,-1.8800,-76.1200,79.3517
S1.8876.04,-1.8800,-76.0400,79.3517
S1.8875.96,-1.8800,-75.9600,79.3517
S1.8875.88,-1.8800,-75.8800,73.8732
S1.8080.76,-1.8000,-80.7600,44.4561
S1.8080.68,-1.8000,-80.6800,79.3481
S1.8080.60,-1.8000,-80.6000,79.3481
S1.8080.52,-1.8000,-80.5200,79.3481
S1.8080.44,-1.8000,-80.4400,79.3481
S1.8080.36,-1.8000,-80.3600,79.3481
S1.8080.28,-1.8000,-80.2800,79.3481
S1.8080.20,-1.8000,-80.2000,79.3481
S1.8080.12,-1.8000,-80.1200,79.3481
S1.8080.04,-1.8000,-80.0400,79.3481
S1.8079.96,-1.8000,-79.9600,79.3481
S1.8079.88,-1.8000,-79.8800,79.3481
S1.8079.80,-1.8000,-79.8000,79.3481
S1.8079.72,-1.8000,-79.7200,79.3481
S1.8079.64,-1.8000,-79.6400,79.3481
S1.8079.56,-1.8000,-79.5600,79.3481
S1.8079.48,-1.8000,-79.4800,79.3481
S1.8079.40,-1.8000,-79.4000,79.3481
S1.8079.32,-1.8000,-79.3200,79.3481
S1.8079.24,-1.8000,-79.2400,79.3481
S1.8079.16,-1.8000,-79.1600,79.3481
S1.8079.08,-1.8000,-79.0800,79.3481
S1.8079.00,-1.8000,-79.0000,79.3481
S1.8078.92,-1.8000,-78.9200,79.3481
S1.8078.84,-1.8000,-78.8400,79.3481
S1.8078.76,-1.8000,-78.7600,79.3481
S1.8078.68,-1.8000,-78.6800,79.3481
S1.8078.60,-1.8000,-78.6000,79.3481
S1.8078.52,-1.8000,-78.5200,79.3481
S1.8078.44,-1.8000,-78.4400,79.3481
S1.8078.36,-1.8000,-78.3600,79.3481
S1.8078.28,-1.8000,-78.2800,79.3481
S1.8078.20,-1.8000,-78.2000,79.3481
S1.8078.12,-1.8000,-78.1200,79.3481
S1.8078.04,-1.8000,-78.0400,79.3481
S1.8077.96,-1.8000,-77.9600,79.3481
S1.8077.88,-1.8000,-77.8800,79.3481
S1.8077.80,-1.8000,-77.8000,79.3481
S1.8077.72,-1.8000,-77.7200,79.3481
S1.8077.64,-1.8000,-77.6400,79.3481
S1.8077.56,-1.8000,-77.5600,79.3481
S1.8077.48,-1.8000,-77.4800,79.3481
S1.8077.40,-1.8000,-77.4000,79.3481
S1.8077.32,-1.8000,-77.3200,79.3481
S1.8077.24,-1.8000,-77.2400,79.3481
S1.8077.16,-1.8000,-77.1600,79.3481
S1.8077.08,-1.8000,-77.0800,79.3481
S1.8077.00,-1.8000,-77.0000,79.3481
S1.8076.92,-1.8000,-76.9200,79.3481
S1.8076.84,-1.8000,-76.8400,79.3481
S1.8076.76,-1.8000,-76.7600,79.3481
S1.8076.68,-1.8000,-76.6800,79.3481
S1.8076.60,-1.8000,-76.6000,79.3481
S1.8076.52,-1.8000,-76.5200,79.3481
S1.8076.44,-1.8000,-76.4400,79.3481
S1.8076.36,-1.8000,-76.3600,79.3481
S1.8076.28,-1.8000,-76.2800,79.3481
S1.8076.20,-1.8000,-76.2000,79.3481
S1.8076.12,-1.8000,-76.1200,79.3481
S1.8076.04,-1.8000,-76.0400,79.3481
S1.8075.96,-1.8000,-75.9600,79.3481
S1.8075.88,-1.8000,-75.8800,79.3481
S1.8075.80,-1.8000,-75.8000,55.7793
S1.7280.76,-1.7200,-80.7600,73.4030
S1.7280.68,-1.7200,-80.6800,79.3447
S1.7280.60,-1.7200,-80.6000,79.3447
S1.7280.52,-1.7200,-80.5200,79.3447
S1.7280.44,-1.7200,-80.4400,79.3447
S1.7280.36,-1.7200,-80.3600,79.3447
S1.7280.28,-1.7200,-80.2800,79.3447
S1.7280.20,-1.7200,-80.2000,79.3447
S1.7280.12,-1.7200,-80.1200,79.3447
S1.7280.04,-1.7200,-80.0400,79.3447
S1.7279.96,-1.7200,-79.9600,79.3447
S1.7279.88,-1.7200,-79.8800,79.3447
S1.7279.80,-1.7200,-79.8000,79.3447
S1.7279.72,-1.7200,-79.7200,79.3447
S1.7279.64,-1.7200,-79.6400,79.3447
S1.7279.56,-1.7200,-79.5600,79.3447
S1.7279.48,-1.7200,-79.4800,79.3447
S1.7279.40,-1.7200,-79.4000,79.3447
S1.7279.32,-1.7200,-79.3200,79.3447
S1.7279.24,-1.7200,-79.2400,79.3447
S1.7279.16,-1.7200,-79.1600,79.3447
S1.7279.08,-1.7200,-79.0800,79.3447
S1.7279.00,-1.7200,-79.0000,79.3447
S1.7278.92,-1.7200,-78.9200,79.3447
S1.7278.84,-1.7200,-78.8400,79.3447
S1.7278.76,-1.7200,-78.7600,79.3447
S1.7278.68,-1.7200,-78.6800,79.3447
S1.7278.60,-1.7200,-78.6000,79.3447
S1.7278.52,-1.7200,-78.5200,79.3447
S1.7278.44,-1.7200,-78.4400,79.3447
S1.7278.36,-1.7200,-78.3600,79.3447
S1.7278.28,-1.7200,-78.2800,79.3447
S1.7278.20,-1.7200,-78.2000,79.3447
S1.7278.12,-1.7200,-78.1200,79.3447
S1.7278.04,-1.7200,-78.0400,79.3447
S1.7277.96,-1.7200,-77.9600,79.3447
S1.7277.88,-1.7200,-77.8800,79.3447
S1.7277.80,-1.7200,-77.8000,79.3447
S1.7277.72,-1.7200,-77.7200,79.3447
S1.7277.64,-1.7200,-77.6400,79.3447
S1.7277.56,-1.7200,-77.5600,79.3447
S1.7277.48,-1.7200,-77.4800,79.3447
S1.7277.40,-1.7200,-77.4000,79.3447
S1.7277.32,-1.7200,-77.3200,79.3447
S1.7277.24,-1.7200,-77.2400,79.3447
S1.7277.16,-1.7200,-77.1600,79.3447
S1.7277.08,-1.7200,-77.0800,79.3447
S1.7277.00,-1.7200,-77.0000,79.3447
S1.7276.92,-1.7200,-76.9200,79.3447
S1.7276.84,-1.7200,-76.8400,79.3447
S1.7276.76,-1.7200,-76.7600,79.3447
S1.7276.68,-1.7200,-76.6800,79.3447
S1.7276.60,-1.7200,-76.6000,79.3447
S1.7276.52,-1.7200,-76.5200,79.3447
S1.7276.44,-1.7200,-76.4400,79.3447
S1.7276.36,-1.7200,-76.3600,79.3447
S1.7276.28,-1.7200,-76.2800,79.3447
S1.7276.20,-1.7200,-76.2000,79.3447
S1.7276.12,-1.7200,-76.1200,79.3447
S1.7276.04,-1.7200,-76.0400,79.3447
S1.7275.96,-1.7200,-75.9600,79.3447
S1.7275.88,-1.7200,-75.8800,79.3447
S1.7275.80,-1.7200,-75.8000,101.9509
S1.6480.76,-1.6400,-80.7600,99.5435
S1.6480.68,-1.6400,-80.6800,79.3415
S1.6480.60,-1.6400,-80.6000,79.3415
S1.6480.52,-1.6400,-80.5200,79.3415
S1.6480.44,-1.6400,-80.4400,79.3415
S1.6480.36,-1.6400,-80.3600,79.3415
S1.6480.28,-1.6400,-80.2800,79.3415
S1.6480.20,-1.6400,-80.2000,79.3415
S1.6480.12,-1.6400,-80.1200,79.3415
S1.6480.04,-1.6400,-80.0400,79.3415
S1.6479.96,-1.6400,-79.9600,79.3415
S1.6479.88,-1.6400,-79.8800,79.3415
S1.6479.80,-1.6400,-79.8000,79.3415
S1.6479.72,-1.6400,-79.7200,79.3415
S1.6479.64,-1.6400,-79.6400,79.3415
S1.6479.56,-1.6400,-79.5600,79.3415
S1.6479.48,-1.6400,-79.4800,79.3415
S1.6479.40,-1.6400,-79.4000,79.3415
S1.6479.32,-1.6400,-79.3200,79.3415
S1.6479.24,-1.6400,-79.2400,79.3415
S1.6479.16,-1.6400,-79.1600,79.3415
S1.6479.08,-1.6400,-79.0800,79.3415
S1.6479.00,-1.6400,-79.0000,79.3415
S1.6478.92,-1.6400,-78.9200,79.3415
S1.6478.84,-1.6400,-78.8400,79.3415
S1.6478.76,-1.6400,-78.7600,79.3415
S1.6478.68,-1.6400,-78.6800,79.3415
S1.6478.60,-1.6400,-78.6000,79.3415
S1.6478.52,-1.6400,-78.5200,79.3415
S1.6478.44,-1.6400,-78.4400,79.3415
S1.6478.36,-1.6400,-78.3600,79.3415
S1.6478.28,-1.6400,-78.2800,79.3415
S1.6478.20,-1.6400,-78.2000,79.3415
S1.6478.12,-1.6400,-78.1200,79.3415
S1.6478.04,-1.6400,-78.0400,79.3415
S1.6477.96,-1.6400,-77.9600,79.3415
S1.6477.88,-1.6400,-77.8800,79.3415
S1.6477.80,-1.6400,-77.8000,79.3415
S1.6477.72,-1.6400,-77.7200,79.3415
S1.6477.64,-1.6400,-77.6400,79.3415
S1.6477.56,-1.6400,-77.5600,79.3415
S1.6477.48,-1.6400,-77.4800,79.3415
S1.6477.40,-1.6400,-77.4000,79.3415
S1.6477.32,-1.6400,-77.3200,79.3415
S1.6477.24,-1.6400,-77.2400,79.3415
S1.6477.16,-1.6400,-77.1600,79.3415
S1.6477.08,-1.6400,-77.0800,79.3415
S1.6477.00,-1.6400,-77.0000,79.3415
S1.6476.92,-1.6400,-76.9200,79.3415
S1.6476.84,-1.6400,-76.8400,79.3415
S1.6476.76,-1.6400,-76.7600,79.3415
S1.6476.68,-1.6400,-76.6800,79.3415
S1.6476.60,-1.6400,-76.6000,79.3415
S1.6476.52,-1.6400,-76.5200,79.3415
S1.6476.44,-1.6400,-76.4400,79.3415
S1.6476.36,-1.6400,-76.3600,79.3415
S1.6476.28,-1.6400,-76.2800,79.3415
S1.6476.20,-1.6400,-76.2000,79.3415
S1.6476.12,-1.6400,-76.1200,79.3415
S1.6476.04,-1.6400,-76.0400,79.3415
S1.6475.96,-1.6400,-75.9600,79.3415
S1.6475.88,-1.6400,-75.8800,79.3415
S1.6475.80,-1.6400,-75.8000,79.3415
S1.6475.72,-1.6400,-75.7200,114.7392
S1.5680.84,-1.5600,-80.8400,39.4566
S1.5680.76,-1.5600,-80.7600,79.3384
S1.5680.68,-1.5600,-80.6800,79.3384
S1.5680.60,-1.5600,-80.6000,79.3384
S1.5680.52,-1.5600,-80.5200,79.3384
S1.5680.44,-1.5600,-80.4400,79.3384
S1.5680.36,-1.5600,-80.3600,79.3384
S1.5680.28,-1.5600,-80.2800,79.3384
S1.5680.20,-1.5600,-80.2000,79.3384
S1.5680.12,-1.5600,-80.1200,79.3384
S1.5680.04,-1.5600,-80.0400,79.3384
S1.5679.96,-1.5600,-79.9600,79.3384
S1.5679.88,-1.5600,-79.8800,79.3384
S1.5679.80,-1.5600,-79.8000,79.3384
S1.5679.72,-1.5600,-79.7200,79.3384
S1.5679.64,-1.5600,-79.6400,79.3384
S1.5679.56,-1.5600,-79.5600,79.3384
S1.5679.48,-1.5600,-79.4800,79.3384
S1.5679.40,-1.5600,-79.4000,79.3384
S1.5679.32,-1.5600,-79.3200,79.3384
S1.5679.24,-1.5600,-79.2400,79.3384
S1.5679.16,-1.5600,-79.1600,79.3384
S1.5679.08,-1.5600,-79.0800,79.3384
S1.5679.00,-1.5600,-79.0000,79.3384
S1.5678.92,-1.5600,-78.9200,79.3384
S1.5678.84,-1.5600,-78.8400,79.3384
S1.5678.76,-1.5600,-78.7600,79.3384
S1.5678.68,-1.5600,-78.6800,79.3384
S1.5678.60,-1.5600,-78.6000,79.3384
S1.5678.52,-1.5600,-78.5200,79.3384
S1.5678.44,-1.5600,-78.4400,79.3384
S1.5678.36,-1.5600,-78.3600,79.3384
S1.5678.28,-1.5600,-78.2800,79.3384
S1.5678.20,-1.5600,-78.2000,79.3384
S1.5678.12,-1.5600,-78.1200,79.3384
S1.5678.04,-1.5600,-78.0400,79.3384
S1.5677.96,-1.5600,-77.9600,79.3384
S1.5677.88,-1.5600,-77.8800,79.3384
S1.5677.80,-1.5600,-77.8000,79.3384
S1.5677.72,-1.5600,-77.7200,79.3384
S1.5677.64,-1.5600,-77.6400,79.3384
S1.5677.56,-1.5600,-77.5600,79.3384
S1.5677.48,-1.5600,-77.4800,79.3384
S1.5677.40,-1.5600,-77.4000,79.3384
S1.5677.32,-1.5600,-77.3200,79.3384
S1.5677.24,-1.5600,-77.2400,79.3384
S1.5677.16,-1.5600,-77.1600,79.3384
S1.5677.08,-1.5600,-77.0800,79.3384
S1.5677.00,-1.5600,-77.0000,79.3384
S1.5676.92,-1.5600,-76.9200,79.3384
S1.5676.84,-1.5600,-76.8400,79.3384
S1.5676.76,-1.5600,-76.7600,79.3384
S1.5676.68,-1.5600,-76.6800,79.3384
S1.5676.60,-1.5600,-76.6000,79.3384
S1.5676.52,-1.5600,-76.5200,79.3384
S1.5676.44,-1.5600,-76.4400,79.3384
S1.5676.36,-1.5600,-76.3600,79.3384
S1.5676.28,-1.5600,-76.2800,79.3384
S1.5676.20,-1.5600,-76.2000,79.3384
S1.5676.12,-1.5600,-76.1200,79.3384
S1.5676.04,-1.5600,-76.0400,79.3384
S1.5675.96,-1.5600,-75.9600,79.3384
S1.5675.88,-1.5600,-75.8800,79.3384
S1.5675.80,-1.5600,-75.8000,79.3384
S1.5675.72,-1.5600,-75.7200,79.3384
S1.5675.64,-1.5600,-75.6400,103.3588
S1.4880.76,-1.4800,-80.7600,61.5535
S1.4880.68,-1.4800,-80.6800,79.3355
S1.4880.60,-1.4800,-80.6000,79.3355
S1.4880.52,-1.4800,-80.5200,79.3355
S1.4880.44,-1.4800,-80.4400,79.3355
S1.4880.36,-1.4800,-80.3600,79.3355
S1.4880.28,-1.4800,-80.2800,79.3355
S1.4880.20,-1.4800,-80.2000,79.3355
S1.4880.12,-1.4800,-80.1200,79.3355
S1.4880.04,-1.4800,-80.0400,79.3355
S1.4879.96,-1.4800,-79.9600,79.3355
S1.4879.88,-1.4800,-79.8800,79.3355
S1.4879.80,-1.4800,-79.8000,79.3355
S1.4879.72,-1.4800,-79.7200,79.3355
S1.4879.64,-1.4800,-79.6400,79.3355
S1.4879.56,-1.4800,-79.5600,79.3355
S1.4879.48,-1.4800,-79.4800,79.3355
S1.4879.40,-1.4800,-79.4000,79.3355
S1.4879.32,-1.4800,-79.3200,79.3355
S1.4879.24,-1.4800,-79.2400,79.3355
S1.4879.16,-1.4800,-79.1600,79.3355
S1.4879.08,-1.4800,-79.0800,79.3355
S1.4879.00,-1.4800,-79.0000,79.3355
S1.4878.92,-1.4800,-78.9200,79.3355
S1.4878.84,-1.4800,-78.8400,79.3355
S1.4878.76,-1.4800,-78.7600,79.3355
S1.4878.68,-1.4800,-78.6800,79.3355
S1.4878.60,-1.4800,-78.6000,79.3355
S1.4878.52,-1.4800,-78.5200,79.3355
S1.4878.44,-1.4800,-78.4400,79.3355
S1.4878.36,-1.4800,-78.3600,79.3355
S1.4878.28,-1.4800,-78.2800,79.3355
S1.4878.20,-1.4800,-78.2000,79.3355
S1.4878.12,-1.4800,-78.1200,79.3355
S1.4878.04,-1.4800,-78.0400,79.3355
S1.4877.96,-1.4800,-77.9600,79.3355
S1.4877.88,-1.4800,-77.8800,79.3355
S1.4877.80,-1.4800,-77.8000,79.3355
S1.4877.72,-1.4800,-77.7200,79.3355
S1.4877.64,-1.4800,-77.6400,79.3355
S1.4877.56,-1.4800,-77.5600,79.3355
S1.4877.48,-1.4800,-77.4800,79.3355
S1.4877.40,-1.4800,-77.4000,79.3355
S1.4877.32,-1.4800,-77.3200,79.3355
S1.4877.24,-1.4800,-77.2400,79.3355
S1.4877.16,-1.4800,-77.1600,79.3355
S1.4877.08,-1.4800,-77.0800,79.3355
S1.4877.00,-1.4800,-77.0000,79.3355
S1.4876.92,-1.4800,-76.9200,79.3355
S1.4876.84,-1.4800,-76.8400,79.3355
S1.4876.76,-1.4800,-76.7600,79.3355
S1.4876.68,-1.4800,-76.6800,79.3355
S1.4876.60,-1.4800,-76.6000,79.3355
S1.4876.52,-1.4800,-76.5200,79.3355
S1.4876.44,-1.4800,-76.4400,79.3355
S1.4876.36,-1.4800,-76.3600,79.3355
S1.4876.28,-1.4800,-76.2800,79.3355
S1.4876.20,-1.4800,-76.2000,79.3355
S1.4876.12,-1.4800,-76.1200,79.3355
S1.4876.04,-1.4800,-76.0400,79.3355
S1.4875.96,-1.4800,-75.9600,79.3355
S1.4875.88,-1.4800,-75.8800,79.3355
S1.4875.80,-1.4800,-75.8000,79.3355
S1.4875.72,-1.4800,-75.7200,79.3355
S1.4875.64,-1.4800,-75.6400,79.3355
S1.4875.56,-1.4800,-75.5600,73.1281
S1.4080.76,-1.4000,-80.7600,32.1491
S1.4080.68,-1.4000,-80.6800,79.3327
S1.4080.60,-1.4000,-80.6000,79.3327
S1.4080.52,-1.4000,-80.5200,79.3327
S1.4080.44,-1.4000,-80.4400,79.3327
S1.4080.36,-1.4000,-80.3600,79.3327
S1.4080.28,-1.4000,-80.2800,79.3327
S1.4080.20,-1.4000,-80.2000,79.3327
S1.4080.12,-1.4000,-80.1200,79.3327
S1.4080.04,-1.4000,-80.0400,79.3327
S1.4079.96,-1.4000,-79.9600,79.3327
S1.4079.88,-1.4000,-79.8800,79.3327
S1.4079.80,-1.4000,-79.8000,79.3327
S1.4079.72,-1.4000,-79.7200,79.3327
S1.4079.64,-1.4000,-79.6400,79.3327
S1.4079.56,-1.4000,-79.5600,79.3327
S1.4079.48,-1.4000,-79.4800,79.3327
S1.4079.40,-1.4000,-79.4000,79.3327
S1.4079.32,-1.4000,-79.3200,79.3327
S1.4079.24,-1.4000,-79.2400,79.3327
S1.4079.16,-1.4000,-79.1600,79.3327
S1.4079.08,-1.4000,-79.0800,79.3327
S1.4079.00,-1.4000,-79.0000,79.3327
S1.4078.92,-1.4000,-78.9200,79.3327
S1.4078.84,-1.4000,-78.8400,79.3327
S1.4078.76,-1.4000,-78.7600,79.3327
S1.4078.68,-1.4000,-78.6800,79.3327
S1.4078.60,-1.4000,-78.6000,79.3327
S1.4078.52,-1.4000,-78.5200,79.3327
S1.4078.44,-1.4000,-78.4400,79.3327
S1.4078.36,-1.4000,-78.3600,79.3327
S1.4078.28,-1.4000,-78.2800,79.3327
S1.4078.20,-1.4000,-78.2000,79.3327
S1.4078.12,-1.4000,-78.1200,79.3327
S1.4078.04,-1.4000,-78.0400,79.3327
S1.4077.96,-1.4000,-77.9600,79.3327
S1.4077.88,-1.4000,-77.8800,79.3327
S1.4077.80,-1.4000,-77.8000,79.3327
S1.4077.72,-1.4000,-77.7200,79.3327
S1.4077.64,-1.4000,-77.6400,79.3327
S1.4077.56,-1.4000,-77.5600,79.3327
S1.4077.48,-1.4000,-77.4800,79.3327
S1.4077.40,-1.4000,-77.4000,79.3327
S1.4077.32,-1.4000,-77.3200,79.3327
S1.4077.24,-1.4000,-77.2400,79.3327
S1.4077.16,-1.4000,-77.1600,79.3327
S1.4077.08,-1.4000,-77.0800,79.3327
S1.4077.00,-1.4000,-77.0000,79.3327
S1.4076.92,-1.4000,-76.9200,79.3327
S1.4076.84,-1.4000,-76.8400,79.3327
S1.4076.76,-1.4000,-76.7600,79.3327
S1.4076.68,-1.4000,-76.6800,79.3327
S1.4076.60,-1.4000,-76.6000,79.3327
S1.4076.52,-1.4000,-76.5200,79.3327
S1.4076.44,-1.4000,-76.4400,79.3327
S1.4076.36,-1.4000,-76.3600,79.3327
S1.4076.28,-1.4000,-76.2800,79.3327
S1.4076.20,-1.4000,-76.2000,79.3327
S1.4076.12,-1.4000,-76.1200,79.3327
S1.4076.04,-1.4000,-76.0400,79.3327
S1.4075.96,-1.4000,-75.9600,79.3327
S1.4075.88,-1.4000,-75.8800,79.3327
S1.4075.80,-1.4000,-75.8000,79.3327
S1.4075.72,-1.4000,-75.7200,79.3327
S1.4075.64,-1.4000,-75.6400,79.3327
S1.4075.56,-1.4000,-75.5600,81.4243
S1.3280.76,-1.3200,-80.7600,38.3175
S1.3280.68,-1.3200,-80.6800,79.3300
S1.3280.60,-1.3200,-80.6000,79.3300
S1.3280.52,-1.3200,-80.5200,79.3300
S1.3280.44,-1.3200,-80.4400,79.3300
S1.3280.36,-1.3200,-80.3600,79.3300
S1.3280.28,-1.3200,-80.2800,79.3300
S1.3280.20,-1.3200,-80.2000,79.3300
S1.3280.12,-1.3200,-80.1200,79.3300
S1.3280.04,-1.3200,-80.0400,79.3300
S1.3279.96,-1.3200,-79.9600,79.3300
S1.3279.88,-1.3200,-79.8800,79.3300
S1.3279.80,-1.3200,-79.8000,79.3300
S1.3279.72,-1.3200,-79.7200,79.3300
S1.3279.64,-1.3200,-79.6400,79.3300
S1.3279.56,-1.3200,-79.5600,79.3300
S1.3279.48,-1.3200,-79.4800,79.3300
S1.3279.40,-1.3200,-79.4000,79.3300
S1.3279.32,-1.3200,-79.3200,79.3300
S1.3279.24,-1.3200,-79.2400,79.3300
S1.3279.16,-1.3200,-79.1600,79.3300
S1.3279.08,-1.3200,-79.0800,79.3300
S1.3279.00,-1.3200,-79.0000,79.3300
S1.3278.92,-1.3200,-78.9200,79.3300
S1.3278.84,-1.3200,-78.8400,79.3300
S1.3278.76,-1.3200,-78.7600,79.3300
S1.3278.68,-1.3200,-78.6800,79.3300
S1.3278.60,-1.3200,-78.6000,79.3300
S1.3278.52,-1.3200,-78.5200,79.3300
S1.3278.44,-1.3200,-78.4400,79.3300
S1.3278.36,-1.3200,-78.3600,79.3300
S1.3278.28,-1.3200,-78.2800,79.3300
S1.3278.20,-1.3200,-78.2000,79.3300
S1.3278.12,-1.3200,-78.1200,79.3300
S1.3278.04,-1.3200,-78.0400,79.3300
S1.3277.96,-1.3200,-77.9600,79.3300
S1.3277.88,-1.3200,-77.8800,79.3300
S1.3277.80,-1.3200,-77.8000,79.3300
S1.3277.72,-1.3200,-77.7200,79.3300
S1.3277.64,-1.3200,-77.6400,79.3300
S1.3277.56,-1.3200,-77.5600,79.3300
S1.3277.48,-1.3200,-77.4800,79.3300
S1.3277.40,-1.3200,-77.4000,79.3300
S1.3277.32,-1.3200,-77.3200,79.3300
S1.3277.24,-1.3200,-77.2400,79.3300
S1.3277.16,-1.3200,-77.1600,79.3300
S1.3277.08,-1.3200,-77.0800,79.3300
S1.3277.00,-1.3200,-77.0000,79.3300
S1.3276.92,-1.3200,-76.9200,79.3300
S1.3276.84,-1.3200,-76.8400,79.3300
S1.3276.76,-1.3200,-76.7600,79.3300
S1.3276.68,-1.3200,-76.6800,79.3300
S1.3276.60,-1.3200,-76.6000,79.3300
S1.3276.52,-1.3200,-76.5200,79.3300
S1.3276.44,-1.3200,-76.4400,79.3300
S1.3276.36,-1.3200,-76.3600,79.3300
S1.3276.28,-1.3200,-76.2800,79.3300
S1.3276.20,-1.3200,-76.2000,79.3300
S1.3276.12,-1.3200,-76.1200,79.3300
S1.3276.04,-1.3200,-76.0400,79.3300
S1.3275.96,-1.3200,-75.9600,79.3300
S1.3275.88,-1.3200,-75.8800,79.3300
S1.3275.80,-1.3200,-75.8000,79.3300
S1.3275.72,-1.3200,-75.7200,79.3300
S1.3275.64,-1.3200,-75.6400,79.3300
S1.3275.56,-1.3200,-75.5600,102.9277
S1.2480.76,-1.2400,-80.7600,90.8092
S1.2480.68,-1.2400,-80.6800,79.3276
S1.2480.60,-1.2400,-80.6000,79.3276
S1.2480.52,-1.2400,-80.5200,79.3276
S1.2480.44,-1.2400,-80.4400,79.3276
S1.2480.36,-1.2400,-80.3600,79.3276
S1.2480.28,-1.2400,-80.2800,79.3276
S1.2480.20,-1.2400,-80.2000,79.3276
S1.2480.12,-1.2400,-80.1200,79.3276
S1.2480.04,-1.2400,-80.0400,79.3276
S1.2479.96,-1.2400,-79.9600,79.3276
S1.2479.88,-1.2400,-79.8800,79.3276
S1.2479.80,-1.2400,-79.8000,79.3276
S1.2479.72,-1.2400,-79.7200,79.3276
S1.2479.64,-1.2400,-79.6400,79.3276
S1.2479.56,-1.2400,-79.5600,79.3276
S1.2479.48,-1.2400,-79.4800,79.3276
S1.2479.40,-1.2400,-79.4000,79.3276
S1.2479.32,-1.2400,-79.3200,79.3276
S1.2479.24,-1.2400,-79.2400,79.3276
S1.2479.16,-1.2400,-79.1600,79.3276
S1.2479.08,-1.2400,-79.0800,79.3276
S1.2479.00,-1.2400,-79.0000,79.3276
S1.2478.92,-1.2400,-78.9200,79.3276
S1.2478.84,-1.2400,-78.8400,79.3276
S1.2478.76,-1.2400,-78.7600,79.3276
S1.2478.68,-1.2400,-78.6800,79.3276
S1.2478.60,-1.2400,-78.6000,79.3276
S1.2478.52,-1.2400,-78.5200,79.3276
S1.2478.44,-1.2400,-78.4400,79.3276
S1.2478.36,-1.2400,-78.3600,79.3276
S1.2478.28,-1.2400,-78.2800,79.3276
S1.2478.20,-1.2400,-78.2000,79.3276
S1.2478.12,-1.2400,-78.1200,79.3276
S1.2478.04,-1.2400,-78.0400,79.3276
S1.2477.96,-1.2400,-77.9600,79.3276
S1.2477.88,-1.2400,-77.8800,79.3276
S1.2477.80,-1.2400,-77.8000,79.3276
S1.2477.72,-1.2400,-77.7200,79.3276
S1.2477.64,-1.2400,-77.6400,79.3276
S1.2477.56,-1.2400,-77.5600,79.3276
S1.2477.48,-1.2400,-77.4800,79.3276
S1.2477.40,-1.2400,-77.4000,79.3276
S1.2477.32,-1.2400,-77.3200,79.3276
S1.2477.24,-1.2400,-77.2400,79.3276
S1.2477.16,-1.2400,-77.1600,79.3276
S1.2477.08,-1.2400,-77.0800,79.3276
S1.2477.00,-1.2400,-77.0000,79.3276
S1.2476.92,-1.2400,-76.9200,79.3276
S1.2476.84,-1.2400,-76.8400,79.3276
S1.2476.76,-1.2400,-76.7600,79.3276
S1.2476.68,-1.2400,-76.6800,79.3276
S1.2476.60,-1.2400,-76.6000,79.3276
S1.2476.52,-1.2400,-76.5200,79.3276
S1.2476.44,-1.2400,-76.4400,79.3276
S1.2476.36,-1.2400,-76.3600,79.3276
S1.2476.28,-1.2400,-76.2800,79.3276
S1.2476.20,-1.2400,-76.2000,79.3276
S1.2476.12,-1.2400,-76.1200,79.3276
S1.2476.04,-1.2400,-76.0400,79.3276
S1.2475.96,-1.2400,-75.9600,79.3276
S1.2475.88,-1.2400,-75.8800,79.3276
S1.2475.80,-1.2400,-75.8000,79.3276
S1.2475.72,-1.2400,-75.7200,79.3276
S1.2475.64,-1.2400,-75.6400,79.3276
S1.2475.56,-1.2400,-75.5600,108.9637
S1.1680.84,-1.1600,-80.8400,88.9317
S1.1680.76,-1.1600,-80.7600,79.3252
S1.1680.68,-1.1600,-80.6800,79.3252
S1.1680.60,-1.1600,-80.6000,79.3252
S1.1680.52,-1.1600,-80.5200,79.3252
S1.1680.44,-1.1600,-80.4400,79.3252
S1.1680.36,-1.1600,-80.3600,79.3252
S1.1680.28,-1.1600,-80.2800,79.3252
S1.1680.20,-1.1600,-80.2000,79.3252
S1.1680.12,-1.1600,-80.1200,79.3252
S1.1680.04,-1.1600,-80.0400,79.3252
S1.1679.96,-1.1600,-79.9600,79.3252
S1.1679.88,-1.1600,-79.8800,79.3252
S1.1679.80,-1.1600,-79.8000,79.3252
S1.1679.72,-1.1600,-79.7200,79.3252
S1.1679.64,-1.1600,-79.6400,79.3252
S1.1679.56,-1.1600,-79.5600,79.3252
S1.1679.48,-1.1600,-79.4800,79.3252
S1.1679.40,-1.1600,-79.4000,79.3252
S1.1679.32,-1.1600,-79.3200,79.3252
S1.1679.24,-1.1600,-79.2400,79.3252
S1.1679.16,-1.1600,-79.1600,79.3252
S1.1679.08,-1.1600,-79.0800,79.3252
S1.1679.00,-1.1600,-79.0000,79.3252
S1.1678.92,-1.1600,-78.9200,79.3252
S1.1678.84,-1.1600,-78.8400,79.3252
S1.1678.76,-1.1600,-78.7600,79.3252
S1.1678.68,-1.1600,-78.6800,79.3252
S1.1678.60,-1.1600,-78.6000,79.3252
S1.1678.52,-1.1600,-78.5200,79.3252
S1.1678.44,-1.1600,-78.4400,79.3252
S1.1678.36,-1.1600,-78.3600,79.3252
S1.1678.28,-1.1600,-78.2800,79.3252
S1.1678.20,-1.1600,-78.2000,79.3252
S1.1678.12,-1.1600,-78.1200,79.3252
S1.1678.04,-1.1600,-78.0400,79.3252
S1.1677.96,-1.1600,-77.9600,79.3252
S1.1677.88,-1.1600,-77.8800,79.3252
S1.1677.80,-1.1600,-77.8000,79.3252
S1.1677.72,-1.1600,-77.7200,79.3252
S1.1677.64,-1.1600,-77.6400,79.3252
S1.1677.56,-1.1600,-77.5600,79.3252
S1.1677.48,-1.1600,-77.4800,79.3252
S1.1677.40,-1.1600,-77.4000,79.3252
S1.1677.32,-1.1600,-77.3200,79.3252
S1.1677.24,-1.1600,-77.2400,79.3252
S1.1677.16,-1.1600,-77.1600,79.3252
S1.1677.08,-1.1600,-77.0800,79.3252
S1.1677.00,-1.1600,-77.0000,79.3252
S1.1676.92,-1.1600,-76.9200,79.3252
S1.1676.84,-1.1600,-76.8400,79.3252
S1.1676.76,-1.1600,-76.7600,79.3252
S1.1676.68,-1.1600,-76.6800,79.3252
S1.1676.60,-1.1600,-76.6000,79.3252
S1.1676.52,-1.1600,-76.5200,79.3252
S1.1676.44,-1.1600,-76.4400,79.3252
S1.1676.36,-1.1600,-76.3600,79.3252
S1.1676.28,-1.1600,-76.2800,79.3252
S1.1676.20,-1.1600,-76.2000,79.3252
S1.1676.12,-1.1600,-76.1200,79.3252
S1.1676.04,-1.1600,-76.0400,79.3252
S1.1675.96,-1.1600,-75.9600,79.3252
S1.1675.88,-1.1600,-75.8800,79.3252
S1.1675.80,-1.1600,-75.8000,79.3252
S1.1675.72,-1.1600,-75.7200,79.3252
S1.1675.64,-1.1600,-75.6400,79.3252
S1.1675.56,-1.1600,-75.5600,79.3252
S1.1675.48,-1.1600,-75.4800,84.0218
S1.0880.84,-1.0800,-80.8400,100.8735
S1.0880.76,-1.0800,-80.7600,79.3231
S1.0880.68,-1.0800,-80.6800,79.3231
S1.0880.60,-1.0800,-80.6000,79.3231
S1.0880.52,-1.0800,-80.5200,79.3231
S1.0880.44,-1.0800,-80.4400,79.3231
S1.0880.36,-1.0800,-80.3600,79.3231
S1.0880.28,-1.0800,-80.2800,79.3231
S1.0880.20,-1.0800,-80.2000,79.3231
S1.0880.12,-1.0800,-80.1200,79.3231
S1.0880.04,-1.0800,-80.0400,79.3231
S1.0879.96,-1.0800,-79.9600,79.3231
S1.0879.88,-1.0800,-79.8800,79.3231
S1.0879.80,-1.0800,-79.8000,79.3231
S1.0879.72,-1.0800,-79.7200,79.3231
S1.0879.64,-1.0800,-79.6400,79.3231
S1.0879.56,-1.0800,-79.5600,79.3231
S1.0879.48,-1.0800,-79.4800,79.3231
S1.0879.40,-1.0800,-79.4000,79.3231
S1.0879.32,-1.0800,-79.3200,79.3231
S1.0879.24,-1.0800,-79.2400,79.3231
S1.0879.16,-1.0800,-79.1600,79.3231
S1.0879.08,-1.0800,-79.0800,79.3231
S1.0879.00,-1.0800,-79.0000,79.3231
S1.0878.92,-1.0800,-78.9200,79.3231
S1.0878.84,-1.0800,-78.8400,79.3231
S1.0878.76,-1.0800,-78.7600,79.3231
S1.0878.68,-1.0800,-78.6800,79.3231
S1.0878.60,-1.0800,-78.6000,79.3231
S1.0878.52,-1.0800,-78.5200,79.3231
S1.0878.44,-1.0800,-78.4400,79.3231
S1.0878.36,-1.0800,-78.3600,79.3231
S1.0878.28,-1.0800,-78.2800,79.3231
S1.0878.20,-1.0800,-78.2000,79.3231
S1.0878.12,-1.0800,-78.1200,79.3231
S1.0878.04,-1.0800,-78.0400,79.3231
S1.0877.96,-1.0800,-77.9600,79.3231
S1.0877.88,-1.0800,-77.8800,79.3231
S1.0877.80,-1.0800,-77.8000,79.3231
S1.0877.72,-1.0800,-77.7200,79.3231
S1.0877.64,-1.0800,-77.6400,79.3231
S1.0877.56,-1.0800,-77.5600,79.3231
S1.0877.48,-1.0800,-77.4800,79.3231
S1.0877.40,-1.0800,-77.4000,79.3231
S1.0877.32,-1.0800,-77.3200,79.3231
S1.0877.24,-1.0800,-77.2400,79.3231
S1.0877.16,-1.0800,-77.1600,79.3231
S1.0877.08,-1.0800,-77.0800,79.3231
S1.0877.00,-1.0800,-77.0000,79.3231
S1.0876.92,-1.0800,-76.9200,79.3231
S1.0876.84,-1.0800,-76.8400,79.3231
S1.0876.76,-1.0800,-76.7600,79.3231
S1.0876.68,-1.0800,-76.6800,79.3231
S1.0876.60,-1.0800,-76.6000,79.3231
S1.0876.52,-1.0800,-76.5200,79.3231
S1.0876.44,-1.0800,-76.4400,79.3231
S1.0876.36,-1.0800,-76.3600,79.3231
S1.0876.28,-1.0800,-76.2800,79.3231
S1.0876.20,-1.0800,-76.2000,79.3231
S1.0876.12,-1.0800,-76.1200,79.3231
S1.0876.04,-1.0800,-76.0400,79.3231
S1.0875.96,-1.0800,-75.9600,79.3231
S1.0875.88,-1.0800,-75.8800,79.3231
S1.0875.80,-1.0800,-75.8000,79.3231
S1.0875.72,-1.0800,-75.7200,79.3231
S1.0875.64,-1.0800,-75.6400,79.3231
S1.0875.56,-1.0800,-75.5600,79.3231
S1.0875.48,-1.0800,-75.4800,92.9056
S1.0080.84,-1.0000,-80.8400,61.5087
S1.0080.76,-1.0000,-80.7600,89.2392
S1.0080.68,-1.0000,-80.6800,79.3211
S1.0080.60,-1.0000,-80.6000,79.3211
S1.0080.52,-1.0000,-80.5200,79.3211
S1.0080.44,-1.0000,-80.4400,79.3211
S1.0080.36,-1.0000,-80.3600,79.3211
S1.0080.28,-1.0000,-80.2800,79.3211
S1.0080.20,-1.0000,-80.2000,79.3211
S1.0080.12,-1.0000,-80.1200,79.3211
S1.0080.04,-1.0000,-80.0400,79.3211
S1.0079.96,-1.0000,-79.9600,79.3211
S1.0079.88,-1.0000,-79.8800,79.3211
S1.0079.80,-1.0000,-79.8000,79.3211
S1.0079.72,-1.0000,-79.7200,79.3211
S1.0079.64,-1.0000,-79.6400,79.3211
S1.0079.56,-1.0000,-79.5600,79.3211
S1.0079.48,-1.0000,-79.4800,79.3211
S1.0079.40,-1.0000,-79.4000,79.3211
S1.0079.32,-1.0000,-79.3200,79.3211
S1.0079.24,-1.0000,-79.2400,79.3211
S1.0079.16,-1.0000,-79.1600,79.3211
S1.0079.08,-1.0000,-79.0800,79.3211
S1.0079.00,-1.0000,-79.0000,79.3211
S1.0078.92,-1.0000,-78.9200,79.3211
S1.0078.84,-1.0000,-78.8400,79.3211
S1.0078.76,-1.0000,-78.7600,79.3211
S1.0078.68,-1.0000,-78.6800,79.3211
S1.0078.60,-1.0000,-78.6000,79.3211
S1.0078.52,-1.0000,-78.5200,79.3211
S1.0078.44,-1.0000,-78.4400,79.3211
S1.0078.36,-1.0000,-78.3600,79.3211
S1.0078.28,-1.0000,-78.2800,79.3211
S1.0078.20,-1.0000,-78.2000,79.3211
S1.0078.12,-1.0000,-78.1200,79.3211
S1.0078.04,-1.0000,-78.0400,79.3211
S1.0077.96,-1.0000,-77.9600,79.3211
S1.0077.88,-1.0000,-77.8800,79.3211
S1.0077.80,-1.0000,-77.8000,79.3211
S1.0077.72,-1.0000,-77.7200,79.3211
S1.0077.64,-1.0000,-77.6400,79.3211
S1.0077.56,-1.0000,-77.5600,79.3211
S1.0077.48,-1.0000,-77.4800,79.3211
S1.0077.40,-1.0000,-77.4000,79.3211
S1.0077.32,-1.0000,-77.3200,79.3211
S1.0077.24,-1.0000,-77.2400,79.3211
S1.0077.16,-1.0000,-77.1600,79.3211
S1.0077.08,-1.0000,-77.0800,79.3211
S1.0077.00,-1.0000,-77.0000,79.3211
S1.0076.92,-1.0000,-76.9200,79.3211
S1.0076.84,-1.0000,-76.8400,79.3211
S1.0076.76,-1.0000,-76.7600,79.3211
S1.0076.68,-1.0000,-76.6800,79.3211
S1.0076.60,-1.0000,-76.6000,79.3211
S1.0076.52,-1.0000,-76.5200,79.3211
S1.0076.44,-1.0000,-76.4400,79.3211
S1.0076.36,-1.0000,-76.3600,79.3211
S1.0076.28,-1.0000,-76.2800,79.3211
S1.0076.20,-1.0000,-76.2000,79.3211
S1.0076.12,-1.0000,-76.1200,79.3211
S1.0076.04,-1.0000,-76.0400,79.3211
S1.0075.96,-1.0000,-75.9600,79.3211
S1.0075.88,-1.0000,-75.8800,79.3211
S1.0075.80,-1.0000,-75.8000,79.3211
S1.0075.72,-1.0000,-75.7200,79.3211
S1.0075.64,-1.0000,-75.6400,79.3211
S1.0075.56,-1.0000,-75.5600,79.3211
S1.0075.48,-1.0000,-75.4800,104.5262
S0.9280.68,-0.9200,-80.6800,19.7904
S0.9280.60,-0.9200,-80.6000,27.1972
S0.9280.52,-0.9200,-80.5200,77.2409
S0.9280.44,-0.9200,-80.4400,79.3192
S0.9280.36,-0.9200,-80.3600,79.3192
S0.9280.28,-0.9200,-80.2800,79.3192
S0.9280.20,-0.9200,-80.2000,79.3192
S0.9280.12,-0.9200,-80.1200,79.3192
S0.9280.04,-0.9200,-80.0400,79.3192
S0.9279.96,-0.9200,-79.9600,79.3192
S0.9279.88,-0.9200,-79.8800,79.3192
S0.9279.80,-0.9200,-79.8000,79.3192
S0.9279.72,-0.9200,-79.7200,79.3192
S0.9279.64,-0.9200,-79.6400,79.3192
S0.9279.56,-0.9200,-79.5600,79.3192
S0.9279.48,-0.9200,-79.4800,79.3192
S0.9279.40,-0.9200,-79.4000,79.3192
S0.9279.32,-0.9200,-79.3200,79.3192
S0.9279.24,-0.9200,-79.2400,79.3192
S0.9279.16,-0.9200,-79.1600,79.3192
S0.9279.08,-0.9200,-79.0800,79.3192
S0.9279.00,-0.9200,-79.0000,79.3192
S0.9278.92,-0.9200,-78.9200,79.3192
S0.9278.84,-0.9200,-78.8400,79.3192
S0.9278.76,-0.9200,-78.7600,79.3192
S0.9278.68,-0.9200,-78.6800,79.3192
S0.9278.60,-0.9200,-78.6000,79.3192
S0.9278.52,-0.9200,-78.5200,79.3192
S0.9278.44,-0.9200,-78.4400,79.3192
S0.9278.36,-0.9200,-78.3600,79.3192
S0.9278.28,-0.9200,-78.2800,79.3192
S0.9278.20,-0.9200,-78.2000,79.3192
S0.9278.12,-0.9200,-78.1200,79.3192
S0.9278.04,-0.9200,-78.0400,79.3192
S0.9277.96,-0.9200,-77.9600,79.3192
S0.9277.88,-0.9200,-77.8800,79.3192
S0.9277.80,-0.9200,-77.8000,79.3192
S0.9277.72,-0.9200,-77.7200,79.3192
S0.9277.64,-0.9200,-77.6400,79.3192
S0.9277.56,-0.9200,-77.5600,79.3192
S0.9277.48,-0.9200,-77.4800,79.3192
S0.9277.40,-0.9200,-77.4000,79.3192
S0.9277.32,-0.9200,-77.3200,79.3192
S0.9277.24,-0.9200,-77.2400,79.3192
S0.9277.16,-0.9200,-77.1600,79.3192
S0.9277.08,-0.9200,-77.0800,79.3192
S0.9277.00,-0.9200,-77.0000,79.3192
S0.9276.92,-0.9200,-76.9200,79.3192
S0.9276.84,-0.9200,-76.8400,79.3192
S0.9276.76,-0.9200,-76.7600,79.3192
S0.9276.68,-0.9200,-76.6800,79.3192
S0.9276.60,-0.9200,-76.6000,79.3192
S0.9276.52,-0.9200,-76.5200,79.3192
S0.9276.44,-0.9200,-76.4400,79.3192
S0.9276.36,-0.9200,-76.3600,79.3192
S0.9276.28,-0.9200,-76.2800,79.3192
S0.9276.20,-0.9200,-76.2000,79.3192
S0.9276.12,-0.9200,-76.1200,79.3192
S0.9276.04,-0.9200,-76.0400,79.3192
S0.9275.96,-0.9200,-75.9600,79.3192
S0.9275.88,-0.9200,-75.8800,79.3192
S0.9275.80,-0.9200,-75.8000,79.3192
S0.9275.72,-0.9200,-75.7200,79.3192
S0.9275.64,-0.9200,-75.6400,79.3192
S0.9275.56,-0.9200,-75.5600,79.3192
S0.9275.48,-0.9200,-75.4800,79.3192
S0.9275.40,-0.9200,-75.4000,77.8208
S0.9275.32,-0.9200,-75.3200,157.6054
S0.8480.52,-0.8400,-80.5200,51.3311
S0.8480.44,-0.8400,-80.4400,79.3175
S0.8480.36,-0.8400,-80.3600,79.3175
S0.8480.28,-0.8400,-80.2800,79.3175
S0.8480.20,-0.8400,-80.2000,79.3175
S0.8480.12,-0.8400,-80.1200,79.3175
S0.8480.04,-0.8400,-80.0400,79.3175
S0.8479.96,-0.8400,-79.9600,79.3175
S0.8479.88,-0.8400,-79.8800,79.3175
S0.8479.80,-0.8400,-79.8000,79.3175
S0.8479.72,-0.8400,-79.7200,79.3175
S0.8479.64,-0.8400,-79.6400,79.3175
S0.8479.56,-0.8400,-79.5600,79.3175
S0.8479.48,-0.8400,-79.4800,79.3175
S0.8479.40,-0.8400,-79.4000,79.3175
S0.8479.32,-0.8400,-79.3200,79.3175
S0.8479.24,-0.8400,-79.2400,79.3175
S0.8479.16,-0.8400,-79.1600,79.3175
S0.8479.08,-0.8400,-79.0800,79.3175
S0.8479.00,-0.8400,-79.0000,79.3175
S0.8478.92,-0.8400,-78.9200,79.3175
S0.8478.84,-0.8400,-78.8400,79.3175
S0.8478.76,-0.8400,-78.7600,79.3175
S0.8478.68,-0.8400,-78.6800,79.3175
S0.8478.60,-0.8400,-78.6000,79.3175
S0.8478.52,-0.8400,-78.5200,79.3175
S0.8478.44,-0.8400,-78.4400,79.3175
S0.8478.36,-0.8400,-78.3600,79.3175
S0.8478.28,-0.8400,-78.2800,79.3175
S0.8478.20,-0.8400,-78.2000,79.3175
S0.8478.12,-0.8400,-78.1200,79.3175
S0.8478.04,-0.8400,-78.0400,79.3175
S0.8477.96,-0.8400,-77.9600,79.3175
S0.8477.88,-0.8400,-77.8800,79.3175
S0.8477.80,-0.8400,-77.8000,79.3175
S0.8477.72,-0.8400,-77.7200,79.3175
S0.8477.64,-0.8400,-77.6400,79.3175
S0.8477.56,-0.8400,-77.5600,79.3175
S0.8477.48,-0.8400,-77.4800,79.3175
S0.8477.40,-0.8400,-77.4000,79.3175
S0.8477.32,-0.8400,-77.3200,79.3175
S0.8477.24,-0.8400,-77.2400,79.3175
S0.8477.16,-0.8400,-77.1600,79.3175
S0.8477.08,-0.8400,-77.0800,79.3175
S0.8477.00,-0.8400,-77.0000,79.3175
S0.8476.92,-0.8400,-76.9200,79.3175
S0.8476.84,-0.8400,-76.8400,79.3175
S0.8476.76,-0.8400,-76.7600,79.3175
S0.8476.68,-0.8400,-76.6800,79.3175
S0.8476.60,-0.8400,-76.6000,79.3175
S0.8476.52,-0.8400,-76.5200,79.3175
S0.8476.44,-0.8400,-76.4400,79.3175
S0.8476.36,-0.8400,-76.3600,79.3175
S0.8476.28,-0.8400,-76.2800,79.3175
S0.8476.20,-0.8400,-76.2000,79.3175
S0.8476.12,-0.8400,-76.1200,79.3175
S0.8476.04,-0.8400,-76.0400,79.3175
S0.8475.96,-0.8400,-75.9600,79.3175
S0.8475.88,-0.8400,-75.8800,79.3175
S0.8475.80,-0.8400,-75.8000,79.3175
S0.8475.72,-0.8400,-75.7200,79.3175
S0.8475.64,-0.8400,-75.6400,79.3175
S0.8475.56,-0.8400,-75.5600,79.3175
S0.8475.48,-0.8400,-75.4800,79.3175
S0.8475.40,-0.8400,-75.4000,79.3175
S0.8475.32,-0.8400,-75.3200,120.0019
S0.7680.52,-0.7600,-80.5200,33.4504
S0.7680.44,-0.7600,-80.4400,79.3160
S0.7680.36,-0.7600,-80.3600,79.3160
S0.7680.28,-0.7600,-80.2800,79.3160
S0.7680.20,-0.7600,-80.2000,79.3160
S0.7680.12,-0.7600,-80.1200,79.3160
S0.7680.04,-0.7600,-80.0400,79.3160
S0.7679.96,-0.7600,-79.9600,79.3160
S0.7679.88,-0.7600,-79.8800,79.3160
S0.7679.80,-0.7600,-79.8000,79.3160
S0.7679.72,-0.7600,-79.7200,79.3160
S0.7679.64,-0.7600,-79.6400,79.3160
S0.7679.56,-0.7600,-79.5600,79.3160
S0.7679.48,-0.7600,-79.4800,79.3160
S0.7679.40,-0.7600,-79.4000,79.3160
S0.7679.32,-0.7600,-79.3200,79.3160
S0.7679.24,-0.7600,-79.2400,79.3160
S0.7679.16,-0.7600,-79.1600,79.3160
S0.7679.08,-0.7600,-79.0800,79.3160
S0.7679.00,-0.7600,-79.0000,79.3160
S0.7678.92,-0.7600,-78.9200,79.3160
S0.7678.84,-0.7600,-78.8400,79.3160
S0.7678.76,-0.7600,-78.7600,79.3160
S0.7678.68,-0.7600,-78.6800,79.3160
S0.7678.60,-0.7600,-78.6000,79.3160
S0.7678.52,-0.7600,-78.5200,79.3160
S0.7678.44,-0.7600,-78.4400,79.3160
S0.7678.36,-0.7600,-78.3600,79.3160
S0.7678.28,-0.7600,-78.2800,79.3160
S0.7678.20,-0.7600,-78.2000,79.3160
S0.7678.12,-0.7600,-78.1200,79.3160
S0.7678.04,-0.7600,-78.0400,79.3160
S0.7677.96,-0.7600,-77.9600,79.3160
S0.7677.88,-0.7600,-77.8800,79.3160
S0.7677.80,-0.7600,-77.8000,79.3160
S0.7677.72,-0.7600,-77.7200,79.3160
S0.7677.64,-0.7600,-77.6400,79.3160
S0.7677.56,-0.7600,-77.5600,79.3160
S0.7677.48,-0.7600,-77.4800,79.3160
S0.7677.40,-0.7600,-77.4000,79.3160
S0.7677.32,-0.7600,-77.3200,79.3160
S0.7677.24,-0.7600,-77.2400,79.3160
S0.7677.16,-0.7600,-77.1600,79.3160
S0.7677.08,-0.7600,-77.0800,79.3160
S0.7677.00,-0.7600,-77.0000,79.3160
S0.7676.92,-0.7600,-76.9200,79.3160
S0.7676.84,-0.7600,-76.8400,79.3160
S0.7676.76,-0.7600,-76.7600,79.3160
S0.7676.68,-0.7600,-76.6800,79.3160
S0.7676.60,-0.7600,-76.6000,79.3160
S0.7676.52,-0.7600,-76.5200,79.3160
S0.7676.44,-0.7600,-76.4400,79.3160
S0.7676.36,-0.7600,-76.3600,79.3160
S0.7676.28,-0.7600,-76.2800,79.3160
S0.7676.20,-0.7600,-76.2000,79.3160
S0.7676.12,-0.7600,-76.1200,79.3160
S0.7676.04,-0.7600,-76.0400,79.3160
S0.7675.96,-0.7600,-75.9600,79.3160
S0.7675.88,-0.7600,-75.8800,79.3160
S0.7675.80,-0.7600,-75.8000,79.3160
S0.7675.72,-0.7600,-75.7200,79.3160
S0.7675.64,-0.7600,-75.6400,79.3160
S0.7675.56,-0.7600,-75.5600,79.3160
S0.7675.48,-0.7600,-75.4800,79.3160
S0.7675.40,-0.7600,-75.4000,79.3160
S0.7675.32,-0.7600,-75.3200,94.9508
S0.6880.44,-0.6800,-80.4400,79.5211
S0.6880.36,-0.6800,-80.3600,62.3257
S0.6880.28,-0.6800,-80.2800,75.6531
S0.6880.20,-0.6800,-80.2000,79.3146
S0.6880.12,-0.6800,-80.1200,79.3146
S0.6880.04,-0.6800,-80.0400,79.3146
S0.6879.96,-0.6800,-79.9600,79.3146
S0.6879.88,-0.6800,-79.8800,79.3146
S0.6879.80,-0.6800,-79.8000,79.3146
S0.6879.72,-0.6800,-79.7200,79.3146
S0.6879.64,-0.6800,-79.6400,79.3146
S0.6879.56,-0.6800,-79.5600,79.3146
S0.6879.48,-0.6800,-79.4800,79.3146
S0.6879.40,-0.6800,-79.4000,79.3146
S0.6879.32,-0.6800,-79.3200,79.3146
S0.6879.24,-0.6800,-79.2400,79.3146
S0.6879.16,-0.6800,-79.1600,79.3146
S0.6879.08,-0.6800,-79.0800,79.3146
S0.6879.00,-0.6800,-79.0000,79.3146
S0.6878.92,-0.6800,-78.9200,79.3146
S0.6878.84,-0.6800,-78.8400,79.3146
S0.6878.76,-0.6800,-78.7600,79.3146
S0.6878.68,-0.6800,-78.6800,79.3146
S0.6878.60,-0.6800,-78.6000,79.3146
S0.6878.52,-0.6800,-78.5200,79.3146
S0.6878.44,-0.6800,-78.4400,79.3146
S0.6878.36,-0.6800,-78.3600,79.3146
S0.6878.28,-0.6800,-78.2800,79.3146
S0.6878.20,-0.6800,-78.2000,79.3146
S0.6878.12,-0.6800,-78.1200,79.3146
S0.6878.04,-0.6800,-78.0400,79.3146
S0.6877.96,-0.6800,-77.9600,79.3146
S0.6877.88,-0.6800,-77.8800,79.3146
S0.6877.80,-0.6800,-77.8000,79.3146
S0.6877.72,-0.6800,-77.7200,79.3146
S0.6877.64,-0.6800,-77.6400,79.3146
S0.6877.56,-0.6800,-77.5600,79.3146
S0.6877.48,-0.6800,-77.4800,79.3146
S0.6877.40,-0.6800,-77.4000,79.3146
S0.6877.32,-0.6800,-77.3200,79.3146
S0.6877.24,-0.6800,-77.2400,79.3146
S0.6877.16,-0.6800,-77.1600,79.3146
S0.6877.08,-0.6800,-77.0800,79.3146
S0.6877.00,-0.6800,-77.0000,79.3146
S0.6876.92,-0.6800,-76.9200,79.3146
S0.6876.84,-0.6800,-76.8400,79.3146
S0.6876.76,-0.6800,-76.7600,79.3146
S0.6876.68,-0.6800,-76.6800,79.3146
S0.6876.60,-0.6800,-76.6000,79.3146
S0.6876.52,-0.6800,-76.5200,79.3146
S0.6876.44,-0.6800,-76.4400,79.3146
S0.6876.36,-0.6800,-76.3600,79.3146
S0.6876.28,-0.6800,-76.2800,79.3146
S0.6876.20,-0.6800,-76.2000,79.3146
S0.6876.12,-0.6800,-76.1200,79.3146
S0.6876.04,-0.6800,-76.0400,79.3146
S0.6875.96,-0.6800,-75.9600,79.3146
S0.6875.88,-0.6800,-75.8800,79.3146
S0.6875.80,-0.6800,-75.8000,79.3146
S0.6875.72,-0.6800,-75.7200,79.3146
S0.6875.64,-0.6800,-75.6400,79.3146
S0.6875.56,-0.6800,-75.5600,79.3146
S0.6875.48,-0.6800,-75.4800,79.3146
S0.6875.40,-0.6800,-75.4000,79.3146
S0.6875.32,-0.6800,-75.3200,96.4759
S0.6080.44,-0.6000,-80.4400,35.8680
S0.6080.36,-0.6000,-80.3600,77.6171
S0.6080.28,-0.6000,-80.2800,79.3133
S0.6080.20,-0.6000,-80.2000,79.3133
S0.6080.12,-0.6000,-80.1200,79.3133
S0.6080.04,-0.6000,-80.0400,79.3133
S0.6079.96,-0.6000,-79.9600,79.3133
S0.6079.88,-0.6000,-79.8800,79.3133
S0.6079.80,-0.6000,-79.8000,79.3133
S0.6079.72,-0.6000,-79.7200,79.3133
S0.6079.64,-0.6000,-79.6400,79.3133
S0.6079.56,-0.6000,-79.5600,79.3133
S0.6079.48,-0.6000,-79.4800,79.3133
S0.6079.40,-0.6000,-79.4000,79.3133
S0.6079.32,-0.6000,-79.3200,79.3133
S0.6079.24,-0.6000,-79.2400,79.3133
S0.6079.16,-0.6000,-79.1600,79.3133
S0.6079.08,-0.6000,-79.0800,79.3133
S0.6079.00,-0.6000,-79.0000,79.3133
S0.6078.92,-0.6000,-78.9200,79.3133
S0.6078.84,-0.6000,-78.8400,79.3133
S0.6078.76,-0.6000,-78.7600,79.3133
S0.6078.68,-0.6000,-78.6800,79.3133
S0.6078.60,-0.6000,-78.6000,79.3133
S0.6078.52,-0.6000,-78.5200,79.3133
S0.6078.44,-0.6000,-78.4400,79.3133
S0.6078.36,-0.6000,-78.3600,79.3133
S0.6078.28,-0.6000,-78.2800,79.3133
S0.6078.20,-0.6000,-78.2000,79.3133
S0.6078.12,-0.6000,-78.1200,79.3133
S0.6078.04,-0.6000,-78.0400,79.3133
S0.6077.96,-0.6000,-77.9600,79.3133
S0.6077.88,-0.6000,-77.8800,79.3133
S0.6077.80,-0.6000,-77.8000,79.3133
S0.6077.72,-0.6000,-77.7200,79.3133
S0.6077.64,-0.6000,-77.6400,79.3133
S0.6077.56,-0.6000,-77.5600,79.3133
S0.6077.48,-0.6000,-77.4800,79.3133
S0.6077.40,-0.6000,-77.4000,79.3133
S0.6077.32,-0.6000,-77.3200,79.3133
S0.6077.24,-0.6000,-77.2400,79.3133
S0.6077.16,-0.6000,-77.1600,79.3133
S0.6077.08,-0.6000,-77.0800,79.3133
S0.6077.00,-0.6000,-77.0000,79.3133
S0.6076.92,-0.6000,-76.9200,79.3133
S0.6076.84,-0.6000,-76.8400,79.3133
S0.6076.76,-0.6000,-76.7600,79.3133
S0.6076.68,-0.6000,-76.6800,79.3133
S0.6076.60,-0.6000,-76.6000,79.3133
S0.6076.52,-0.6000,-76.5200,79.3133
S0.6076.44,-0.6000,-76.4400,79.3133
S0.6076.36,-0.6000,-76.3600,79.3133
S0.6076.28,-0.6000,-76.2800,79.3133
S0.6076.20,-0.6000,-76.2000,79.3133
S0.6076.12,-0.6000,-76.1200,79.3133
S0.6076.04,-0.6000,-76.0400,79.3133
S0.6075.96,-0.6000,-75.9600,79.3133
S0.6075.88,-0.6000,-75.8800,79.3133
S0.6075.80,-0.6000,-75.8000,79.3133
S0.6075.72,-0.6000,-75.7200,79.3133
S0.6075.64,-0.6000,-75.6400,79.3133
S0.6075.56,-0.6000,-75.5600,79.3133
S0.6075.48,-0.6000,-75.4800,79.3133
S0.6075.40,-0.6000,-75.4000,79.3133
S0.6075.32,-0.6000,-75.3200,129.1587
S0.5280.36,-0.5200,-80.3600,99.1403
S0.5280.28,-0.5200,-80.2800,79.3123
S0.5280.20,-0.5200,-80.2000,79.3123
S0.5280.12,-0.5200,-80.1200,79.3123
S0.5280.04,-0.5200,-80.0400,79.3123
S0.5279.96,-0.5200,-79.9600,79.3123
S0.5279.88,-0.5200,-79.8800,79.3123
S0.5279.80,-0.5200,-79.8000,79.3123
S0.5279.72,-0.5200,-79.7200,79.3123
S0.5279.64,-0.5200,-79.6400,79.3123
S0.5279.56,-0.5200,-79.5600,79.3123
S0.5279.48,-0.5200,-79.4800,79.3123
S0.5279.40,-0.5200,-79.4000,79.3123
S0.5279.32,-0.5200,-79.3200,79.3123
S0.5279.24,-0.5200,-79.2400,79.3123
S0.5279.16,-0.5200,-79.1600,79.3123
S0.5279.08,-0.5200,-79.0800,79.3123
S0.5279.00,-0.5200,-79.0000,79.3123
S0.5278.92,-0.5200,-78.9200,79.3123
S0.5278.84,-0.5200,-78.8400,79.3123
S0.5278.76,-0.5200,-78.7600,79.3123
S0.5278.68,-0.5200,-78.6800,79.3123
S0.5278.60,-0.5200,-78.6000,79.3123
S0.5278.52,-0.5200,-78.5200,79.3123
S0.5278.44,-0.5200,-78.4400,79.3123
S0.5278.36,-0.5200,-78.3600,79.3123
S0.5278.28,-0.5200,-78.2800,79.3123
S0.5278.20,-0.5200,-78.2000,79.3123
S0.5278.12,-0.5200,-78.1200,79.3123
S0.5278.04,-0.5200,-78.0400,79.3123
S0.5277.96,-0.5200,-77.9600,79.3123
S0.5277.88,-0.5200,-77.8800,79.3123
S0.5277.80,-0.5200,-77.8000,79.3123
S0.5277.72,-0.5200,-77.7200,79.3123
S0.5277.64,-0.5200,-77.6400,79.3123
S0.5277.56,-0.5200,-77.5600,79.3123
S0.5277.48,-0.5200,-77.4800,79.3123
S0.5277.40,-0.5200,-77.4000,79.3123
S0.5277.32,-0.5200,-77.3200,79.3123
S0.5277.24,-0.5200,-77.2400,79.3123
S0.5277.16,-0.5200,-77.1600,79.3123
S0.5277.08,-0.5200,-77.0800,79.3123
S0.5277.00,-0.5200,-77.0000,79.3123
S0.5276.92,-0.5200,-76.9200,79.3123
S0.5276.84,-0.5200,-76.8400,79.3123
S0.5276.76,-0.5200,-76.7600,79.3123
S0.5276.68,-0.5200,-76.6800,79.3123
S0.5276.60,-0.5200,-76.6000,79.3123
S0.5276.52,-0.5200,-76.5200,79.3123
S0.5276.44,-0.5200,-76.4400,79.3123
S0.5276.36,-0.5200,-76.3600,79.3123
S0.5276.28,-0.5200,-76.2800,79.3123
S0.5276.20,-0.5200,-76.2000,79.3123
S0.5276.12,-0.5200,-76.1200,79.3123
S0.5276.04,-0.5200,-76.0400,79.3123
S0.5275.96,-0.5200,-75.9600,79.3123
S0.5275.88,-0.5200,-75.8800,79.3123
S0.5275.80,-0.5200,-75.8000,79.3123
S0.5275.72,-0.5200,-75.7200,79.3123
S0.5275.64,-0.5200,-75.6400,79.3123
S0.5275.56,-0.5200,-75.5600,79.3123
S0.5275.48,-0.5200,-75.4800,79.3123
S0.5275.40,-0.5200,-75.4000,79.3123
S0.5275.32,-0.5200,-75.3200,97.1118
S0.4480.44,-0.4400,-80.4400,85.6698
S0.4480.36,-0.4400,-80.3600,79.3113
S0.4480.28,-0.4400,-80.2800,79.3113
S0.4480.20,-0.4400,-80.2000,79.3113
S0.4480.12,-0.4400,-80.1200,79.3113
S0.4480.04,-0.4400,-80.0400,79.3113
S0.4479.96,-0.4400,-79.9600,79.3113
S0.4479.88,-0.4400,-79.8800,79.3113
S0.4479.80,-0.4400,-79.8000,79.3113
S0.4479.72,-0.4400,-79.7200,79.3113
S0.4479.64,-0.4400,-79.6400,79.3113
S0.4479.56,-0.4400,-79.5600,79.3113
S0.4479.48,-0.4400,-79.4800,79.3113
S0.4479.40,-0.4400,-79.4000,79.3113
S0.4479.32,-0.4400,-79.3200,79.3113
S0.4479.24,-0.4400,-79.2400,79.3113
S0.4479.16,-0.4400,-79.1600,79.3113
S0.4479.08,-0.4400,-79.0800,79.3113
S0.4479.00,-0.4400,-79.0000,79.3113
S0.4478.92,-0.4400,-78.9200,79.3113
S0.4478.84,-0.4400,-78.8400,79.3113
S0.4478.76,-0.4400,-78.7600,79.3113
S0.4478.68,-0.4400,-78.6800,79.3113
S0.4478.60,-0.4400,-78.6000,79.3113
S0.4478.52,-0.4400,-78.5200,79.3113
S0.4478.44,-0.4400,-78.4400,79.3113
S0.4478.36,-0.4400,-78.3600,79.3113
S0.4478.28,-0.4400,-78.2800,79.3113
S0.4478.20,-0.4400,-78.2000,79.3113
S0.4478.12,-0.4400,-78.1200,79.3113
S0.4478.04,-0.4400,-78.0400,79.3113
S0.4477.96,-0.4400,-77.9600,79.3113
S0.4477.88,-0.4400,-77.8800,79.3113
S0.4477.80,-0.4400,-77.8000,79.3113
S0.4477.72,-0.4400,-77.7200,79.3113
S0.4477.64,-0.4400,-77.6400,79.3113
S0.4477.56,-0.4400,-77.5600,79.3113
S0.4477.48,-0.4400,-77.4800,79.3113
S0.4477.40,-0.4400,-77.4000,79.3113
S0.4477.32,-0.4400,-77.3200,79.3113
S0.4477.24,-0.4400,-77.2400,79.3113
S0.4477.16,-0.4400,-77.1600,79.3113
S0.4477.08,-0.4400,-77.0800,79.3113
S0.4477.00,-0.4400,-77.0000,79.3113
S0.4476.92,-0.4400,-76.9200,79.3113
S0.4476.84,-0.4400,-76.8400,79.3113
S0.4476.76,-0.4400,-76.7600,79.3113
S0.4476.68,-0.4400,-76.6800,79.3113
S0.4476.60,-0.4400,-76.6000,79.3113
S0.4476.52,-0.4400,-76.5200,79.3113
S0.4476.44,-0.4400,-76.4400,79.3113
S0.4476.36,-0.4400,-76.3600,79.3113
S0.4476.28,-0.4400,-76.2800,79.3113
S0.4476.20,-0.4400,-76.2000,79.3113
S0.4476.12,-0.4400,-76.1200,79.3113
S0.4476.04,-0.4400,-76.0400,79.3113
S0.4475.96,-0.4400,-75.9600,79.3113
S0.4475.88,-0.4400,-75.8800,79.3113
S0.4475.80,-0.4400,-75.8000,79.3113
S0.4475.72,-0.4400,-75.7200,79.3113
S0.4475.64,-0.4400,-75.6400,79.3113
S0.4475.56,-0.4400,-75.5600,79.3113
S0.4475.48,-0.4400,-75.4800,79.3113
S0.4475.40,-0.4400,-75.4000,71.9003
S0.3680.44,-0.3600,-80.4400,62.4728
S0.3680.36,-0.3600,-80.3600,79.3106
S0.3680.28,-0.3600,-80.2800,79.3106
S0.3680.20,-0.3600,-80.2000,79.3106
S0.3680.12,-0.3600,-80.1200,79.3106
S0.3680.04,-0.3600,-80.0400,79.3106
S0.3679.96,-0.3600,-79.9600,79.3106
S0.3679.88,-0.3600,-79.8800,79.3106
S0.3679.80,-0.3600,-79.8000,79.3106
S0.3679.72,-0.3600,-79.7200,79.3106
S0.3679.64,-0.3600,-79.6400,79.3106
S0.3679.56,-0.3600,-79.5600,79.3106
S0.3679.48,-0.3600,-79.4800,79.3106
S0.3679.40,-0.3600,-79.4000,79.3106
S0.3679.32,-0.3600,-79.3200,79.3106
S0.3679.24,-0.3600,-79.2400,79.3106
S0.3679.16,-0.3600,-79.1600,79.3106
S0.3679.08,-0.3600,-79.0800,79.3106
S0.3679.00,-0.3600,-79.0000,79.3106
S0.3678.92,-0.3600,-78.9200,79.3106
S0.3678.84,-0.3600,-78.8400,79.3106
S0.3678.76,-0.3600,-78.7600,79.3106
S0.3678.68,-0.3600,-78.6800,79.3106
S0.3678.60,-0.3600,-78.6000,79.3106
S0.3678.52,-0.3600,-78.5200,79.3106
S0.3678.44,-0.3600,-78.4400,79.3106
S0.3678.36,-0.3600,-78.3600,79.3106
S0.3678.28,-0.3600,-78.2800,79.3106
S0.3678.20,-0.3600,-78.2000,79.3106
S0.3678.12,-0.3600,-78.1200,79.3106
S0.3678.04,-0.3600,-78.0400,79.3106
S0.3677.96,-0.3600,-77.9600,79.3106
S0.3677.88,-0.3600,-77.8800,79.3106
S0.3677.80,-0.3600,-77.8000,79.3106
S0.3677.72,-0.3600,-77.7200,79.3106
S0.3677.64,-0.3600,-77.6400,79.3106
S0.3677.56,-0.3600,-77.5600,79.3106
S0.3677.48,-0.3600,-77.4800,79.3106
S0.3677.40,-0.3600,-77.4000,79.3106
S0.3677.32,-0.3600,-77.3200,79.3106
S0.3677.24,-0.3600,-77.2400,79.3106
S0.3677.16,-0.3600,-77.1600,79.3106
S0.3677.08,-0.3600,-77.0800,79.3106
S0.3677.00,-0.3600,-77.0000,79.3106
S0.3676.92,-0.3600,-76.9200,79.3106
S0.3676.84,-0.3600,-76.8400,79.3106
S0.3676.76,-0.3600,-76.7600,79.3106
S0.3676.68,-0.3600,-76.6800,79.3106
S0.3676.60,-0.3600,-76.6000,79.3106
S0.3676.52,-0.3600,-76.5200,79.3106
S0.3676.44,-0.3600,-76.4400,79.3106
S0.3676.36,-0.3600,-76.3600,79.3106
S0.3676.28,-0.3600,-76.2800,79.3106
S0.3676.20,-0.3600,-76.2000,79.3106
S0.3676.12,-0.3600,-76.1200,79.3106
S0.3676.04,-0.3600,-76.0400,79.3106
S0.3675.96,-0.3600,-75.9600,79.3106
S0.3675.88,-0.3600,-75.8800,79.3106
S0.3675.80,-0.3600,-75.8000,79.3106
S0.3675.72,-0.3600,-75.7200,79.3106
S0.3675.64,-0.3600,-75.6400,79.3106
S0.3675.56,-0.3600,-75.5600,79.3106
S0.3675.48,-0.3600,-75.4800,79.8259
S0.2880.36,-0.2800,-80.3600,85.4162
S0.2880.28,-0.2800,-80.2800,79.3099
S0.2880.20,-0.2800,-80.2000,79.3099
S0.2880.12,-0.2800,-80.1200,79.3099
S0.2880.04,-0.2800,-80.0400,79.3099
S0.2879.96,-0.2800,-79.9600,79.3099
S0.2879.88,-0.2800,-79.8800,79.3099
S0.2879.80,-0.2800,-79.8000,79.3099
S0.2879.72,-0.2800,-79.7200,79.3099
S0.2879.64,-0.2800,-79.6400,79.3099
S0.2879.56,-0.2800,-79.5600,79.3099
S0.2879.48,-0.2800,-79.4800,79.3099
S0.2879.40,-0.2800,-79.4000,79.3099
S0.2879.32,-0.2800,-79.3200,79.3099
S0.2879.24,-0.2800,-79.2400,79.3099
S0.2879.16,-0.2800,-79.1600,79.3099
S0.2879.08,-0.2800,-79.0800,79.3099
S0.2879.00,-0.2800,-79.0000,79.3099
S0.2878.92,-0.2800,-78.9200,79.3099
S0.2878.84,-0.2800,-78.8400,79.3099
S0.2878.76,-0.2800,-78.7600,79.3099
S0.2878.68,-0.2800,-78.6800,79.3099
S0.2878.60,-0.2800,-78.6000,79.3099
S0.2878.52,-0.2800,-78.5200,79.3099
S0.2878.44,-0.2800,-78.4400,79.3099
S0.2878.36,-0.2800,-78.3600,79.3099
S0.2878.28,-0.2800,-78.2800,79.3099
S0.2878.20,-0.2800,-78.2000,79.3099
S0.2878.12,-0.2800,-78.1200,79.3099
S0.2878.04,-0.2800,-78.0400,79.3099
S0.2877.96,-0.2800,-77.9600,79.3099
S0.2877.88,-0.2800,-77.8800,79.3099
S0.2877.80,-0.2800,-77.8000,79.3099
S0.2877.72,-0.2800,-77.7200,79.3099
S0.2877.64,-0.2800,-77.6400,79.3099
S0.2877.56,-0.2800,-77.5600,79.3099
S0.2877.48,-0.2800,-77.4800,79.3099
S0.2877.40,-0.2800,-77.4000,79.3099
S0.2877.32,-0.2800,-77.3200,79.3099
S0.2877.24,-0.2800,-77.2400,79.3099
S0.2877.16,-0.2800,-77.1600,79.3099
S0.2877.08,-0.2800,-77.0800,79.3099
S0.2877.00,-0.2800,-77.0000,79.3099
S0.2876.92,-0.2800,-76.9200,79.3099
S0.2876.84,-0.2800,-76.8400,79.3099
S0.2876.76,-0.2800,-76.7600,79.3099
S0.2876.68,-0.2800,-76.6800,79.3099
S0.2876.60,-0.2800,-76.6000,79.3099
S0.2876.52,-0.2800,-76.5200,79.3099
S0.2876.44,-0.2800,-76.4400,79.3099
S0.2876.36,-0.2800,-76.3600,79.3099
S0.2876.28,-0.2800,-76.2800,79.3099
S0.2876.20,-0.2800,-76.2000,79.3099
S0.2876.12,-0.2800,-76.1200,79.3099
S0.2876.04,-0.2800,-76.0400,79.3099
S0.2875.96,-0.2800,-75.9600,79.3099
S0.2875.88,-0.2800,-75.8800,79.3099
S0.2875.80,-0.2800,-75.8000,79.3099
S0.2875.72,-0.2800,-75.7200,79.3099
S0.2875.64,-0.2800,-75.6400,79.3099
S0.2875.56,-0.2800,-75.5600,79.3099
S0.2875.48,-0.2800,-75.4800,49.8806
S0.2080.28,-0.2000,-80.2800,78.5865
S0.2080.20,-0.2000,-80.2000,79.3095
S0.2080.12,-0.2000,-80.1200,79.3095
S0.2080.04,-0.2000,-80.0400,79.3095
S0.2079.96,-0.2000,-79.9600,79.3095
S0.2079.88,-0.2000,-79.8800,79.3095
S0.2079.80,-0.2000,-79.8000,79.3095
S0.2079.72,-0.2000,-79.7200,79.3095
S0.2079.64,-0.2000,-79.6400,79.3095
S0.2079.56,-0.2000,-79.5600,79.3095
S0.2079.48,-0.2000,-79.4800,79.3095
S0.2079.40,-0.2000,-79.4000,79.3095
S0.2079.32,-0.2000,-79.3200,79.3095
S0.2079.24,-0.2000,-79.2400,79.3095
S0.2079.16,-0.2000,-79.1600,79.3095
S0.2079.08,-0.2000,-79.0800,79.3095
S0.2079.00,-0.2000,-79.0000,79.3095
S0.2078.92,-0.2000,-78.9200,79.3095
S0.2078.84,-0.2000,-78.8400,79.3095
S0.2078.76,-0.2000,-78.7600,79.3095
S0.2078.68,-0.2000,-78.6800,79.3095
S0.2078.60,-0.2000,-78.6000,79.3095
S0.2078.52,-0.2000,-78.5200,79.3095
S0.2078.44,-0.2000,-78.4400,79.3095
S0.2078.36,-0.2000,-78.3600,79.3095
S0.2078.28,-0.2000,-78.2800,79.3095
S0.2078.20,-0.2000,-78.2000,79.3095
S0.2078.12,-0.2000,-78.1200,79.3095
S0.2078.04,-0.2000,-78.0400,79.3095
S0.2077.96,-0.2000,-77.9600,79.3095
S0.2077.88,-0.2000,-77.8800,79.3095
S0.2077.80,-0.2000,-77.8000,79.3095
S0.2077.72,-0.2000,-77.7200,79.3095
S0.2077.64,-0.2000,-77.6400,79.3095
S0.2077.56,-0.2000,-77.5600,79.3095
S0.2077.48,-0.2000,-77.4800,79.3095
S0.2077.40,-0.2000,-77.4000,79.3095
S0.2077.32,-0.2000,-77.3200,79.3095
S0.2077.24,-0.2000,-77.2400,79.3095
S0.2077.16,-0.2000,-77.1600,79.3095
S0.2077.08,-0.2000,-77.0800,79.3095
S0.2077.00,-0.2000,-77.0000,79.3095
S0.2076.92,-0.2000,-76.9200,79.3095
S0.2076.84,-0.2000,-76.8400,79.3095
S0.2076.76,-0.2000,-76.7600,79.3095
S0.2076.68,-0.2000,-76.6800,79.3095
S0.2076.60,-0.2000,-76.6000,79.3095
S0.2076.52,-0.2000,-76.5200,79.3095
S0.2076.44,-0.2000,-76.4400,79.3095
S0.2076.36,-0.2000,-76.3600,79.3095
S0.2076.28,-0.2000,-76.2800,79.3095
S0.2076.20,-0.2000,-76.2000,79.3095
S0.2076.12,-0.2000,-76.1200,79.3095
S0.2076.04,-0.2000,-76.0400,79.3095
S0.2075.96,-0.2000,-75.9600,79.3095
S0.2075.88,-0.2000,-75.8800,79.3095
S0.2075.80,-0.2000,-75.8000,79.3095
S0.2075.72,-0.2000,-75.7200,79.3095
S0.2075.64,-0.2000,-75.6400,76.0618
S0.2075.56,-0.2000,-75.5600,62.3912
S0.1280.20,-0.1200,-80.2000,56.5137
S0.1280.12,-0.1200,-80.1200,79.3092
S0.1280.04,-0.1200,-80.0400,79.3092
S0.1279.96,-0.1200,-79.9600,79.3092
S0.1279.88,-0.1200,-79.8800,79.3092
S0.1279.80,-0.1200,-79.8000,79.3092
S0.1279.72,-0.1200,-79.7200,79.3092
S0.1279.64,-0.1200,-79.6400,79.3092
S0.1279.56,-0.1200,-79.5600,79.3092
S0.1279.48,-0.1200,-79.4800,79.3092
S0.1279.40,-0.1200,-79.4000,79.3092
S0.1279.32,-0.1200,-79.3200,79.3092
S0.1279.24,-0.1200,-79.2400,79.3092
S0.1279.16,-0.1200,-79.1600,79.3092
S0.1279.08,-0.1200,-79.0800,79.3092
S0.1279.00,-0.1200,-79.0000,79.3092
S0.1278.92,-0.1200,-78.9200,79.3092
S0.1278.84,-0.1200,-78.8400,79.3092
S0.1278.76,-0.1200,-78.7600,79.3092
S0.1278.68,-0.1200,-78.6800,79.3092
S0.1278.60,-0.1200,-78.6000,79.3092
S0.1278.52,-0.1200,-78.5200,79.3092
S0.1278.44,-0.1200,-78.4400,79.3092
S0.1278.36,-0.1200,-78.3600,79.3092
S0.1278.28,-0.1200,-78.2800,79.3092
S0.1278.20,-0.1200,-78.2000,79.3092
S0.1278.12,-0.1200,-78.1200,79.3092
S0.1278.04,-0.1200,-78.0400,79.3092
S0.1277.96,-0.1200,-77.9600,79.3092
S0.1277.88,-0.1200,-77.8800,79.3092
S0.1277.80,-0.1200,-77.8000,79.3092
S0.1277.72,-0.1200,-77.7200,79.3092
S0.1277.64,-0.1200,-77.6400,79.3092
S0.1277.56,-0.1200,-77.5600,79.3092
S0.1277.48,-0.1200,-77.4800,79.3092
S0.1277.40,-0.1200,-77.4000,79.3092
S0.1277.32,-0.1200,-77.3200,79.3092
S0.1277.24,-0.1200,-77.2400,79.3092
S0.1277.16,-0.1200,-77.1600,79.3092
S0.1277.08,-0.1200,-77.0800,79.3092
S0.1277.00,-0.1200,-77.0000,79.3092
S0.1276.92,-0.1200,-76.9200,79.3092
S0.1276.84,-0.1200,-76.8400,79.3092
S0.1276.76,-0.1200,-76.7600,79.3092
S0.1276.68,-0.1200,-76.6800,79.3092
S0.1276.60,-0.1200,-76.6000,79.3092
S0.1276.52,-0.1200,-76.5200,79.3092
S0.1276.44,-0.1200,-76.4400,79.3092
S0.1276.36,-0.1200,-76.3600,79.3092
S0.1276.28,-0.1200,-76.2800,79.3092
S0.1276.20,-0.1200,-76.2000,79.3092
S0.1276.12,-0.1200,-76.1200,79.3092
S0.1276.04,-0.1200,-76.0400,79.3092
S0.1275.96,-0.1200,-75.9600,79.3092
S0.1275.88,-0.1200,-75.8800,79.3092
S0.1275.80,-0.1200,-75.8000,79.3092
S0.1275.72,-0.1200,-75.7200,79.3092
S0.1275.64,-0.1200,-75.6400,83.9756
S0.1275.48,-0.1200,-75.4800,63.9462
S0.1275.40,-0.1200,-75.4000,72.9353
S0.1275.32,-0.1200,-75.3200,77.9494
S0.0480.12,-0.0400,-80.1200,60.5088
S0.0480.04,-0.0400,-80.0400,79.3090
S0.0479.96,-0.0400,-79.9600,79.3090
S0.0479.88,-0.0400,-79.8800,79.3090
S0.0479.80,-0.0400,-79.8000,79.3090
S0.0479.72,-0.0400,-79.7200,79.3090
S0.0479.64,-0.0400,-79.6400,79.3090
S0.0479.56,-0.0400,-79.5600,79.3090
S0.0479.48,-0.0400,-79.4800,79.3090
S0.0479.40,-0.0400,-79.4000,79.3090
S0.0479.32,-0.0400,-79.3200,79.3090
S0.0479.24,-0.0400,-79.2400,79.3090
S0.0479.16,-0.0400,-79.1600,79.3090
S0.0479.08,-0.0400,-79.0800,79.3090
S0.0479.00,-0.0400,-79.0000,79.3090
S0.0478.92,-0.0400,-78.9200,79.3090
S0.0478.84,-0.0400,-78.8400,79.3090
S0.0478.76,-0.0400,-78.7600,79.3090
S0.0478.68,-0.0400,-78.6800,79.3090
S0.0478.60,-0.0400,-78.6000,79.3090
S0.0478.52,-0.0400,-78.5200,79.3090
S0.0478.44,-0.0400,-78.4400,79.3090
S0.0478.36,-0.0400,-78.3600,79.3090
S0.0478.28,-0.0400,-78.2800,79.3090
S0.0478.20,-0.0400,-78.2000,79.3090
S0.0478.12,-0.0400,-78.1200,79.3090
S0.0478.04,-0.0400,-78.0400,79.3090
S0.0477.96,-0.0400,-77.9600,79.3090
S0.0477.88,-0.0400,-77.8800,79.3090
S0.0477.80,-0.0400,-77.8000,79.3090
S0.0477.72,-0.0400,-77.7200,79.3090
S0.0477.64,-0.0400,-77.6400,79.3090
S0.0477.56,-0.0400,-77.5600,79.3090
S0.0477.48,-0.0400,-77.4800,79.3090
S0.0477.40,-0.0400,-77.4000,79.3090
S0.0477.32,-0.0400,-77.3200,79.3090
S0.0477.24,-0.0400,-77.2400,79.3090
S0.0477.16,-0.0400,-77.1600,79.3090
S0.0477.08,-0.0400,-77.0800,79.3090
S0.0477.00,-0.0400,-77.0000,79.3090
S0.0476.92,-0.0400,-76.9200,79.3090
S0.0476.84,-0.0400,-76.8400,79.3090
S0.0476.76,-0.0400,-76.7600,79.3090
S0.0476.68,-0.0400,-76.6800,79.3090
S0.0476.60,-0.0400,-76.6000,79.3090
S0.0476.52,-0.0400,-76.5200,79.3090
S0.0476.44,-0.0400,-76.4400,79.3090
S0.0476.36,-0.0400,-76.3600,79.3090
S0.0476.28,-0.0400,-76.2800,79.3090
S0.0476.20,-0.0400,-76.2000,79.3090
S0.0476.12,-0.0400,-76.1200,79.3090
S0.0476.04,-0.0400,-76.0400,79.3090
S0.0475.96,-0.0400,-75.9600,79.3090
S0.0475.88,-0.0400,-75.8800,79.3090
S0.0475.80,-0.0400,-75.8000,79.3090
S0.0475.72,-0.0400,-75.7200,79.3090
S0.0475.64,-0.0400,-75.6400,79.3090
S0.0475.56,-0.0400,-75.5600,82.9087
S0.0475.48,-0.0400,-75.4800,28.0469
N0.0480.04,0.0400,-80.0400,78.3496
N0.0479.96,0.0400,-79.9600,79.3090
N0.0479.88,0.0400,-79.8800,79.3090
N0.0479.8,0.0400,-79.8000,79.3090
N0.0479.72,0.0400,-79.7200,79.3090
N0.0479.64,0.0400,-79.6400,79.3090
N0.0479.56,0.0400,-79.5600,79.3090
N0.0479.48,0.0400,-79.4800,79.3090
N0.0479.4,0.0400,-79.4000,79.3090
N0.0479.32,0.0400,-79.3200,79.3090
N0.0479.24,0.0400,-79.2400,79.3090
N0.0479.16,0.0400,-79.1600,79.3090
N0.0479.08,0.0400,-79.0800,79.3090
N0.0479,0.0400,-79.0000,79.3090
N0.0478.92,0.0400,-78.9200,79.3090
N0.0478.84,0.0400,-78.8400,79.3090
N0.0478.76,0.0400,-78.7600,79.3090
N0.0478.68,0.0400,-78.6800,79.3090
N0.0478.6,0.0400,-78.6000,79.3090
N0.0478.52,0.0400,-78.5200,79.3090
N0.0478.44,0.0400,-78.4400,79.3090
N0.0478.36,0.0400,-78.3600,79.3090
N0.0478.28,0.0400,-78.2800,79.3090
N0.0478.2,0.0400,-78.2000,79.3090
N0.0478.12,0.0400,-78.1200,79.3090
N0.0478.04,0.0400,-78.0400,79.3090
N0.0477.96,0.0400,-77.9600,79.3090
N0.0477.88,0.0400,-77.8800,79.3090
N0.0477.8,0.0400,-77.8000,79.3090
N0.0477.72,0.0400,-77.7200,79.3090
N0.0477.64,0.0400,-77.6400,79.3090
N0.0477.56,0.0400,-77.5600,79.3090
N0.0477.48,0.0400,-77.4800,79.3090
N0.0477.4,0.0400,-77.4000,79.3090
N0.0477.32,0.0400,-77.3200,79.3090
N0.0477.24,0.0400,-77.2400,79.3090
N0.0477.16,0.0400,-77.1600,79.3090
N0.0477.08,0.0400,-77.0800,79.3090
N0.0477,0.0400,-77.0000,79.3090
N0.0476.92,0.0400,-76.9200,79.3090
N0.0476.84,0.0400,-76.8400,79.3090
N0.0476.76,0.0400,-76.7600,79.3090
N0.0476.68,0.0400,-76.6800,79.3090
N0.0476.6,0.0400,-76.6000,79.3090
N0.0476.52,0.0400,-76.5200,79.3090
N0.0476.44,0.0400,-76.4400,79.3090
N0.0476.36,0.0400,-76.3600,79.3090
N0.0476.28,0.0400,-76.2800,79.3090
N0.0476.2,0.0400,-76.2000,79.3090
N0.0476.12,0.0400,-76.1200,79.3090
N0.0476.04,0.0400,-76.0400,79.3090
N0.0475.96,0.0400,-75.9600,79.3090
N0.0475.88,0.0400,-75.8800,79.3090
N0.0475.8,0.0400,-75.8000,60.9260
N0.0475.72,0.0400,-75.7200,37.5396
N0.0475.64,0.0400,-75.6400,33.6482
N0.1280.04,0.1200,-80.0400,43.1591
N0.1279.96,0.1200,-79.9600,79.3092
N0.1279.88,0.1200,-79.8800,79.3092
N0.1279.8,0.1200,-79.8000,79.3092
N0.1279.72,0.1200,-79.7200,79.3092
N0.1279.64,0.1200,-79.6400,79.3092
N0.1279.56,0.1200,-79.5600,79.3092
N0.1279.48,0.1200,-79.4800,79.3092
N0.1279.4,0.1200,-79.4000,79.3092
N0.1279.32,0.1200,-79.3200,79.3092
N0.1279.24,0.1200,-79.2400,79.3092
N0.1279.16,0.1200,-79.1600,79.3092
N0.1279.08,0.1200,-79.0800,79.3092
N0.1279,0.1200,-79.0000,79.3092
N0.1278.92,0.1200,-78.9200,79.3092
N0.1278.84,0.1200,-78.8400,79.3092
N0.1278.76,0.1200,-78.7600,79.3092
N0.1278.68,0.1200,-78.6800,79.3092
N0.1278.6,0.1200,-78.6000,79.3092
N0.1278.52,0.1200,-78.5200,79.3092
N0.1278.44,0.1200,-78.4400,79.3092
N0.1278.36,0.1200,-78.3600,79.3092
N0.1278.28,0.1200,-78.2800,79.3092
N0.1278.2,0.1200,-78.2000,79.3092
N0.1278.12,0.1200,-78.1200,79.3092
N0.1278.04,0.1200,-78.0400,79.3092
N0.1277.96,0.1200,-77.9600,79.3092
N0.1277.88,0.1200,-77.8800,79.3092
N0.1277.8,0.1200,-77.8000,79.3092
N0.1277.72,0.1200,-77.7200,79.3092
N0.1277.64,0.1200,-77.6400,79.3092
N0.1277.56,0.1200,-77.5600,79.3092
N0.1277.48,0.1200,-77.4800,79.3092
N0.1277.4,0.1200,-77.4000,79.3092
N0.1277.32,0.1200,-77.3200,79.3092
N0.1277.24,0.1200,-77.2400,79.3092
N0.1277.16,0.1200,-77.1600,79.3092
N0.1277.08,0.1200,-77.0800,79.3092
N0.1277,0.1200,-77.0000,79.3092
N0.1276.92,0.1200,-76.9200,79.3092
N0.1276.84,0.1200,-76.8400,79.3092
N0.1276.76,0.1200,-76.7600,79.3092
N0.1276.68,0.1200,-76.6800,79.3092
N0.1276.6,0.1200,-76.6000,79.3092
N0.1276.52,0.1200,-76.5200,79.3092
N0.1276.44,0.1200,-76.4400,79.3092
N0.1276.36,0.1200,-76.3600,79.3092
N0.1276.28,0.1200,-76.2800,79.3092
N0.1276.2,0.1200,-76.2000,79.3092
N0.1276.12,0.1200,-76.1200,79.3092
N0.1276.04,0.1200,-76.0400,79.3092
N0.1275.96,0.1200,-75.9600,79.3092
N0.1275.88,0.1200,-75.8800,58.9701
N0.280.04,0.2000,-80.0400,31.1559
N0.279.96,0.2000,-79.9600,64.6463
N0.279.88,0.2000,-79.8800,79.3095
N0.279.8,0.2000,-79.8000,79.3095
N0.279.72,0.2000,-79.7200,79.3095
N0.279.64,0.2000,-79.6400,79.3095
N0.279.56,0.2000,-79.5600,79.3095
N0.279.48,0.2000,-79.4800,79.3095
N0.279.4,0.2000,-79.4000,79.3095
N0.279.32,0.2000,-79.3200,79.3095
N0.279.24,0.2000,-79.2400,79.3095
N0.279.16,0.2000,-79.1600,79.3095
N0.279.08,0.2000,-79.0800,79.3095
N0.279,0.2000,-79.0000,79.3095
N0.278.92,0.2000,-78.9200,79.3095
N0.278.84,0.2000,-78.8400,79.3095
N0.278.76,0.2000,-78.7600,79.3095
N0.278.68,0.2000,-78.6800,79.3095
N0.278.6,0.2000,-78.6000,79.3095
N0.278.52,0.2000,-78.5200,79.3095
N0.278.44,0.2000,-78.4400,79.3095
N0.278.36,0.2000,-78.3600,79.3095
N0.278.28,0.2000,-78.2800,79.3095
N0.278.2,0.2000,-78.2000,79.3095
N0.278.12,0.2000,-78.1200,79.3095
N0.278.04,0.2000,-78.0400,79.3095
N0.277.96,0.2000,-77.9600,79.3095
N0.277.88,0.2000,-77.8800,79.3095
N0.277.8,0.2000,-77.8000,79.3095
N0.277.72,0.2000,-77.7200,79.3095
N0.277.64,0.2000,-77.6400,79.3095
N0.277.56,0.2000,-77.5600,79.3095
N0.277.48,0.2000,-77.4800,79.3095
N0.277.4,0.2000,-77.4000,79.3095
N0.277.32,0.2000,-77.3200,79.3095
N0.277.24,0.2000,-77.2400,79.3095
N0.277.16,0.2000,-77.1600,79.3095
N0.277.08,0.2000,-77.0800,112.5464
N0.277,0.2000,-77.0000,119.1365
N0.276.92,0.2000,-76.9200,96.6347
N0.276.84,0.2000,-76.8400,88.2649
N0.276.76,0.2000,-76.7600,79.3095
N0.276.68,0.2000,-76.6800,98.7691
N0.276.6,0.2000,-76.6000,76.4828
N0.276.52,0.2000,-76.5200,82.5243
N0.276.44,0.2000,-76.4400,80.4003
N0.276.36,0.2000,-76.3600,79.3095
N0.276.28,0.2000,-76.2800,79.3095
N0.276.2,0.2000,-76.2000,79.3095
N0.276.12,0.2000,-76.1200,79.3095
N0.276.04,0.2000,-76.0400,79.3095
N0.275.96,0.2000,-75.9600,55.5958
N0.2880.04,0.2800,-80.0400,43.6375
N0.2879.96,0.2800,-79.9600,55.2446
N0.2879.88,0.2800,-79.8800,79.3099
N0.2879.8,0.2800,-79.8000,79.3099
N0.2879.72,0.2800,-79.7200,79.3099
N0.2879.64,0.2800,-79.6400,79.3099
N0.2879.56,0.2800,-79.5600,79.3099
N0.2879.48,0.2800,-79.4800,79.3099
N0.2879.4,0.2800,-79.4000,79.3099
N0.2879.32,0.2800,-79.3200,79.3099
N0.2879.24,0.2800,-79.2400,79.3099
N0.2879.16,0.2800,-79.1600,79.3099
N0.2879.08,0.2800,-79.0800,79.3099
N0.2879,0.2800,-79.0000,79.3099
N0.2878.92,0.2800,-78.9200,79.3099
N0.2878.84,0.2800,-78.8400,79.3099
N0.2878.76,0.2800,-78.7600,79.3099
N0.2878.68,0.2800,-78.6800,79.3099
N0.2878.6,0.2800,-78.6000,79.3099
N0.2878.52,0.2800,-78.5200,79.3099
N0.2878.44,0.2800,-78.4400,79.3099
N0.2878.36,0.2800,-78.3600,79.3099
N0.2878.28,0.2800,-78.2800,79.3099
N0.2878.2,0.2800,-78.2000,79.3099
N0.2878.12,0.2800,-78.1200,79.3099
N0.2878.04,0.2800,-78.0400,79.3099
N0.2877.96,0.2800,-77.9600,79.3099
N0.2877.88,0.2800,-77.8800,79.3099
N0.2877.8,0.2800,-77.8000,79.3099
N0.2877.72,0.2800,-77.7200,79.3099
N0.2877.64,0.2800,-77.6400,79.3099
N0.2877.56,0.2800,-77.5600,79.3099
N0.2877.48,0.2800,-77.4800,79.3099
N0.2877.4,0.2800,-77.4000,79.3099
N0.2877.32,0.2800,-77.3200,79.3099
N0.2877.24,0.2800,-77.2400,79.3099
N0.2877.16,0.2800,-77.1600,108.3307
N0.2876.76,0.2800,-76.7600,34.6186
N0.2876.36,0.2800,-76.3600,91.6705
N0.2876.28,0.2800,-76.2800,79.3099
N0.2876.2,0.2800,-76.2000,79.3099
N0.2876.12,0.2800,-76.1200,87.8097
N0.2876.04,0.2800,-76.0400,71.3757
N0.3679.96,0.3600,-79.9600,84.2713
N0.3679.88,0.3600,-79.8800,79.3106
N0.3679.8,0.3600,-79.8000,79.3106
N0.3679.72,0.3600,-79.7200,79.3106
N0.3679.64,0.3600,-79.6400,79.3106
N0.3679.56,0.3600,-79.5600,79.3106
N0.3679.48,0.3600,-79.4800,79.3106
N0.3679.4,0.3600,-79.4000,79.3106
N0.3679.32,0.3600,-79.3200,79.3106
N0.3679.24,0.3600,-79.2400,79.3106
N0.3679.16,0.3600,-79.1600,79.3106
N0.3679.08,0.3600,-79.0800,79.3106
N0.3679,0.3600,-79.0000,79.3106
N0.3678.92,0.3600,-78.9200,79.3106
N0.3678.84,0.3600,-78.8400,79.3106
N0.3678.76,0.3600,-78.7600,79.3106
N0.3678.68,0.3600,-78.6800,79.3106
N0.3678.6,0.3600,-78.6000,79.3106
N0.3678.52,0.3600,-78.5200,79.3106
N0.3678.44,0.3600,-78.4400,79.3106
N0.3678.36,0.3600,-78.3600,79.3106
N0.3678.28,0.3600,-78.2800,79.3106
N0.3678.2,0.3600,-78.2000,79.3106
N0.3678.12,0.3600,-78.1200,79.3106
N0.3678.04,0.3600,-78.0400,79.3106
N0.3677.96,0.3600,-77.9600,79.3106
N0.3677.88,0.3600,-77.8800,79.3106
N0.3677.8,0.3600,-77.8000,79.3106
N0.3677.72,0.3600,-77.7200,79.3106
N0.3677.64,0.3600,-77.6400,79.3106
N0.3677.56,0.3600,-77.5600,79.3106
N0.3677.48,0.3600,-77.4800,79.3106
N0.3677.4,0.3600,-77.4000,80.8958
N0.3677.32,0.3600,-77.3200,58.4994
N0.3677.24,0.3600,-77.2400,44.2739
N0.3677.16,0.3600,-77.1600,70.3702
N0.3676.36,0.3600,-76.3600,76.4612
N0.3676.28,0.3600,-76.2800,79.0537
N0.3676.2,0.3600,-76.2000,71.1398
N0.4479.96,0.4400,-79.9600,118.4590
N0.4479.88,0.4400,-79.8800,79.3113
N0.4479.8,0.4400,-79.8000,79.3113
N0.4479.72,0.4400,-79.7200,79.3113
N0.4479.64,0.4400,-79.6400,79.3113
N0.4479.56,0.4400,-79.5600,79.3113
N0.4479.48,0.4400,-79.4800,79.3113
N0.4479.4,0.4400,-79.4000,79.3113
N0.4479.32,0.4400,-79.3200,79.3113
N0.4479.24,0.4400,-79.2400,79.3113
N0.4479.16,0.4400,-79.1600,79.3113
N0.4479.08,0.4400,-79.0800,79.3113
N0.4479,0.4400,-79.0000,79.3113
N0.4478.92,0.4400,-78.9200,79.3113
N0.4478.84,0.4400,-78.8400,79.3113
N0.4478.76,0.4400,-78.7600,79.3113
N0.4478.68,0.4400,-78.6800,79.3113
N0.4478.6,0.4400,-78.6000,79.3113
N0.4478.52,0.4400,-78.5200,79.3113
N0.4478.44,0.4400,-78.4400,79.3113
N0.4478.36,0.4400,-78.3600,79.3113
N0.4478.28,0.4400,-78.2800,79.3113
N0.4478.2,0.4400,-78.2000,79.3113
N0.4478.12,0.4400,-78.1200,79.3113
N0.4478.04,0.4400,-78.0400,79.3113
N0.4477.96,0.4400,-77.9600,79.3113
N0.4477.88,0.4400,-77.8800,79.3113
N0.4477.8,0.4400,-77.8000,79.3113
N0.4477.72,0.4400,-77.7200,79.3113
N0.4477.64,0.4400,-77.6400,79.3113
N0.4477.56,0.4400,-77.5600,76.8865
N0.4477.48,0.4400,-77.4800,15.6875
N0.4476.28,0.4400,-76.2800,20.9786
N0.5279.96,0.5200,-79.9600,101.4239
N0.5279.88,0.5200,-79.8800,79.3123
N0.5279.8,0.5200,-79.8000,79.3123
N0.5279.72,0.5200,-79.7200,79.3123
N0.5279.64,0.5200,-79.6400,79.3123
N0.5279.56,0.5200,-79.5600,79.3123
N0.5279.48,0.5200,-79.4800,79.3123
N0.5279.4,0.5200,-79.4000,79.3123
N0.5279.32,0.5200,-79.3200,79.3123
N0.5279.24,0.5200,-79.2400,79.3123
N0.5279.16,0.5200,-79.1600,79.3123
N0.5279.08,0.5200,-79.0800,79.3123
N0.5279,0.5200,-79.0000,79.3123
N0.5278.92,0.5200,-78.9200,79.3123
N0.5278.84,0.5200,-78.8400,79.3123
N0.5278.76,0.5200,-78.7600,79.3123
N0.5278.68,0.5200,-78.6800,79.3123
N0.5278.6,0.5200,-78.6000,79.3123
N0.5278.52,0.5200,-78.5200,79.3123
N0.5278.44,0.5200,-78.4400,79.3123
N0.5278.36,0.5200,-78.3600,79.3123
N0.5278.28,0.5200,-78.2800,79.3123
N0.5278.2,0.5200,-78.2000,79.3123
N0.5278.12,0.5200,-78.1200,79.3123
N0.5278.04,0.5200,-78.0400,79.3123
N0.5277.96,0.5200,-77.9600,79.3123
N0.5277.88,0.5200,-77.8800,79.3123
N0.5277.8,0.5200,-77.8000,79.3123
N0.5277.72,0.5200,-77.7200,79.3123
N0.5277.64,0.5200,-77.6400,79.3123
N0.5277.56,0.5200,-77.5600,78.7170
N0.5277.48,0.5200,-77.4800,2.3397
N0.679.96,0.6000,-79.9600,95.9260
N0.679.88,0.6000,-79.8800,79.3133
N0.679.8,0.6000,-79.8000,79.3133
N0.679.72,0.6000,-79.7200,79.3133
N0.679.64,0.6000,-79.6400,79.3133
N0.679.56,0.6000,-79.5600,79.3133
N0.679.48,0.6000,-79.4800,79.3133
N0.679.4,0.6000,-79.4000,79.3133
N0.679.32,0.6000,-79.3200,79.3133
N0.679.24,0.6000,-79.2400,79.3133
N0.679.16,0.6000,-79.1600,79.3133
N0.679.08,0.6000,-79.0800,79.3133
N0.679,0.6000,-79.0000,79.3133
N0.678.92,0.6000,-78.9200,79.3133
N0.678.84,0.6000,-78.8400,79.3133
N0.678.76,0.6000,-78.7600,79.3133
N0.678.68,0.6000,-78.6800,79.3133
N0.678.6,0.6000,-78.6000,79.3133
N0.678.52,0.6000,-78.5200,79.3133
N0.678.44,0.6000,-78.4400,79.3133
N0.678.36,0.6000,-78.3600,79.3133
N0.678.28,0.6000,-78.2800,79.3133
N0.678.2,0.6000,-78.2000,79.3133
N0.678.12,0.6000,-78.1200,79.3133
N0.678.04,0.6000,-78.0400,79.3133
N0.677.96,0.6000,-77.9600,79.3133
N0.677.88,0.6000,-77.8800,79.3133
N0.677.8,0.6000,-77.8000,79.3133
N0.677.72,0.6000,-77.7200,79.3133
N0.677.64,0.6000,-77.6400,79.3133
N0.677.56,0.6000,-77.5600,91.7674
N0.677.48,0.6000,-77.4800,39.5713
N0.6880.04,0.6800,-80.0400,98.5912
N0.6879.96,0.6800,-79.9600,79.3146
N0.6879.88,0.6800,-79.8800,79.3146
N0.6879.8,0.6800,-79.8000,79.3146
N0.6879.72,0.6800,-79.7200,79.3146
N0.6879.64,0.6800,-79.6400,79.3146
N0.6879.56,0.6800,-79.5600,79.3146
N0.6879.48,0.6800,-79.4800,79.3146
N0.6879.4,0.6800,-79.4000,79.3146
N0.6879.32,0.6800,-79.3200,79.3146
N0.6879.24,0.6800,-79.2400,79.3146
N0.6879.16,0.6800,-79.1600,79.3146
N0.6879.08,0.6800,-79.0800,79.3146
N0.6879,0.6800,-79.0000,79.3146
N0.6878.92,0.6800,-78.9200,79.3146
N0.6878.84,0.6800,-78.8400,79.3146
N0.6878.76,0.6800,-78.7600,79.3146
N0.6878.68,0.6800,-78.6800,79.3146
N0.6878.6,0.6800,-78.6000,79.3146
N0.6878.52,0.6800,-78.5200,79.3146
N0.6878.44,0.6800,-78.4400,79.3146
N0.6878.36,0.6800,-78.3600,79.3146
N0.6878.28,0.6800,-78.2800,79.3146
N0.6878.2,0.6800,-78.2000,79.3146
N0.6878.12,0.6800,-78.1200,79.3146
N0.6878.04,0.6800,-78.0400,79.3146
N0.6877.96,0.6800,-77.9600,79.3146
N0.6877.88,0.6800,-77.8800,79.3146
N0.6877.8,0.6800,-77.8000,79.3146
N0.6877.72,0.6800,-77.7200,79.3146
N0.6877.64,0.6800,-77.6400,66.4695
N0.7680.04,0.7600,-80.0400,106.6398
N0.7679.96,0.7600,-79.9600,97.5498
N0.7679.88,0.7600,-79.8800,79.3160
N0.7679.8,0.7600,-79.8000,79.3160
N0.7679.72,0.7600,-79.7200,79.3160
N0.7679.64,0.7600,-79.6400,79.3160
N0.7679.56,0.7600,-79.5600,79.3160
N0.7679.48,0.7600,-79.4800,79.3160
N0.7679.4,0.7600,-79.4000,79.3160
N0.7679.32,0.7600,-79.3200,79.3160
N0.7679.24,0.7600,-79.2400,79.3160
N0.7679.16,0.7600,-79.1600,79.3160
N0.7679.08,0.7600,-79.0800,79.3160
N0.7679,0.7600,-79.0000,79.3160
N0.7678.92,0.7600,-78.9200,79.3160
N0.7678.84,0.7600,-78.8400,79.3160
N0.7678.76,0.7600,-78.7600,79.3160
N0.7678.68,0.7600,-78.6800,79.3160
N0.7678.6,0.7600,-78.6000,79.3160
N0.7678.52,0.7600,-78.5200,79.3160
N0.7678.44,0.7600,-78.4400,79.3160
N0.7678.36,0.7600,-78.3600,79.3160
N0.7678.28,0.7600,-78.2800,79.3160
N0.7678.2,0.7600,-78.2000,79.3160
N0.7678.12,0.7600,-78.1200,79.3160
N0.7678.04,0.7600,-78.0400,79.3160
N0.7677.96,0.7600,-77.9600,79.3160
N0.7677.88,0.7600,-77.8800,82.2051
N0.7677.8,0.7600,-77.8000,94.7550
N0.7677.72,0.7600,-77.7200,77.9523
N0.8479.88,0.8400,-79.8800,73.1635
N0.8479.8,0.8400,-79.8000,93.0236
N0.8479.72,0.8400,-79.7200,79.3175
N0.8479.64,0.8400,-79.6400,79.3175
N0.8479.56,0.8400,-79.5600,79.3175
N0.8479.48,0.8400,-79.4800,79.3175
N0.8479.4,0.8400,-79.4000,79.3175
N0.8479.32,0.8400,-79.3200,79.3175
N0.8479.24,0.8400,-79.2400,79.3175
N0.8479.16,0.8400,-79.1600,79.3175
N0.8479.08,0.8400,-79.0800,79.3175
N0.8479,0.8400,-79.0000,79.3175
N0.8478.92,0.8400,-78.9200,79.3175
N0.8478.84,0.8400,-78.8400,79.3175
N0.8478.76,0.8400,-78.7600,79.3175
N0.8478.68,0.8400,-78.6800,79.3175
N0.8478.6,0.8400,-78.6000,79.3175
N0.8478.52,0.8400,-78.5200,79.3175
N0.8478.44,0.8400,-78.4400,79.3175
N0.8478.36,0.8400,-78.3600,79.3175
N0.8478.28,0.8400,-78.2800,79.3175
N0.8478.2,0.8400,-78.2000,79.3175
N0.8478.12,0.8400,-78.1200,79.3175
N0.8478.04,0.8400,-78.0400,78.0102
N0.8477.96,0.8400,-77.9600,29.1381
N0.8477.72,0.8400,-77.7200,51.1323
N0.9279.72,0.9200,-79.7200,99.1708
N0.9279.64,0.9200,-79.6400,109.5912
N0.9279.56,0.9200,-79.5600,103.4909
N0.9279.48,0.9200,-79.4800,79.3192
N0.9279.4,0.9200,-79.4000,79.3192
N0.9279.32,0.9200,-79.3200,79.3192
N0.9279.24,0.9200,-79.2400,79.3192
N0.9279.16,0.9200,-79.1600,79.3192
N0.9279.08,0.9200,-79.0800,79.3192
N0.9279,0.9200,-79.0000,79.3192
N0.9278.92,0.9200,-78.9200,79.3192
N0.9278.84,0.9200,-78.8400,79.3192
N0.9278.76,0.9200,-78.7600,79.3192
N0.9278.68,0.9200,-78.6800,79.3192
N0.9278.6,0.9200,-78.6000,79.3192
N0.9278.52,0.9200,-78.5200,79.3192
N0.9278.44,0.9200,-78.4400,79.3192
N0.9278.36,0.9200,-78.3600,79.3192
N0.9278.28,0.9200,-78.2800,79.3192
N0.9278.2,0.9200,-78.2000,80.1909
N0.9278.12,0.9200,-78.1200,43.0734
N179.48,1.0000,-79.4800,85.2706
N179.4,1.0000,-79.4000,105.2632
N179.32,1.0000,-79.3200,79.3211
N179.24,1.0000,-79.2400,79.3211
N179.16,1.0000,-79.1600,79.3211
N179.08,1.0000,-79.0800,79.3211
N179,1.0000,-79.0000,79.3211
N178.92,1.0000,-78.9200,79.3211
N178.84,1.0000,-78.8400,79.3211
N178.76,1.0000,-78.7600,79.3211
N178.68,1.0000,-78.6800,79.3211
N178.6,1.0000,-78.6000,79.3211
N178.52,1.0000,-78.5200,79.3211
N178.44,1.0000,-78.4400,79.3211
N178.36,1.0000,-78.3600,118.9826
N178.28,1.0000,-78.2800,152.4230
N1.0879.32,1.0800,-79.3200,41.6035
N1.0879.24,1.0800,-79.2400,39.9357
N1.0879.16,1.0800,-79.1600,61.3671
N1.0879.08,1.0800,-79.0800,79.3231
N1.0879,1.0800,-79.0000,79.3231
N1.0878.92,1.0800,-78.9200,79.3231
N1.0878.84,1.0800,-78.8400,79.3231
N1.0878.76,1.0800,-78.7600,79.3231
N1.0878.68,1.0800,-78.6800,79.3231
N1.0878.6,1.0800,-78.6000,79.3231
N1.0878.52,1.0800,-78.5200,79.3231
N1.0878.44,1.0800,-78.4400,209.9498
N1.1679.08,1.1600,-79.0800,63.7822
N1.1679,1.1600,-79.0000,121.2298
N1.1678.92,1.1600,-78.9200,109.9258
N1.1678.84,1.1600,-78.8400,79.3252
N1.1678.76,1.1600,-78.7600,79.3252
N1.1678.68,1.1600,-78.6800,79.3252
N1.1678.6,1.1600,-78.6000,79.3252
N1.1678.52,1.1600,-78.5200,109.6118
N1.2478.84,1.2400,-78.8400,105.5030
N1.2478.76,1.2400,-78.7600,79.3276
N1.2478.68,1.2400,-78.6800,100.9672
N1.2478.6,1.2400,-78.6000,55.6116
N1.3278.84,1.3200,-78.8400,203.4240
N1.3278.76,1.3200,-78.7600,129.5540
