cell_id,period,n_points,sa_min,sa_max,dlog10_rate_475,dlog10_rate_2475,coincident_with,xmax,site_rms
N0.0476.84,0.0000,284,0.0443,1.0894,0.0131,0.0062,,2.5000,0.0052
N0.0476.84,0.0500,385,0.0480,1.4771,-0.0022,0.0027,,2.5000,0.0052
N0.0476.84,0.0700,505,0.0480,2.1307,0.0127,0.0082,,2.5000,0.0052
N0.0476.84,0.1000,527,0.0369,2.0606,0.0105,0.0086,,2.5000,0.0052
N0.0476.84,0.2000,540,0.0369,2.1307,0.0011,0.0036,,2.5000,0.0052
N0.0476.84,0.5000,478,0.0332,2.1307,0.0032,0.0025,,2.5000,0.0052
N0.0476.84,1.0000,285,0.0406,1.0894,-0.0084,0.0021,,2.5000,0.0052
N0.0476.84,2.0000,123,0.0406,0.5539,0.0267,-0.0041,,2.5000,0.0052
N0.0476.92,0.0000,403,0.0295,1.5214,-0.0078,0.0033,,2.5000,0.0077
N0.0476.92,0.0500,541,0.0369,2.0901,0.0045,0.0059,,2.5000,0.0077
N0.0476.92,0.0700,497,0.0295,2.1307,0.0042,-0.0040,,2.5000,0.0077
N0.0476.92,0.1000,506,0.0812,2.0126,0.0112,0.0123,,2.5000,0.0077
N0.0476.92,0.2000,544,0.0443,2.1307,0.0124,0.0129,,2.5000,0.0077
N0.0476.92,0.5000,484,0.0332,2.1307,0.0091,0.0077,,2.5000,0.0077
N0.0476.92,1.0000,383,0.0443,1.5214,-0.0065,-0.0013,,2.5000,0.0077
N0.0476.92,2.0000,179,0.0406,0.7755,-0.0242,-0.0084,,2.5000,0.0077
N0.0477.24,0.0000,568,0.0295,2.1307,0.0113,0.0151,,2.5000,0.0083
N0.0477.24,0.0500,559,0.0332,2.1307,-0.0078,-0.0020,,2.5000,0.0083
N0.0477.24,0.0700,491,0.0295,2.1307,0.0108,0.0129,,2.5000,0.0083
N0.0477.24,0.1000,557,0.0332,2.1270,0.0114,0.0108,,2.5000,0.0083
N0.0477.24,0.2000,535,0.0295,2.1270,0.0041,0.0083,,2.5000,0.0083
N0.0477.24,0.5000,486,0.0295,2.1270,0.0011,0.0084,,2.5000,0.0083
N0.0477.24,1.0000,567,0.0369,2.1307,-0.0012,0.0069,,2.5000,0.0083
N0.0477.24,2.0000,242,0.0369,1.0894,-0.0152,-0.0052,,2.5000,0.0083
N0.0477.32,0.0000,567,0.0295,2.1307,-0.0069,0.0011,,2.5000,0.0097
N0.0477.32,0.0500,561,0.0369,2.1307,0.0110,0.0109,,2.5000,0.0097
N0.0477.32,0.0700,498,0.0295,2.1307,0.0006,-0.0009,,2.5000,0.0097
N0.0477.32,0.1000,554,0.0332,2.1307,0.0114,0.0120,,2.5000,0.0097
N0.0477.32,0.2000,536,0.0369,2.1270,0.0109,0.0145,,2.5000,0.0097
N0.0477.32,0.5000,466,0.0332,2.1307,0.0087,0.0102,,2.5000,0.0097
N0.0477.32,1.0000,566,0.0443,2.1307,0.0022,0.0086,,2.5000,0.0097
N0.0477.32,2.0000,349,0.0406,1.5177,-0.0135,0.0092,,2.5000,0.0097
N0.0478.12,0.0000,565,0.0295,2.1307,0.0166,0.0116,,2.5000,0.0075
N0.0478.12,0.0500,566,0.0295,2.1307,0.0064,0.0078,,2.5000,0.0075
N0.0478.12,0.0700,488,0.0406,2.1307,0.0114,0.0118,,2.5000,0.0075
N0.0478.12,0.1000,485,0.0517,2.1307,0.0114,0.0144,,2.5000,0.0075
N0.0478.12,0.2000,518,0.0554,2.1307,0.0023,-0.0020,,2.5000,0.0075
N0.0478.12,0.5000,487,0.0295,2.1307,0.0063,0.0082,,2.5000,0.0075
N0.0478.12,1.0000,567,0.0406,2.1307,0.0030,0.0072,,2.5000,0.0075
N0.0478.12,2.0000,240,0.0369,1.0894,-0.0039,-0.0014,,2.5000,0.0075
N0.0478.2,0.0000,569,0.0295,2.1307,0.0146,0.0180,,2.5000,0.0092
N0.0478.2,0.0500,562,0.0369,2.1270,-0.0012,0.0102,,2.5000,0.0092
N0.0478.2,0.0700,490,0.0369,2.1270,0.0114,0.0141,,2.5000,0.0092
N0.0478.2,0.1000,494,0.0369,2.1307,0.0121,0.0111,,2.5000,0.0092
N0.0478.2,0.2000,533,0.0554,2.1307,0.0008,0.0013,,2.5000,0.0092
N0.0478.2,0.5000,480,0.0295,2.1307,0.0023,0.0001,,2.5000,0.0092
N0.0478.2,1.0000,568,0.0369,2.1307,0.0038,0.0082,,2.5000,0.0092
N0.0478.2,2.0000,238,0.0480,1.0894,-0.0125,0.0041,,2.5000,0.0092
N0.0478.92,0.0000,566,0.0295,2.1307,0.0109,-0.0020,,2.5000,0.0102
N0.0478.92,0.0500,556,0.0406,2.1307,0.0160,0.0151,,2.5000,0.0102
N0.0478.92,0.0700,491,0.0369,2.1307,0.0114,0.0102,,2.5000,0.0102
N0.0478.92,0.1000,553,0.0369,2.1307,0.0083,0.0102,,2.5000,0.0102
N0.0478.92,0.2000,525,0.0517,2.1307,0.0157,0.0102,,2.5000,0.0102
N0.0478.92,0.5000,485,0.0295,2.1307,0.0144,0.0149,,2.5000,0.0102
N0.0478.92,1.0000,400,0.0443,1.5177,0.0054,0.0042,,2.5000,0.0102
N0.0478.92,2.0000,193,0.0369,0.7755,-0.0048,-0.0015,,2.5000,0.0102
N0.0479.08,0.0000,567,0.0332,2.1307,0.0027,0.0087,,2.5000,0.0095
N0.0479.08,0.0500,562,0.0332,2.1307,0.0130,0.0147,,2.5000,0.0095
N0.0479.08,0.0700,488,0.0332,2.1307,0.0114,0.0109,,2.5000,0.0095
N0.0479.08,0.1000,535,0.0369,2.1270,0.0066,-0.0020,,2.5000,0.0095
N0.0479.08,0.2000,539,0.0406,2.1307,0.0114,0.0102,,2.5000,0.0095
N0.0479.08,0.5000,478,0.0406,2.1307,0.0138,0.0123,,2.5000,0.0095
N0.0479.08,1.0000,400,0.0443,1.5177,0.0070,-0.0002,,2.5000,0.0095
N0.0479.08,2.0000,182,0.0406,0.7755,-0.0039,0.0029,,2.5000,0.0095
N0.0479.4,0.0000,568,0.0369,2.1307,0.0107,0.0139,,2.5000,0.0092
N0.0479.4,0.0500,558,0.0480,2.1307,0.0073,0.0037,,2.5000,0.0092
N0.0479.4,0.0700,489,0.0369,2.1307,0.0114,0.0105,,2.5000,0.0092
N0.0479.4,0.1000,473,0.0369,2.1307,0.0114,0.0111,,2.5000,0.0092
N0.0479.4,0.2000,475,0.0443,2.1307,-0.0008,0.0082,,2.5000,0.0092
N0.0479.4,0.5000,465,0.0295,2.1307,-0.0017,0.0102,,2.5000,0.0092
N0.0479.4,1.0000,566,0.0443,2.1307,-0.0022,0.0125,,2.5000,0.0092
N0.0479.4,2.0000,250,0.0295,1.0894,-0.0075,-0.0003,,2.5000,0.0092
N0.0480.04,0.0000,565,0.0295,2.1307,0.0144,0.0204,,2.5000,0.0090
N0.0480.04,0.0500,551,0.0295,2.1307,0.0098,0.0082,,2.5000,0.0090
N0.0480.04,0.0700,364,0.0332,1.6174,0.0114,,,2.5000,0.0090
N0.0480.04,0.1000,413,0.0295,1.6174,0.0114,,,2.5000,0.0090
N0.0480.04,0.2000,400,0.0480,1.6174,0.0028,,,2.5000,0.0090
N0.0480.04,0.5000,452,0.0332,2.1270,0.0029,0.0102,,2.5000,0.0090
N0.0480.04,1.0000,567,0.0369,2.1307,-0.0015,0.0090,,2.5000,0.0090
N0.0480.04,2.0000,336,0.0406,1.5177,0.0015,-0.0006,,2.5000,0.0090
N0.1275.88,0.0000,226,0.0260,0.5578,-0.0088,0.0103,,1.6000,0.0055
N0.1275.88,0.0500,321,0.0189,0.7775,0.0006,0.0118,,1.6000,0.0055
N0.1275.88,0.0700,403,0.0307,1.0895,-0.0018,0.0055,,1.6000,0.0055
N0.1275.88,0.1000,197,0.1276,0.6239,,0.0030,,1.6000,0.0055
N0.1275.88,0.2000,607,0.0236,1.5196,-0.0016,0.0093,,1.6000,0.0055
N0.1275.88,0.5000,214,0.0213,0.5554,0.0002,-0.0058,,1.6000,0.0055
N0.1275.88,1.0000,156,0.0284,0.3947,-0.0037,-0.0009,,1.6000,0.0055
N0.1275.88,2.0000,87,0.0213,0.2836,-0.0646,-0.0158,,1.6000,0.0055
N0.1276.84,0.0000,285,0.0406,1.0894,-0.0019,0.0133,,2.5000,0.0086
N0.1276.84,0.0500,380,0.0480,1.4697,0.0005,0.0120,,2.5000,0.0086
N0.1276.84,0.0700,491,0.0997,2.1307,0.0098,0.0194,,2.5000,0.0086
N0.1276.84,0.1000,500,0.0332,1.9793,0.0091,0.0078,,2.5000,0.0086
N0.1276.84,0.2000,544,0.0443,2.1307,-0.0089,-0.0020,,2.5000,0.0086
N0.1276.84,0.5000,483,0.0295,2.1307,0.0023,0.0037,,2.5000,0.0086
N0.1276.84,1.0000,285,0.0406,1.0894,-0.0139,0.0075,,2.5000,0.0086
N0.1276.84,2.0000,127,0.0406,0.5539,-0.0202,-0.0084,,2.5000,0.0086
N0.1276.92,0.0000,401,0.0295,1.5214,-0.0050,0.0005,,2.5000,0.0092
N0.1276.92,0.0500,543,0.0295,2.0901,0.0084,0.0063,,2.5000,0.0092
N0.1276.92,0.0700,496,0.0702,2.1307,-0.0046,-0.0004,,2.5000,0.0092
N0.1276.92,0.1000,556,0.0332,2.1307,0.0116,0.0111,,2.5000,0.0092
N0.1276.92,0.2000,543,0.0369,2.1270,0.0100,0.0121,,2.5000,0.0092
N0.1276.92,0.5000,476,0.0332,2.1307,0.0077,0.0131,,2.5000,0.0092
N0.1276.92,1.0000,385,0.0332,1.5214,-0.0159,-0.0049,,2.5000,0.0092
N0.1276.92,2.0000,177,0.0406,0.7755,-0.0183,-0.0179,,2.5000,0.0092
N0.1277.24,0.0000,569,0.0295,2.1307,0.0078,0.0129,,2.5000,0.0051
N0.1277.24,0.0500,564,0.0295,2.1307,0.0044,0.0045,,2.5000,0.0051
N0.1277.24,0.0700,496,0.0295,2.1307,0.0113,0.0117,,2.5000,0.0051
N0.1277.24,0.1000,557,0.0332,2.1307,0.0114,0.0102,,2.5000,0.0051
N0.1277.24,0.2000,538,0.0332,2.1307,-0.0008,0.0016,,2.5000,0.0051
N0.1277.24,0.5000,478,0.0295,2.1307,0.0004,-0.0020,,2.5000,0.0051
N0.1277.24,1.0000,566,0.0443,2.1307,-0.0025,0.0058,,2.5000,0.0051
N0.1277.24,2.0000,250,0.0406,1.0894,-0.0187,-0.0031,,2.5000,0.0051
N0.1279,0.0000,570,0.0295,2.1307,0.0122,0.0102,,2.5000,0.0102
N0.1279,0.0500,562,0.0332,2.1270,0.0189,0.0102,,2.5000,0.0102
N0.1279,0.0700,485,0.0332,2.1307,0.0114,0.0102,,2.5000,0.0102
N0.1279,0.1000,538,0.0739,2.1307,0.0053,-0.0001,,2.5000,0.0102
N0.1279,0.2000,541,0.0406,2.1307,0.0114,0.0129,,2.5000,0.0102
N0.1279,0.5000,483,0.0295,2.1307,0.0161,0.0146,,2.5000,0.0102
N0.1279,1.0000,400,0.0443,1.5177,0.0060,-0.0029,,2.5000,0.0102
N0.1279,2.0000,179,0.0369,0.7755,-0.0008,0.0054,,2.5000,0.0102
N0.1279.08,0.0000,566,0.0406,2.1307,0.0120,0.0157,,2.5000,0.0117
N0.1279.08,0.0500,561,0.0332,2.1307,0.0146,0.0130,,2.5000,0.0117
N0.1279.08,0.0700,493,0.0369,2.1307,0.0114,0.0128,,2.5000,0.0117
N0.1279.08,0.1000,523,0.0295,2.1307,-0.0008,-0.0004,,2.5000,0.0117
N0.1279.08,0.2000,536,0.0480,2.1307,0.0124,0.0102,,2.5000,0.0117
N0.1279.08,0.5000,479,0.0295,2.1307,0.0124,0.0086,,2.5000,0.0117
N0.1279.08,1.0000,400,0.0443,1.5177,-0.0006,0.0010,,2.5000,0.0117
N0.1279.08,2.0000,181,0.0369,0.7755,0.0189,-0.0022,,2.5000,0.0117
N0.1279.24,0.0000,569,0.0295,2.1307,0.0098,0.0175,,2.5000,0.0078
N0.1279.24,0.0500,557,0.0369,2.1270,0.0159,0.0072,,2.5000,0.0078
N0.1279.24,0.0700,488,0.0369,2.1307,0.0136,0.0120,,2.5000,0.0078
N0.1279.24,0.1000,494,0.0369,2.1307,0.0075,0.0135,,2.5000,0.0078
N0.1279.24,0.2000,499,0.0443,2.1307,0.0054,-0.0020,,2.5000,0.0078
N0.1279.24,0.5000,475,0.0295,2.1307,0.0040,0.0013,,2.5000,0.0078
N0.1279.24,1.0000,566,0.0443,2.1307,-0.0013,0.0081,,2.5000,0.0078
N0.1279.24,2.0000,240,0.0406,1.0894,-0.0175,0.0041,,2.5000,0.0078
N0.1280.04,0.0000,562,0.0332,2.1307,0.0114,0.0102,,2.5000,0.0100
N0.1280.04,0.0500,529,0.0443,2.1307,0.0102,-0.0020,,2.5000,0.0100
N0.1280.04,0.0700,361,0.0406,1.6174,0.0114,,,2.5000,0.0100
N0.1280.04,0.1000,414,0.0923,1.6174,0.0114,,,2.5000,0.0100
N0.1280.04,0.2000,398,0.0406,1.6174,0.0053,,,2.5000,0.0100
N0.1280.04,0.5000,440,0.0332,2.1307,0.0007,0.0102,,2.5000,0.0100
N0.1280.04,1.0000,568,0.0369,2.1344,-0.0024,0.0100,,2.5000,0.0100
N0.1280.04,2.0000,336,0.0406,1.5177,0.0050,0.0090,,2.5000,0.0100
N0.278.28,0.0000,564,0.0517,2.1307,0.0184,0.0102,,2.5000,0.0083
N0.278.28,0.0500,560,0.0295,2.1307,0.0074,0.0095,,2.5000,0.0083
N0.278.28,0.0700,482,0.0369,2.1307,0.0143,0.0102,,2.5000,0.0083
N0.278.28,0.1000,497,0.0369,2.1270,0.0114,0.0121,,2.5000,0.0083
N0.278.28,0.2000,533,0.0443,2.1307,0.0075,0.0092,,2.5000,0.0083
N0.278.28,0.5000,475,0.0332,2.1307,0.0051,-0.0020,,2.5000,0.0083
N0.278.28,1.0000,566,0.0443,2.1307,0.0020,0.0011,,2.5000,0.0083
N0.278.28,2.0000,246,0.0406,1.0894,0.0044,-0.0047,,2.5000,0.0083
N0.2878.12,0.0000,568,0.0295,2.1307,0.0153,0.0043,,2.5000,0.0115
N0.2878.12,0.0500,560,0.0369,2.1307,0.0128,0.0155,,2.5000,0.0115
N0.2878.12,0.0700,486,0.0369,2.1307,0.0140,0.0138,,2.5000,0.0115
N0.2878.12,0.1000,533,0.0369,2.1307,-0.0008,-0.0020,,2.5000,0.0115
N0.2878.12,0.2000,534,0.0443,2.1307,0.0119,0.0161,,2.5000,0.0115
N0.2878.12,0.5000,485,0.0295,2.1270,0.0112,0.0119,,2.5000,0.0115
N0.2878.12,1.0000,567,0.0369,2.1307,0.0007,0.0015,,2.5000,0.0115
N0.2878.12,2.0000,235,0.0406,1.0894,0.0044,-0.0011,,2.5000,0.0115
N0.2878.2,0.0000,570,0.0295,2.1307,0.0131,0.0173,,2.5000,0.0099
N0.2878.2,0.0500,561,0.0332,2.1270,0.0109,0.0072,,2.5000,0.0099
N0.2878.2,0.0700,482,0.0369,2.1307,0.0174,0.0111,,2.5000,0.0099
N0.2878.2,0.1000,508,0.0369,2.1270,0.0036,0.0102,,2.5000,0.0099
N0.2878.2,0.2000,533,0.0369,2.1307,0.0114,0.0082,,2.5000,0.0099
N0.2878.2,0.5000,477,0.0406,2.1307,0.0097,0.0047,,2.5000,0.0099
N0.2878.2,1.0000,566,0.0443,2.1307,0.0041,0.0012,,2.5000,0.0099
N0.2878.2,2.0000,238,0.0406,1.0894,-0.0108,-0.0051,,2.5000,0.0099
N0.2878.28,0.0000,570,0.0295,2.1307,0.0135,0.0133,,2.5000,0.0107
N0.2878.28,0.0500,564,0.0332,2.1307,0.0107,0.0102,,2.5000,0.0107
N0.2878.28,0.0700,494,0.0369,2.1307,0.0138,0.0128,,2.5000,0.0107
N0.2878.28,0.1000,513,0.0886,2.1307,-0.0003,0.0068,,2.5000,0.0107
N0.2878.28,0.2000,536,0.0406,2.1307,0.0125,0.0133,,2.5000,0.0107
N0.2878.28,0.5000,479,0.0295,2.1307,0.0051,0.0107,,2.5000,0.0107
N0.2878.28,1.0000,567,0.0369,2.1307,0.0053,0.0013,,2.5000,0.0107
N0.2878.28,2.0000,233,0.0406,1.0894,-0.0127,-0.0050,,2.5000,0.0107
N0.2879.48,0.0000,568,0.0295,2.1307,0.0053,-0.0020,,2.5000,0.0099
N0.2879.48,0.0500,557,0.0443,2.1307,-0.0049,0.0102,,2.5000,0.0099
N0.2879.48,0.0700,481,0.0332,2.1307,0.0114,0.0018,,2.5000,0.0099
N0.2879.48,0.1000,419,0.0739,1.6174,0.0117,,,2.5000,0.0099
N0.2879.48,0.2000,421,0.0369,2.1307,0.0114,0.0112,,2.5000,0.0099
N0.2879.48,0.5000,469,0.0332,2.1307,0.0099,0.0136,,2.5000,0.0099
N0.2879.48,1.0000,567,0.0369,2.1307,0.0114,0.0059,,2.5000,0.0099
N0.2879.48,2.0000,249,0.0406,1.0894,-0.0072,0.0025,,2.5000,0.0099
N0.3677.96,0.0000,568,0.0295,2.1307,0.0062,-0.0001,,2.5000,0.0105
N0.3677.96,0.0500,561,0.0332,2.1307,0.0166,0.0130,,2.5000,0.0105
N0.3677.96,0.0700,497,0.0295,2.1270,0.0108,0.0102,,2.5000,0.0105
N0.3677.96,0.1000,555,0.0332,2.1307,0.0103,0.0102,,2.5000,0.0105
N0.3677.96,0.2000,532,0.0369,2.1307,0.0173,0.0192,,2.5000,0.0105
N0.3677.96,0.5000,490,0.0295,2.1307,0.0148,0.0224,,2.5000,0.0105
N0.3677.96,1.0000,566,0.0443,2.1307,0.0083,0.0123,,2.5000,0.0105
N0.3677.96,2.0000,247,0.0406,1.0894,-0.0040,-0.0032,,2.5000,0.0105
N0.3678.12,0.0000,567,0.0295,2.1307,0.0155,0.0102,,2.5000,0.0097
N0.3678.12,0.0500,564,0.0295,2.1270,0.0114,0.0102,,2.5000,0.0097
N0.3678.12,0.0700,494,0.0369,2.1307,0.0114,0.0151,,2.5000,0.0097
N0.3678.12,0.1000,513,0.0369,2.1270,0.0010,0.0041,,2.5000,0.0097
N0.3678.12,0.2000,533,0.0406,2.1270,0.0139,0.0072,,2.5000,0.0097
N0.3678.12,0.5000,479,0.0295,2.1307,0.0092,0.0071,,2.5000,0.0097
N0.3678.12,1.0000,566,0.0443,2.1307,0.0043,-0.0044,,2.5000,0.0097
N0.3678.12,2.0000,233,0.0332,1.0894,-0.0118,0.0010,,2.5000,0.0097
N0.3678.2,0.0000,567,0.0406,2.1307,0.0061,0.0173,,2.5000,0.0092
N0.3678.2,0.0500,561,0.0295,2.1307,0.0106,0.0057,,2.5000,0.0092
N0.3678.2,0.0700,488,0.0369,2.1307,0.0129,0.0102,,2.5000,0.0092
N0.3678.2,0.1000,503,0.0295,2.1307,-0.0008,0.0102,,2.5000,0.0092
N0.3678.2,0.2000,537,0.0517,2.1270,0.0132,0.0082,,2.5000,0.0092
N0.3678.2,0.5000,471,0.0295,2.1307,0.0104,0.0047,,2.5000,0.0092
N0.3678.2,1.0000,566,0.0443,2.1307,-0.0012,-0.0020,,2.5000,0.0092
N0.3678.2,2.0000,350,0.0332,1.5177,0.0184,-0.0024,,2.5000,0.0092
N0.3679.48,0.0000,566,0.0295,2.1307,0.0076,0.0025,,2.5000,0.0099
N0.3679.48,0.0500,558,0.0443,2.1270,0.0036,0.0102,,2.5000,0.0099
N0.3679.48,0.0700,465,0.0332,2.1307,0.0114,-0.0010,,2.5000,0.0099
N0.3679.48,0.1000,419,0.0332,1.6174,0.0114,,,2.5000,0.0099
N0.3679.48,0.2000,402,0.0369,1.6174,0.0128,,,2.5000,0.0099
N0.3679.48,0.5000,466,0.0554,2.1307,0.0112,0.0102,,2.5000,0.0099
N0.3679.48,1.0000,567,0.0369,2.1307,0.0111,0.0041,,2.5000,0.0099
N0.3679.48,2.0000,239,0.0295,1.0894,-0.0002,0.0096,,2.5000,0.0099
N0.4477.56,0.0000,564,0.0480,2.1307,0.0083,0.0152,,2.5000,0.0092
N0.4477.56,0.0500,554,0.0369,2.1307,0.0114,0.0014,,2.5000,0.0092
N0.4477.56,0.0700,385,0.0295,2.1307,0.0114,0.0111,,2.5000,0.0092
N0.4477.56,0.1000,418,0.0369,1.6174,0.0048,,,2.5000,0.0092
N0.4477.56,0.2000,401,0.0295,1.6174,0.0114,,,2.5000,0.0092
N0.4477.56,0.5000,441,0.0295,2.1307,0.0101,0.0110,,2.5000,0.0092
N0.4477.56,1.0000,567,0.0369,2.1270,0.0032,0.0041,,2.5000,0.0092
N0.4477.56,2.0000,458,0.0406,2.1307,0.0041,0.0031,,2.5000,0.0092
N0.4477.96,0.0000,567,0.0295,2.1307,0.0047,-0.0016,,2.5000,0.0106
N0.4477.96,0.0500,559,0.0369,2.1307,0.0150,0.0161,,2.5000,0.0106
N0.4477.96,0.0700,493,0.0295,2.1270,0.0114,0.0102,,2.5000,0.0106
N0.4477.96,0.1000,555,0.0812,2.1307,0.0114,0.0084,,2.5000,0.0106
N0.4477.96,0.2000,526,0.0369,2.1307,0.0114,0.0131,,2.5000,0.0106
N0.4477.96,0.5000,486,0.0295,2.1307,0.0109,0.0179,,2.5000,0.0106
N0.4477.96,1.0000,567,0.0369,2.1307,0.0027,0.0082,,2.5000,0.0106
N0.4477.96,2.0000,244,0.0443,1.0894,0.0007,0.0084,,2.5000,0.0106
N0.4478.2,0.0000,567,0.0295,2.1307,0.0147,0.0006,,2.5000,0.0115
N0.4478.2,0.0500,559,0.0406,2.1307,0.0178,0.0116,,2.5000,0.0115
N0.4478.2,0.0700,488,0.0332,2.1307,0.0114,0.0117,,2.5000,0.0115
N0.4478.2,0.1000,536,0.0739,2.1307,0.0032,-0.0020,,2.5000,0.0115
N0.4478.2,0.2000,529,0.0443,2.1307,0.0206,0.0102,,2.5000,0.0115
N0.4478.2,0.5000,483,0.0295,2.1270,0.0119,0.0136,,2.5000,0.0115
N0.4478.2,1.0000,566,0.0443,2.1307,0.0073,0.0086,,2.5000,0.0115
N0.4478.2,2.0000,232,0.0406,1.0894,-0.0011,0.0135,,2.5000,0.0115
N0.5277.88,0.0000,563,0.0554,2.1307,0.0041,-0.0029,,2.5000,0.0106
N0.5277.88,0.0500,558,0.0406,2.1307,0.0165,0.0133,,2.5000,0.0106
N0.5277.88,0.0700,490,0.0332,2.1270,0.0114,0.0102,,2.5000,0.0106
N0.5277.88,0.1000,557,0.0739,2.1307,0.0102,0.0102,,2.5000,0.0106
N0.5277.88,0.2000,527,0.0406,2.1307,0.0165,0.0141,,2.5000,0.0106
N0.5277.88,0.5000,480,0.0332,2.1307,0.0110,0.0163,,2.5000,0.0106
N0.5277.88,1.0000,567,0.0369,2.1307,0.0080,0.0165,,2.5000,0.0106
N0.5277.88,2.0000,248,0.0332,1.0894,0.0030,0.0017,,2.5000,0.0106
N0.5277.96,0.0000,565,0.0295,2.1307,-0.0017,0.0062,,2.5000,0.0091
N0.5277.96,0.0500,558,0.0295,2.1307,0.0116,0.0112,,2.5000,0.0091
N0.5277.96,0.0700,483,0.0332,2.1307,0.0114,0.0102,,2.5000,0.0091
N0.5277.96,0.1000,531,0.0332,2.1270,0.0075,-0.0020,,2.5000,0.0091
N0.5277.96,0.2000,524,0.0406,2.1307,0.0142,0.0118,,2.5000,0.0091
N0.5277.96,0.5000,479,0.0295,2.1307,0.0128,0.0137,,2.5000,0.0091
N0.5277.96,1.0000,566,0.0443,2.1307,0.0068,0.0041,,2.5000,0.0091
N0.5277.96,2.0000,246,0.0517,1.0894,-0.0080,0.0036,,2.5000,0.0091
N0.5278.04,0.0000,560,0.0665,2.1307,0.0118,0.0072,,2.5000,0.0083
N0.5278.04,0.0500,561,0.0295,2.1307,0.0106,-0.0020,,2.5000,0.0083
N0.5278.04,0.0700,488,0.0332,2.1307,0.0114,0.0102,,2.5000,0.0083
N0.5278.04,0.1000,482,0.0812,2.1307,-0.0008,0.0135,,2.5000,0.0083
N0.5278.04,0.2000,524,0.0443,2.1307,0.0114,-0.0020,,2.5000,0.0083
N0.5278.04,0.5000,467,0.0295,2.1307,0.0102,0.0050,,2.5000,0.0083
N0.5278.04,1.0000,567,0.0369,2.1307,0.0094,0.0037,,2.5000,0.0083
N0.5278.04,2.0000,340,0.0369,1.5177,0.0027,-0.0033,,2.5000,0.0083
N0.677.72,0.0000,566,0.0369,2.1307,0.0004,0.0055,,2.5000,0.0118
N0.677.72,0.0500,562,0.0332,2.1307,0.0126,0.0118,,2.5000,0.0118
N0.677.72,0.0700,484,0.0369,2.1307,0.0061,0.0031,,2.5000,0.0118
N0.677.72,0.1000,555,0.0665,2.1307,0.0117,0.0129,,2.5000,0.0118
N0.677.72,0.2000,514,0.0295,2.1307,0.0139,0.0102,,2.5000,0.0118
N0.677.72,0.5000,479,0.0480,2.1307,0.0123,0.0130,,2.5000,0.0118
N0.677.72,1.0000,401,0.0406,1.5177,0.0031,0.0153,,2.5000,0.0118
N0.677.72,2.0000,189,0.0406,0.7755,-0.0159,0.0101,,2.5000,0.0118
N0.677.8,0.0000,565,0.0406,2.1307,0.0001,-0.0003,,2.5000,0.0112
N0.677.8,0.0500,562,0.0332,2.1307,0.0152,0.0137,,2.5000,0.0112
N0.677.8,0.0700,472,0.0295,2.1270,0.0084,0.0102,,2.5000,0.0112
N0.677.8,0.1000,555,0.0775,2.1307,0.0122,0.0102,,2.5000,0.0112
N0.677.8,0.2000,509,0.0369,2.1307,0.0143,0.0137,,2.5000,0.0112
N0.677.8,0.5000,472,0.0332,2.1307,0.0100,0.0134,,2.5000,0.0112
N0.677.8,1.0000,567,0.0369,2.1307,0.0041,0.0125,,2.5000,0.0112
N0.677.8,2.0000,240,0.0480,1.0894,0.0078,0.0128,,2.5000,0.0112
N0.677.88,0.0000,567,0.0295,2.1307,0.0053,0.0124,,2.5000,0.0094
N0.677.88,0.0500,564,0.0332,2.1307,0.0124,0.0102,,2.5000,0.0094
N0.677.88,0.0700,490,0.0295,2.1307,0.0114,0.0109,,2.5000,0.0094
N0.677.88,0.1000,528,0.0739,2.1307,0.0085,-0.0020,,2.5000,0.0094
N0.677.88,0.2000,526,0.0406,2.1307,0.0124,0.0102,,2.5000,0.0094
N0.677.88,0.5000,470,0.0295,2.1307,0.0114,0.0079,,2.5000,0.0094
N0.677.88,1.0000,567,0.0369,2.1307,0.0045,0.0042,,2.5000,0.0094
N0.677.88,2.0000,250,0.0332,1.0894,-0.0001,0.0048,,2.5000,0.0094
N0.677.96,0.0000,566,0.0295,2.1307,0.0119,0.0119,,2.5000,0.0083
N0.677.96,0.0500,556,0.0406,2.1307,0.0099,-0.0020,,2.5000,0.0083
N0.677.96,0.0700,481,0.0295,2.1307,0.0114,0.0102,,2.5000,0.0083
N0.677.96,0.1000,485,0.0665,2.1307,-0.0008,0.0114,,2.5000,0.0083
N0.677.96,0.2000,525,0.0443,2.1307,0.0138,-0.0020,,2.5000,0.0083
N0.677.96,0.5000,461,0.0295,2.1307,0.0114,0.0024,,2.5000,0.0083
N0.677.96,1.0000,567,0.0443,2.1344,0.0039,0.0041,,2.5000,0.0083
N0.677.96,2.0000,481,0.0480,2.1307,0.0043,-0.0067,,2.5000,0.0083
N0.678.04,0.0000,561,0.0628,2.1307,0.0067,0.0102,,2.5000,0.0076
N0.678.04,0.0500,556,0.0332,2.1307,0.0133,0.0082,,2.5000,0.0076
N0.678.04,0.0700,488,0.0332,2.1307,0.0114,0.0133,,2.5000,0.0076
N0.678.04,0.1000,529,0.0812,2.1270,0.0063,-0.0020,,2.5000,0.0076
N0.678.04,0.2000,529,0.0369,2.1307,0.0114,0.0133,,2.5000,0.0076
N0.678.04,0.5000,469,0.0295,2.1307,0.0069,0.0116,,2.5000,0.0076
N0.678.04,1.0000,567,0.0369,2.1307,0.0045,0.0021,,2.5000,0.0076
N0.678.04,2.0000,247,0.0480,1.0894,-0.0008,0.0018,,2.5000,0.0076
N0.679.96,0.0000,569,0.0295,2.1307,0.0072,0.0162,,2.5000,0.0105
N0.679.96,0.0500,425,0.0295,1.6174,0.0114,,,2.5000,0.0105
N0.679.96,0.0700,358,0.0406,1.6174,0.0093,,,2.5000,0.0105
N0.679.96,0.1000,412,0.0886,1.6174,0.0108,,,2.5000,0.0105
N0.679.96,0.2000,395,0.0369,1.6174,0.0114,,,2.5000,0.0105
N0.679.96,0.5000,443,0.0332,2.1307,0.0114,0.0102,,2.5000,0.0105
N0.679.96,1.0000,567,0.0369,2.1307,0.0114,0.0041,,2.5000,0.0105
N0.679.96,2.0000,470,0.0406,2.1307,0.0028,-0.0045,,2.5000,0.0105
N0.6877.72,0.0000,558,0.0591,2.1307,0.0080,0.0034,,2.5000,0.0102
N0.6877.72,0.0500,564,0.0295,2.1270,0.0109,0.0149,,2.5000,0.0102
N0.6877.72,0.0700,447,0.0295,2.0569,0.0015,0.0063,,2.5000,0.0102
N0.6877.72,0.1000,559,0.0332,2.1307,0.0134,0.0102,,2.5000,0.0102
N0.6877.72,0.2000,500,0.0443,2.1307,0.0125,0.0102,,2.5000,0.0102
N0.6877.72,0.5000,471,0.0332,2.1307,0.0074,0.0133,,2.5000,0.0102
N0.6877.72,1.0000,402,0.0369,1.5177,0.0075,0.0142,,2.5000,0.0102
N0.6877.72,2.0000,195,0.0332,0.7755,-0.0196,0.0006,,2.5000,0.0102
N0.6880.04,0.0000,566,0.0295,2.1307,0.0053,0.0163,,2.5000,0.0087
N0.6880.04,0.0500,422,0.0295,1.6174,0.0114,,,2.5000,0.0087
N0.6880.04,0.0700,360,0.0406,1.6174,0.0114,,,2.5000,0.0087
N0.6880.04,0.1000,410,0.0886,1.6174,0.0084,,,2.5000,0.0087
N0.6880.04,0.2000,404,0.0369,1.6174,0.0114,,,2.5000,0.0087
N0.6880.04,0.5000,391,0.0332,2.1270,0.0114,0.0090,,2.5000,0.0087
N0.6880.04,1.0000,567,0.0369,2.1307,-0.0020,0.0041,,2.5000,0.0087
N0.6880.04,2.0000,459,0.0369,2.1307,0.0020,0.0039,,2.5000,0.0087
N0.7677.72,0.0000,566,0.0295,2.1307,-0.0039,-0.0013,,2.5000,0.0102
N0.7677.72,0.0500,559,0.0332,2.1307,0.0139,0.0158,,2.5000,0.0102
N0.7677.72,0.0700,502,0.0295,2.1307,0.0053,0.0102,,2.5000,0.0102
N0.7677.72,0.1000,559,0.0332,2.1307,0.0114,0.0102,,2.5000,0.0102
N0.7677.72,0.2000,524,0.0332,2.1307,0.0107,0.0091,,2.5000,0.0102
N0.7677.72,0.5000,465,0.0295,2.1307,0.0069,0.0102,,2.5000,0.0102
N0.7677.72,1.0000,568,0.0369,2.1307,0.0017,0.0163,,2.5000,0.0102
N0.7677.72,2.0000,241,0.0406,1.0894,-0.0233,-0.0055,,2.5000,0.0102
N0.8477.72,0.0000,561,0.0591,2.1307,0.0038,-0.0023,,2.5000,0.0095
N0.8477.72,0.0500,562,0.0332,2.1307,0.0132,0.0102,,2.5000,0.0095
N0.8477.72,0.0700,489,0.0295,2.1307,0.0080,0.0120,,2.5000,0.0095
N0.8477.72,0.1000,544,0.0591,2.1307,0.0114,-0.0010,,2.5000,0.0095
N0.8477.72,0.2000,530,0.0369,2.1307,0.0114,0.0111,,2.5000,0.0095
N0.8477.72,0.5000,484,0.0295,2.1307,0.0054,0.0118,,2.5000,0.0095
N0.8477.72,1.0000,566,0.0443,2.1307,0.0006,0.0087,,2.5000,0.0095
N0.8477.72,2.0000,236,0.0406,1.0894,-0.0121,0.0081,,2.5000,0.0095
N0.8479.8,0.0000,568,0.0295,2.1307,0.0114,0.0140,,2.5000,0.0114
N0.8479.8,0.0500,428,0.0480,2.1307,0.0114,0.0119,,2.5000,0.0114
N0.8479.8,0.0700,365,0.0332,1.6100,0.0038,,,2.5000,0.0114
N0.8479.8,0.1000,410,0.0997,1.6174,0.0114,,,2.5000,0.0114
N0.8479.8,0.2000,392,0.0406,1.6174,0.0114,,,2.5000,0.0114
N0.8479.8,0.5000,435,0.0332,2.1307,0.0114,0.0090,,2.5000,0.0114
N0.8479.8,1.0000,567,0.0369,2.1307,0.0120,0.0094,,2.5000,0.0114
N0.8479.8,2.0000,464,0.0369,2.1307,0.0068,-0.0012,,2.5000,0.0114
N0.8479.88,0.0000,567,0.0295,2.1307,0.0083,0.0193,,2.5000,0.0073
N0.8479.88,0.0500,421,0.0295,1.6174,0.0114,,,2.5000,0.0073
N0.8479.88,0.0700,360,0.0332,1.6174,0.0114,,,2.5000,0.0073
N0.8479.88,0.1000,412,0.0960,1.6174,-0.0008,,,2.5000,0.0073
N0.8479.88,0.2000,399,0.0443,1.6174,0.0114,,,2.5000,0.0073
N0.8479.88,0.5000,410,0.0332,2.1270,0.0114,-0.0001,,2.5000,0.0073
N0.8479.88,1.0000,567,0.0369,2.1270,0.0046,0.0063,,2.5000,0.0073
N0.8479.88,2.0000,462,0.0406,2.1307,0.0049,0.0056,,2.5000,0.0073
N0.9279.64,0.0000,567,0.0295,2.1307,0.0023,0.0046,,2.5000,0.0102
N0.9279.64,0.0500,484,0.0295,2.1307,0.0042,0.0134,,2.5000,0.0102
N0.9279.64,0.0700,367,0.0295,1.6174,0.0110,,,2.5000,0.0102
N0.9279.64,0.1000,414,0.0332,1.6174,0.0114,,,2.5000,0.0102
N0.9279.64,0.2000,396,0.0480,1.6174,0.0114,,,2.5000,0.0102
N0.9279.64,0.5000,432,0.0332,2.1307,0.0114,0.0102,,2.5000,0.0102
N0.9279.64,1.0000,567,0.0369,2.1307,0.0082,0.0041,,2.5000,0.0102
N0.9279.64,2.0000,327,0.0406,1.5214,-0.0044,0.0130,,2.5000,0.0102
N0.9279.72,0.0000,569,0.0295,2.1307,0.0044,0.0148,,2.5000,0.0102
N0.9279.72,0.0500,448,0.0295,2.1307,0.0111,0.0123,,2.5000,0.0102
N0.9279.72,0.0700,357,0.0295,1.6100,-0.0008,,,2.5000,0.0102
N0.9279.72,0.1000,412,0.0923,1.6174,0.0114,,,2.5000,0.0102
N0.9279.72,0.2000,401,0.0443,1.6174,0.0114,,,2.5000,0.0102
N0.9279.72,0.5000,439,0.0332,2.1307,0.0114,0.0102,,2.5000,0.0102
N0.9279.72,1.0000,566,0.0369,2.1270,0.0055,0.0014,,2.5000,0.0102
N0.9279.72,2.0000,479,0.0369,2.1307,0.0072,0.0012,,2.5000,0.0102
N1.1679,0.0000,556,0.0812,2.1307,0.0071,0.0056,,2.5000,0.0070
N1.1679,0.0500,558,0.0295,2.1307,0.0052,0.0082,,2.5000,0.0070
N1.1679,0.0700,450,0.0295,2.1270,0.0069,0.0022,,2.5000,0.0070
N1.1679,0.1000,422,0.0295,1.6174,0.0114,,,2.5000,0.0070
N1.1679,0.2000,408,0.0517,1.6174,0.0135,,,2.5000,0.0070
N1.1679,0.5000,469,0.0295,2.1307,0.0114,0.0102,,2.5000,0.0070
N1.1679,1.0000,566,0.0443,2.1307,0.0071,0.0041,,2.5000,0.0070
N1.1679,2.0000,344,0.0369,1.5177,-0.0017,-0.0027,,2.5000,0.0070
N1.2478.84,0.0000,557,0.0739,2.1307,0.0069,-0.0038,,2.5000,0.0069
N1.2478.84,0.0500,558,0.0295,2.1270,0.0009,0.0055,,2.5000,0.0069
N1.2478.84,0.0700,479,0.0295,2.1307,0.0114,0.0021,,2.5000,0.0069
N1.2478.84,0.1000,422,0.0295,1.6174,0.0114,,,2.5000,0.0069
N1.2478.84,0.2000,420,0.0443,2.1307,0.0114,0.0050,,2.5000,0.0069
N1.2478.84,0.5000,466,0.0295,2.1307,0.0114,0.0152,,2.5000,0.0069
N1.2478.84,1.0000,568,0.0369,2.1307,0.0085,0.0087,,2.5000,0.0069
N1.2478.84,2.0000,238,0.0332,1.0894,0.0046,0.0059,,2.5000,0.0069
N1.3278.84,0.0000,566,0.0295,2.1307,0.0036,0.0023,,2.5000,0.0073
N1.3278.84,0.0500,558,0.0443,2.1270,0.0053,0.0082,,2.5000,0.0073
N1.3278.84,0.0700,477,0.0295,2.1307,0.0089,-0.0020,,2.5000,0.0073
N1.3278.84,0.1000,420,0.0295,1.6174,0.0114,,,2.5000,0.0073
N1.3278.84,0.2000,395,0.0443,1.6174,0.0114,,,2.5000,0.0073
N1.3278.84,0.5000,468,0.0295,2.1307,0.0101,0.0117,,2.5000,0.0073
N1.3278.84,1.0000,568,0.0369,2.1307,0.0065,0.0032,,2.5000,0.0073
N1.3278.84,2.0000,235,0.0406,1.0894,0.0017,0.0093,,2.5000,0.0073
N179.4,0.0000,561,0.0406,2.1307,0.0114,0.0102,,2.5000,0.0102
N179.4,0.0500,554,0.0480,2.1307,0.0114,0.0056,,2.5000,0.0102
N179.4,0.0700,364,0.0295,1.6137,0.0121,,,2.5000,0.0102
N179.4,0.1000,418,0.0332,1.6174,0.0114,,,2.5000,0.0102
N179.4,0.2000,402,0.0443,1.6174,-0.0008,,,2.5000,0.0102
N179.4,0.5000,460,0.0332,2.1307,0.0020,0.0102,,2.5000,0.0102
N179.4,1.0000,568,0.0369,2.1344,0.0098,0.0122,,2.5000,0.0102
N179.4,2.0000,338,0.0369,1.5177,0.0065,0.0055,,2.5000,0.0102
S0.0478.44,0.0000,568,0.0332,2.1307,0.0138,0.0102,,2.5000,0.0048
S0.0478.44,0.0500,530,0.0369,2.1307,-0.0008,0.0048,,2.5000,0.0048
S0.0478.44,0.0700,375,0.0443,1.6174,0.0114,,,2.5000,0.0048
S0.0478.44,0.1000,413,0.0369,1.6174,0.0114,,,2.5000,0.0048
S0.0478.44,0.2000,400,0.0517,1.6174,0.0026,,,2.5000,0.0048
S0.0478.44,0.5000,455,0.0295,2.1307,-0.0008,0.0102,,2.5000,0.0048
S0.0478.44,1.0000,567,0.0369,2.1307,0.0011,0.0095,,2.5000,0.0048
S0.0478.44,2.0000,485,0.0406,2.1307,-0.0009,0.0021,,2.5000,0.0048
S0.0478.52,0.0000,569,0.0295,2.1307,0.0130,0.0147,,2.5000,0.0095
S0.0478.52,0.0500,555,0.0369,2.1307,0.0095,0.0051,,2.5000,0.0095
S0.0478.52,0.0700,392,0.0406,2.1307,0.0155,0.0166,,2.5000,0.0095
S0.0478.52,0.1000,419,0.0517,1.6174,0.0114,,,2.5000,0.0095
S0.0478.52,0.2000,394,0.0517,1.6174,0.0108,,,2.5000,0.0095
S0.0478.52,0.5000,458,0.0443,2.1307,0.0084,0.0010,,2.5000,0.0095
S0.0478.52,1.0000,567,0.0369,2.1307,0.0071,0.0035,,2.5000,0.0095
S0.0478.52,2.0000,350,0.0406,1.5177,0.0094,0.0095,,2.5000,0.0095
S0.0479.40,0.0000,569,0.0295,2.1307,0.0114,0.0072,,2.5000,0.0081
S0.0479.40,0.0500,558,0.0480,2.1270,0.0112,0.0090,,2.5000,0.0081
S0.0479.40,0.0700,484,0.0369,2.1307,0.0114,0.0102,,2.5000,0.0081
S0.0479.40,0.1000,485,0.0369,2.1270,0.0114,0.0126,,2.5000,0.0081
S0.0479.40,0.2000,499,0.0517,2.1307,0.0052,0.0042,,2.5000,0.0081
S0.0479.40,0.5000,477,0.0295,2.1307,0.0040,0.0022,,2.5000,0.0081
S0.0479.40,1.0000,566,0.0443,2.1307,0.0000,0.0179,,2.5000,0.0081
S0.0479.40,2.0000,238,0.0406,1.0894,-0.0069,0.0047,,2.5000,0.0081
S0.1276.36,0.0000,201,0.0406,0.7792,0.0130,0.0091,,2.5000,0.0066
S0.1276.36,0.0500,285,0.0295,1.0894,0.0023,0.0059,,2.5000,0.0066
S0.1276.36,0.0700,372,0.0295,1.5177,0.0086,0.0136,,2.5000,0.0066
S0.1276.36,0.1000,533,0.0295,2.0901,0.0039,0.0081,,2.5000,0.0066
S0.1276.36,0.2000,542,0.0480,2.1307,-0.0013,0.0066,,2.5000,0.0066
S0.1276.36,0.5000,168,0.1440,0.7755,,0.0047,,2.5000,0.0066
S0.1276.36,1.0000,140,0.0443,0.5576,-0.0212,0.0039,,2.5000,0.0066
S0.1276.36,2.0000,179,0.0812,1.0155,,,,2.5000,0.0066
S0.1278.44,0.0000,546,0.1182,2.1307,0.0144,0.0133,,2.5000,0.0114
S0.1278.44,0.0500,507,0.0369,2.1307,0.0043,0.0102,,2.5000,0.0114
S0.1278.44,0.0700,375,0.0406,1.6174,0.0114,,,2.5000,0.0114
S0.1278.44,0.1000,416,0.0849,1.6174,0.0118,,,2.5000,0.0114
S0.1278.44,0.2000,396,0.0517,1.6174,0.0114,,,2.5000,0.0114
S0.1278.44,0.5000,453,0.0295,2.1307,0.0085,0.0120,,2.5000,0.0114
S0.1278.44,1.0000,568,0.0369,2.1307,0.0065,0.0127,,2.5000,0.0114
S0.1278.44,2.0000,487,0.0406,2.1307,0.0067,0.0069,,2.5000,0.0114
S0.1278.52,0.0000,569,0.0295,2.1307,0.0080,0.0164,,2.5000,0.0026
S0.1278.52,0.0500,537,0.0369,2.1270,-0.0008,-0.0020,,2.5000,0.0026
S0.1278.52,0.0700,377,0.0406,1.6174,0.0135,,,2.5000,0.0026
S0.1278.52,0.1000,417,0.0739,1.6174,0.0114,,,2.5000,0.0026
S0.1278.52,0.2000,402,0.0517,1.6174,0.0026,,,2.5000,0.0026
S0.1278.52,0.5000,453,0.0295,2.1307,-0.0001,0.0096,,2.5000,0.0026
S0.1278.52,1.0000,567,0.0369,2.1307,0.0011,0.0041,,2.5000,0.0026
S0.1278.52,2.0000,344,0.0406,1.5177,0.0004,0.0009,,2.5000,0.0026
S0.2076.60,0.0000,285,0.0406,1.0894,-0.0028,0.0029,,2.5000,0.0088
S0.2076.60,0.0500,396,0.0480,1.5177,0.0070,0.0080,,2.5000,0.0088
S0.2076.60,0.0700,506,0.0517,2.1307,0.0011,0.0028,,2.5000,0.0088
S0.2076.60,0.1000,317,0.0886,1.3331,0.0097,0.0108,,2.5000,0.0088
S0.2076.60,0.2000,549,0.0295,2.1307,0.0116,0.0124,,2.5000,0.0088
S0.2076.60,0.5000,194,0.2770,1.0857,,,,2.5000,0.0088
S0.2076.60,1.0000,200,0.0443,0.7792,-0.0108,-0.0035,,2.5000,0.0088
S0.2076.60,2.0000,94,0.0332,0.3951,-0.0425,-0.0103,,2.5000,0.0088
S0.2076.68,0.0000,285,0.0295,1.0894,0.0016,0.0067,,2.5000,0.0067
S0.2076.68,0.0500,397,0.0295,1.5030,0.0107,0.0112,,2.5000,0.0067
S0.2076.68,0.0700,503,0.0295,2.1307,0.0069,0.0109,,2.5000,0.0067
S0.2076.68,0.1000,350,0.0332,1.4291,0.0017,0.0054,,2.5000,0.0067
S0.2076.68,0.2000,555,0.0295,2.1307,-0.0015,0.0069,,2.5000,0.0067
S0.2076.68,0.5000,357,0.0332,1.5177,-0.0111,-0.0008,,2.5000,0.0067
S0.2076.68,1.0000,201,0.0332,0.7792,0.0023,0.0022,,2.5000,0.0067
S0.2076.68,2.0000,97,0.0406,0.3951,-0.0116,0.0068,,2.5000,0.0067
S0.2078.44,0.0000,543,0.1292,2.1307,0.0107,0.0110,,2.5000,0.0108
S0.2078.44,0.0500,510,0.0369,2.1307,0.0092,0.0100,,2.5000,0.0108
S0.2078.44,0.0700,368,0.0332,1.6100,0.0114,,,2.5000,0.0108
S0.2078.44,0.1000,418,0.0554,1.6174,0.0114,,,2.5000,0.0108
S0.2078.44,0.2000,400,0.0517,1.6137,0.0114,,,2.5000,0.0108
S0.2078.44,0.5000,462,0.0295,2.1307,0.0114,0.0135,,2.5000,0.0108
S0.2078.44,1.0000,568,0.0369,2.1307,0.0108,0.0083,,2.5000,0.0108
S0.2078.44,2.0000,462,0.0406,2.1307,-0.0033,0.0052,,2.5000,0.0108
S0.2078.52,0.0000,568,0.0295,2.1307,0.0056,0.0103,,2.5000,0.0102
S0.2078.52,0.0500,521,0.0369,2.1270,0.0083,0.0087,,2.5000,0.0102
S0.2078.52,0.0700,366,0.0517,1.6174,0.0114,,,2.5000,0.0102
S0.2078.52,0.1000,417,0.0739,1.6174,0.0116,,,2.5000,0.0102
S0.2078.52,0.2000,397,0.0554,1.6174,0.0114,,,2.5000,0.0102
S0.2078.52,0.5000,448,0.0295,2.1307,0.0077,0.0102,,2.5000,0.0102
S0.2078.52,1.0000,568,0.0369,2.1344,-0.0004,0.0123,,2.5000,0.0102
S0.2078.52,2.0000,332,0.0406,1.5177,0.0116,-0.0090,,2.5000,0.0102
S0.2079.16,0.0000,567,0.0295,2.1307,0.0084,0.0031,,2.5000,0.0099
S0.2079.16,0.0500,558,0.0332,2.1270,0.0158,0.0102,,2.5000,0.0099
S0.2079.16,0.0700,487,0.0369,2.1307,0.0114,0.0102,,2.5000,0.0099
S0.2079.16,0.1000,544,0.0960,2.1270,0.0114,0.0055,,2.5000,0.0099
S0.2079.16,0.2000,533,0.0517,2.1307,0.0155,0.0131,,2.5000,0.0099
S0.2079.16,0.5000,486,0.0480,2.1307,0.0096,0.0139,,2.5000,0.0099
S0.2079.16,1.0000,401,0.0369,1.5177,0.0081,0.0046,,2.5000,0.0099
S0.2079.16,2.0000,190,0.0517,0.7755,-0.0015,0.0050,,2.5000,0.0099
S0.2079.24,0.0000,564,0.0406,2.1307,-0.0003,0.0127,,2.5000,0.0103
S0.2079.24,0.0500,564,0.0295,2.1270,0.0130,0.0102,,2.5000,0.0103
S0.2079.24,0.0700,486,0.0443,2.1307,0.0114,0.0116,,2.5000,0.0103
S0.2079.24,0.1000,533,0.0960,2.1307,0.0053,-0.0020,,2.5000,0.0103
S0.2079.24,0.2000,530,0.0591,2.1307,0.0114,0.0116,,2.5000,0.0103
S0.2079.24,0.5000,483,0.0295,2.1307,0.0128,0.0104,,2.5000,0.0103
S0.2079.24,1.0000,400,0.0443,1.5177,0.0046,0.0091,,2.5000,0.0103
S0.2079.24,2.0000,182,0.0480,0.7755,-0.0029,0.0052,,2.5000,0.0103
S0.2080.28,0.0000,568,0.0295,2.1307,0.0089,0.0102,,2.5000,0.0075
S0.2080.28,0.0500,543,0.0295,2.1307,0.0109,-0.0020,,2.5000,0.0075
S0.2080.28,0.0700,365,0.0332,1.6174,0.0130,,,2.5000,0.0075
S0.2080.28,0.1000,413,0.0295,1.6174,0.0114,,,2.5000,0.0075
S0.2080.28,0.2000,403,0.0480,1.6174,0.0037,,,2.5000,0.0075
S0.2080.28,0.5000,443,0.0295,2.1307,0.0044,0.0075,,2.5000,0.0075
S0.2080.28,1.0000,567,0.0369,2.1307,0.0019,0.0102,,2.5000,0.0075
S0.2080.28,2.0000,327,0.0443,1.5177,0.0019,0.0053,,2.5000,0.0075
S0.2876.84,0.0000,286,0.0295,1.0894,0.0008,-0.0020,,2.5000,0.0114
S0.2876.84,0.0500,556,0.0406,2.1307,0.0043,-0.0004,,2.5000,0.0114
S0.2876.84,0.0700,512,0.0295,2.1307,0.0031,0.0107,,2.5000,0.0114
S0.2876.84,0.1000,490,0.0332,1.9904,0.0114,0.0146,,2.5000,0.0114
S0.2876.84,0.2000,553,0.0295,2.1344,0.0114,0.0126,,2.5000,0.0114
S0.2876.84,0.5000,355,0.0295,1.5177,0.0122,0.0136,,2.5000,0.0114
S0.2876.84,1.0000,284,0.0443,1.0894,-0.0118,-0.0015,,2.5000,0.0114
S0.2876.84,2.0000,125,0.0295,0.5539,-0.0261,-0.0115,,2.5000,0.0114
S0.2878.44,0.0000,569,0.0295,2.1307,0.0033,0.0126,,2.5000,0.0063
S0.2878.44,0.0500,537,0.0332,2.1307,-0.0008,-0.0018,,2.5000,0.0063
S0.2878.44,0.0700,366,0.0295,1.6174,0.0114,,,2.5000,0.0063
S0.2878.44,0.1000,416,0.0812,1.6174,0.0120,,,2.5000,0.0063
S0.2878.44,0.2000,391,0.0554,1.6137,0.0097,,,2.5000,0.0063
S0.2878.44,0.5000,452,0.0295,2.1307,0.0054,0.0102,,2.5000,0.0063
S0.2878.44,1.0000,568,0.0369,2.1307,0.0057,0.0103,,2.5000,0.0063
S0.2878.44,2.0000,490,0.0295,2.1307,-0.0005,0.0063,,2.5000,0.0063
S0.2878.52,0.0000,566,0.0295,2.1307,0.0080,0.0163,,2.5000,0.0096
S0.2878.52,0.0500,510,0.0406,2.1307,0.0081,0.0087,,2.5000,0.0096
S0.2878.52,0.0700,371,0.0517,1.6174,0.0102,,,2.5000,0.0096
S0.2878.52,0.1000,416,0.0775,1.6174,0.0114,,,2.5000,0.0096
S0.2878.52,0.2000,400,0.0517,1.6174,0.0114,,,2.5000,0.0096
S0.2878.52,0.5000,460,0.0295,2.1307,0.0094,0.0118,,2.5000,0.0096
S0.2878.52,1.0000,568,0.0369,2.1307,0.0049,0.0130,,2.5000,0.0096
S0.2878.52,2.0000,490,0.0295,2.1307,-0.0037,0.0096,,2.5000,0.0096
S0.2878.60,0.0000,568,0.0295,2.1307,0.0144,0.0172,,2.5000,0.0020
S0.2878.60,0.0500,543,0.0332,2.1307,-0.0007,-0.0020,,2.5000,0.0020
S0.2878.60,0.0700,372,0.0295,1.6174,0.0132,,,2.5000,0.0020
S0.2878.60,0.1000,414,0.0812,1.6174,0.0114,,,2.5000,0.0020
S0.2878.60,0.2000,397,0.0517,1.6174,0.0016,,,2.5000,0.0020
S0.2878.60,0.5000,456,0.0443,2.1270,-0.0008,0.0072,,2.5000,0.0020
S0.2878.60,1.0000,568,0.0369,2.1307,0.0011,-0.0020,,2.5000,0.0020
S0.2878.60,2.0000,337,0.0406,1.5177,-0.0016,0.0157,,2.5000,0.0020
S0.2879.08,0.0000,567,0.0295,2.1307,0.0018,0.0030,,2.5000,0.0114
S0.2879.08,0.0500,560,0.0369,2.1307,0.0134,0.0135,,2.5000,0.0114
S0.2879.08,0.0700,487,0.0369,2.1270,0.0114,0.0102,,2.5000,0.0114
S0.2879.08,0.1000,557,0.0369,2.1307,0.0114,0.0102,,2.5000,0.0114
S0.2879.08,0.2000,529,0.0554,2.1307,0.0142,0.0124,,2.5000,0.0114
S0.2879.08,0.5000,488,0.0332,2.1307,0.0076,0.0123,,2.5000,0.0114
S0.2879.08,1.0000,400,0.0443,1.5177,0.0083,0.0126,,2.5000,0.0114
S0.2879.08,2.0000,184,0.0332,0.7755,0.0247,0.0043,,2.5000,0.0114
S0.2879.16,0.0000,568,0.0295,2.1307,0.0001,-0.0080,,2.5000,0.0126
S0.2879.16,0.0500,561,0.0369,2.1307,0.0171,0.0130,,2.5000,0.0126
S0.2879.16,0.0700,493,0.0480,2.1307,0.0092,0.0102,,2.5000,0.0126
S0.2879.16,0.1000,555,0.0812,2.1307,0.0114,0.0102,,2.5000,0.0126
S0.2879.16,0.2000,529,0.0517,2.1307,0.0129,0.0148,,2.5000,0.0126
S0.2879.16,0.5000,495,0.0295,2.1307,0.0162,0.0141,,2.5000,0.0126
S0.2879.16,1.0000,400,0.0443,1.5177,0.0070,0.0130,,2.5000,0.0126
S0.2879.16,2.0000,186,0.0480,0.7755,-0.0187,0.0123,,2.5000,0.0126
S0.2879.24,0.0000,564,0.0369,2.1307,0.0100,-0.0016,,2.5000,0.0102
S0.2879.24,0.0500,555,0.0406,2.1270,0.0148,0.0102,,2.5000,0.0102
S0.2879.24,0.0700,490,0.0369,2.1307,0.0114,0.0102,,2.5000,0.0102
S0.2879.24,0.1000,547,0.0517,2.1307,0.0114,0.0056,,2.5000,0.0102
S0.2879.24,0.2000,528,0.0517,2.1307,0.0157,0.0116,,2.5000,0.0102
S0.2879.24,0.5000,472,0.0332,2.1307,0.0129,0.0170,,2.5000,0.0102
S0.2879.24,1.0000,400,0.0443,1.5177,0.0026,0.0042,,2.5000,0.0102
S0.2879.24,2.0000,177,0.0406,0.7755,-0.0022,0.0052,,2.5000,0.0102
S0.2879.40,0.0000,568,0.0295,2.1307,0.0050,0.0102,,2.5000,0.0098
S0.2879.40,0.0500,560,0.0406,2.1307,0.0119,0.0145,,2.5000,0.0098
S0.2879.40,0.0700,480,0.0369,2.1307,0.0124,0.0125,,2.5000,0.0098
S0.2879.40,0.1000,523,0.0369,2.1307,0.0002,0.0028,,2.5000,0.0098
S0.2879.40,0.2000,536,0.0443,2.1307,0.0114,0.0102,,2.5000,0.0098
S0.2879.40,0.5000,483,0.0295,2.1307,0.0094,0.0133,,2.5000,0.0098
S0.2879.40,1.0000,566,0.0443,2.1307,0.0053,0.0009,,2.5000,0.0098
S0.2879.40,2.0000,247,0.0480,1.0894,-0.0011,-0.0017,,2.5000,0.0098
S0.2879.48,0.0000,567,0.0295,2.1307,0.0168,0.0139,,2.5000,0.0096
S0.2879.48,0.0500,554,0.0406,2.1307,0.0105,0.0133,,2.5000,0.0096
S0.2879.48,0.0700,483,0.0369,2.1307,0.0125,0.0142,,2.5000,0.0096
S0.2879.48,0.1000,511,0.0739,2.1307,0.0019,0.0102,,2.5000,0.0096
S0.2879.48,0.2000,527,0.0480,2.1270,0.0091,0.0082,,2.5000,0.0096
S0.2879.48,0.5000,470,0.0332,2.1307,0.0101,0.0060,,2.5000,0.0096
S0.2879.48,1.0000,566,0.0443,2.1307,-0.0021,0.0020,,2.5000,0.0096
S0.2879.48,2.0000,237,0.0480,1.0894,0.0063,-0.0063,,2.5000,0.0096
S0.3677.80,0.0000,552,0.0886,2.1307,0.0148,0.0107,,2.5000,0.0084
S0.3677.80,0.0500,549,0.0369,2.1307,0.0027,-0.0020,,2.5000,0.0084
S0.3677.80,0.0700,366,0.0443,1.6174,0.0144,,,2.5000,0.0084
S0.3677.80,0.1000,415,0.0812,1.6174,0.0114,,,2.5000,0.0084
S0.3677.80,0.2000,396,0.0517,1.6174,0.0069,,,2.5000,0.0084
S0.3677.80,0.5000,451,0.0369,2.1270,0.0081,0.0102,,2.5000,0.0084
S0.3677.80,1.0000,567,0.0369,2.1307,0.0098,0.0066,,2.5000,0.0084
S0.3677.80,2.0000,468,0.0406,2.1307,-0.0025,0.0084,,2.5000,0.0084
S0.3678.44,0.0000,568,0.0332,2.1307,0.0157,0.0180,,2.5000,0.0054
S0.3678.44,0.0500,556,0.0369,2.1307,0.0053,0.0082,,2.5000,0.0054
S0.3678.44,0.0700,398,0.0517,2.1307,0.0136,0.0082,,2.5000,0.0054
S0.3678.44,0.1000,414,0.0775,1.6174,0.0114,,,2.5000,0.0054
S0.3678.44,0.2000,401,0.0517,1.6174,-0.0008,,,2.5000,0.0054
S0.3678.44,0.5000,471,0.0295,2.1307,0.0024,0.0054,,2.5000,0.0054
S0.3678.44,1.0000,568,0.0369,2.1307,-0.0014,0.0041,,2.5000,0.0054
S0.3678.44,2.0000,329,0.0406,1.5177,0.0017,-0.0046,,2.5000,0.0054
S0.3678.52,0.0000,568,0.0295,2.1307,0.0091,0.0133,,2.5000,0.0102
S0.3678.52,0.0500,517,0.0369,2.1307,0.0114,0.0087,,2.5000,0.0102
S0.3678.52,0.0700,369,0.0517,1.6174,0.0114,,,2.5000,0.0102
S0.3678.52,0.1000,416,0.0739,1.6174,0.0125,,,2.5000,0.0102
S0.3678.52,0.2000,390,0.0517,1.6100,0.0114,,,2.5000,0.0102
S0.3678.52,0.5000,444,0.0295,2.1307,0.0111,0.0102,,2.5000,0.0102
S0.3678.52,1.0000,568,0.0369,2.1307,0.0006,0.0102,,2.5000,0.0102
S0.3678.52,2.0000,479,0.0332,2.1307,-0.0001,0.0064,,2.5000,0.0102
S0.3678.60,0.0000,570,0.0295,2.1307,0.0144,0.0146,,2.5000,0.0066
S0.3678.60,0.0500,532,0.0369,2.1270,0.0029,-0.0011,,2.5000,0.0066
S0.3678.60,0.0700,376,0.0295,1.6174,0.0114,,,2.5000,0.0066
S0.3678.60,0.1000,417,0.0369,1.6174,0.0114,,,2.5000,0.0066
S0.3678.60,0.2000,405,0.0517,1.6174,0.0114,,,2.5000,0.0066
S0.3678.60,0.5000,466,0.0295,2.1270,0.0034,0.0102,,2.5000,0.0066
S0.3678.60,1.0000,568,0.0369,2.1307,-0.0036,0.0044,,2.5000,0.0066
S0.3678.60,2.0000,322,0.0332,1.5177,0.0066,-0.0049,,2.5000,0.0066
S0.3679.88,0.0000,566,0.0295,2.1307,0.0119,0.0133,,2.5000,0.0097
S0.3679.88,0.0500,560,0.0443,2.1307,0.0037,0.0072,,2.5000,0.0097
S0.3679.88,0.0700,492,0.0295,2.1307,0.0147,0.0107,,2.5000,0.0097
S0.3679.88,0.1000,458,0.0591,2.1307,0.0114,0.0154,,2.5000,0.0097
S0.3679.88,0.2000,464,0.0480,2.1307,0.0017,0.0095,,2.5000,0.0097
S0.3679.88,0.5000,467,0.0295,2.1307,0.0035,0.0102,,2.5000,0.0097
S0.3679.88,1.0000,567,0.0369,2.1307,0.0034,0.0100,,2.5000,0.0097
S0.3679.88,2.0000,243,0.0406,1.0894,-0.0046,0.0025,,2.5000,0.0097
S0.4477.00,0.0000,403,0.0295,1.5214,0.0177,0.0077,,2.5000,0.0080
S0.4477.00,0.0500,563,0.0295,2.1307,-0.0004,0.0124,,2.5000,0.0080
S0.4477.00,0.0700,500,0.0369,2.1307,0.0147,0.0102,,2.5000,0.0080
S0.4477.00,0.1000,554,0.0332,2.1307,0.0062,0.0102,,2.5000,0.0080
S0.4477.00,0.2000,541,0.0295,2.1307,0.0030,-0.0020,,2.5000,0.0080
S0.4477.00,0.5000,486,0.0332,2.1307,0.0039,-0.0029,,2.5000,0.0080
S0.4477.00,1.0000,389,0.0443,1.5177,0.0111,0.0084,,2.5000,0.0080
S0.4477.00,2.0000,176,0.0369,0.7755,-0.0125,-0.0023,,2.5000,0.0080
S0.4477.88,0.0000,569,0.0295,2.1307,-0.0008,0.0041,,2.5000,0.0090
S0.4477.88,0.0500,482,0.0332,2.1307,0.0114,0.0161,,2.5000,0.0090
S0.4477.88,0.0700,366,0.0443,1.6137,0.0085,,,2.5000,0.0090
S0.4477.88,0.1000,418,0.0517,1.6174,0.0114,,,2.5000,0.0090
S0.4477.88,0.2000,398,0.0517,1.6174,0.0114,,,2.5000,0.0090
S0.4477.88,0.5000,426,0.0295,2.1307,0.0114,0.0031,,2.5000,0.0090
S0.4477.88,1.0000,567,0.0369,2.1307,0.0112,0.0090,,2.5000,0.0090
S0.4477.88,2.0000,469,0.0480,2.1307,0.0035,-0.0020,,2.5000,0.0090
S0.4479.88,0.0000,564,0.0443,2.1307,0.0139,0.0116,,2.5000,0.0091
S0.4479.88,0.0500,558,0.0480,2.1307,0.0169,0.0079,,2.5000,0.0091
S0.4479.88,0.0700,489,0.0295,2.1307,0.0147,0.0102,,2.5000,0.0091
S0.4479.88,0.1000,479,0.0665,2.1307,0.0114,0.0126,,2.5000,0.0091
S0.4479.88,0.2000,499,0.0369,2.1307,0.0015,0.0087,,2.5000,0.0091
S0.4479.88,0.5000,478,0.0295,2.1307,0.0034,0.0059,,2.5000,0.0091
S0.4479.88,1.0000,566,0.0443,2.1307,0.0004,0.0096,,2.5000,0.0091
S0.4479.88,2.0000,244,0.0332,1.0894,-0.0033,-0.0023,,2.5000,0.0091
S0.5278.52,0.0000,569,0.0295,2.1307,0.0175,0.0149,,2.5000,0.0104
S0.5278.52,0.0500,557,0.0369,2.1307,0.0114,0.0150,,2.5000,0.0104
S0.5278.52,0.0700,403,0.0517,2.1307,0.0189,0.0072,,2.5000,0.0104
S0.5278.52,0.1000,416,0.0517,1.6174,0.0114,,,2.5000,0.0104
S0.5278.52,0.2000,405,0.0517,1.6174,0.0095,,,2.5000,0.0104
S0.5278.52,0.5000,478,0.0295,2.1307,0.0072,0.0005,,2.5000,0.0104
S0.5278.52,1.0000,568,0.0369,2.1307,0.0042,0.0041,,2.5000,0.0104
S0.5278.52,2.0000,330,0.0406,1.5177,-0.0010,0.0132,,2.5000,0.0104
S0.5278.60,0.0000,566,0.0295,2.1307,0.0194,0.0163,,2.5000,0.0055
S0.5278.60,0.0500,553,0.0369,2.1307,0.0047,0.0082,,2.5000,0.0055
S0.5278.60,0.0700,390,0.0517,2.1307,0.0114,0.0106,,2.5000,0.0055
S0.5278.60,0.1000,416,0.0517,1.6174,0.0114,,,2.5000,0.0055
S0.5278.60,0.2000,399,0.0517,1.6174,-0.0008,,,2.5000,0.0055
S0.5278.60,0.5000,462,0.0295,2.1307,0.0004,0.0062,,2.5000,0.0055
S0.5278.60,1.0000,568,0.0406,2.1344,0.0001,0.0041,,2.5000,0.0055
S0.5278.60,2.0000,334,0.0443,1.5177,-0.0006,0.0025,,2.5000,0.0055
S0.6080.36,0.0000,570,0.0295,2.1307,0.0051,-0.0020,,2.5000,0.0087
S0.6080.36,0.0500,560,0.0295,2.1270,-0.0017,0.0087,,2.5000,0.0087
S0.6080.36,0.0700,461,0.0295,2.1307,0.0047,0.0002,,2.5000,0.0087
S0.6080.36,0.1000,415,0.0812,1.6174,0.0114,,,2.5000,0.0087
S0.6080.36,0.2000,429,0.0369,2.1307,0.0114,0.0122,,2.5000,0.0087
S0.6080.36,0.5000,465,0.0295,2.1270,0.0095,0.0142,,2.5000,0.0087
S0.6080.36,1.0000,567,0.0369,2.1307,0.0099,0.0063,,2.5000,0.0087
S0.6080.36,2.0000,245,0.0406,1.0894,-0.0067,0.0110,,2.5000,0.0087
S0.6080.44,0.0000,570,0.0295,2.1307,-0.0008,0.0066,,2.5000,0.0093
S0.6080.44,0.0500,556,0.0295,2.1307,0.0109,0.0102,,2.5000,0.0093
S0.6080.44,0.0700,445,0.0332,2.1307,0.0011,0.0059,,2.5000,0.0093
S0.6080.44,0.1000,415,0.0886,1.6174,0.0114,,,2.5000,0.0093
S0.6080.44,0.2000,404,0.0369,1.6174,0.0129,,,2.5000,0.0093
S0.6080.44,0.5000,462,0.0295,2.1307,0.0127,0.0111,,2.5000,0.0093
S0.6080.44,1.0000,567,0.0369,2.1307,0.0084,0.0102,,2.5000,0.0093
S0.6080.44,2.0000,238,0.0406,1.0894,-0.0067,0.0032,,2.5000,0.0093
S0.6877.32,0.0000,570,0.0295,2.1307,-0.0023,0.0009,,2.5000,0.0102
S0.6877.32,0.0500,563,0.0332,2.1307,0.0102,0.0072,,2.5000,0.0102
S0.6877.32,0.0700,487,0.0369,2.1270,0.0039,-0.0008,,2.5000,0.0102
S0.6877.32,0.1000,551,0.0739,2.1307,0.0128,0.0102,,2.5000,0.0102
S0.6877.32,0.2000,532,0.0369,2.1307,0.0114,0.0114,,2.5000,0.0102
S0.6877.32,0.5000,462,0.0295,2.1307,0.0067,0.0102,,2.5000,0.0102
S0.6877.32,1.0000,568,0.0369,2.1307,0.0105,0.0165,,2.5000,0.0102
S0.6877.32,2.0000,242,0.0406,1.0894,-0.0136,0.0050,,2.5000,0.0102
S0.6878.92,0.0000,561,0.0406,2.1307,0.0158,0.0020,,2.5000,0.0107
S0.6878.92,0.0500,561,0.0369,2.1270,0.0103,0.0106,,2.5000,0.0107
S0.6878.92,0.0700,482,0.0517,2.1307,0.0162,0.0109,,2.5000,0.0107
S0.6878.92,0.1000,537,0.0812,2.1307,0.0052,-0.0020,,2.5000,0.0107
S0.6878.92,0.2000,522,0.0554,2.1307,0.0114,0.0172,,2.5000,0.0107
S0.6878.92,0.5000,493,0.0295,2.1307,0.0160,0.0155,,2.5000,0.0107
S0.6878.92,1.0000,400,0.0443,1.5177,0.0026,0.0121,,2.5000,0.0107
S0.6878.92,2.0000,180,0.0406,0.7755,0.0001,0.0051,,2.5000,0.0107
S0.6880.04,0.0000,569,0.0295,2.1307,0.0073,0.0160,,2.5000,0.0052
S0.6880.04,0.0500,557,0.0406,2.1270,0.0113,0.0114,,2.5000,0.0052
S0.6880.04,0.0700,490,0.0369,2.1307,0.0135,0.0130,,2.5000,0.0052
S0.6880.04,0.1000,501,0.0369,2.1270,0.0052,0.0047,,2.5000,0.0052
S0.6880.04,0.2000,520,0.0517,2.1307,0.0072,-0.0020,,2.5000,0.0052
S0.6880.04,0.5000,472,0.0295,2.1307,0.0046,0.0017,,2.5000,0.0052
S0.6880.04,1.0000,566,0.0443,2.1307,0.0053,0.0039,,2.5000,0.0052
S0.6880.04,2.0000,247,0.0406,1.0894,-0.0002,0.0021,,2.5000,0.0052
S0.6880.12,0.0000,565,0.0295,2.1307,0.0162,0.0112,,2.5000,0.0104
S0.6880.12,0.0500,558,0.0406,2.1307,0.0143,0.0102,,2.5000,0.0104
S0.6880.12,0.0700,492,0.0295,2.1307,0.0157,0.0169,,2.5000,0.0104
S0.6880.12,0.1000,482,0.0812,2.1270,0.0114,0.0122,,2.5000,0.0104
S0.6880.12,0.2000,499,0.0406,2.1270,0.0018,0.0087,,2.5000,0.0104
S0.6880.12,0.5000,475,0.0295,2.1307,0.0056,0.0014,,2.5000,0.0104
S0.6880.12,1.0000,567,0.0369,2.1307,-0.0008,0.0106,,2.5000,0.0104
S0.6880.12,2.0000,239,0.0369,1.0894,-0.0056,-0.0003,,2.5000,0.0104
S0.6880.36,0.0000,557,0.0702,2.1307,-0.0010,0.0044,,2.5000,0.0063
S0.6880.36,0.0500,561,0.0295,2.1307,0.0022,0.0007,,2.5000,0.0063
S0.6880.36,0.0700,488,0.0295,2.1307,0.0108,0.0035,,2.5000,0.0063
S0.6880.36,0.1000,416,0.0812,1.6174,0.0114,,,2.5000,0.0063
S0.6880.36,0.2000,449,0.0369,2.1307,0.0114,0.0099,,2.5000,0.0063
S0.6880.36,0.5000,474,0.0332,2.1307,0.0096,0.0125,,2.5000,0.0063
S0.6880.36,1.0000,566,0.0443,2.1307,0.0063,0.0117,,2.5000,0.0063
S0.6880.36,2.0000,240,0.0332,1.0894,-0.0010,0.0010,,2.5000,0.0063
S0.6880.44,0.0000,569,0.0295,2.1307,0.0080,-0.0014,,2.5000,0.0080
S0.6880.44,0.0500,562,0.0443,2.1307,0.0054,0.0072,,2.5000,0.0080
S0.6880.44,0.0700,459,0.0295,2.1307,0.0002,0.0032,,2.5000,0.0080
S0.6880.44,0.1000,414,0.0332,1.6174,0.0114,,,2.5000,0.0080
S0.6880.44,0.2000,426,0.0369,2.1307,0.0114,0.0102,,2.5000,0.0080
S0.6880.44,0.5000,473,0.0332,2.1307,0.0114,0.0139,,2.5000,0.0080
S0.6880.44,1.0000,567,0.0369,2.1307,0.0099,0.0174,,2.5000,0.0080
S0.6880.44,2.0000,241,0.0406,1.0894,-0.0036,0.0060,,2.5000,0.0080
S0.7680.20,0.0000,561,0.0406,2.1307,0.0146,0.0185,,2.5000,0.0051
S0.7680.20,0.0500,563,0.0406,2.1307,0.0094,0.0056,,2.5000,0.0051
S0.7680.20,0.0700,487,0.0406,2.1307,0.0114,0.0129,,2.5000,0.0051
S0.7680.20,0.1000,481,0.0739,2.1307,0.0114,0.0090,,2.5000,0.0051
S0.7680.20,0.2000,500,0.0443,2.1307,-0.0008,-0.0003,,2.5000,0.0051
S0.7680.20,0.5000,482,0.0295,2.1307,0.0024,-0.0014,,2.5000,0.0051
S0.7680.20,1.0000,567,0.0369,2.1307,0.0009,0.0032,,2.5000,0.0051
S0.7680.20,2.0000,246,0.0332,1.0894,0.0032,-0.0047,,2.5000,0.0051
S0.7680.28,0.0000,568,0.0295,2.1307,0.0083,0.0163,,2.5000,0.0091
S0.7680.28,0.0500,560,0.0443,2.1307,0.0090,0.0069,,2.5000,0.0091
S0.7680.28,0.0700,482,0.0406,2.1307,0.0116,0.0130,,2.5000,0.0091
S0.7680.28,0.1000,458,0.0665,2.1270,0.0114,0.0129,,2.5000,0.0091
S0.7680.28,0.2000,478,0.0443,2.1307,0.0053,0.0111,,2.5000,0.0091
S0.7680.28,0.5000,470,0.0295,2.1307,0.0045,0.0043,,2.5000,0.0091
S0.7680.28,1.0000,567,0.0369,2.1307,-0.0012,0.0091,,2.5000,0.0091
S0.7680.28,2.0000,244,0.0369,1.0894,-0.0008,-0.0111,,2.5000,0.0091
S0.8478.68,0.0000,568,0.0295,2.1307,0.0114,0.0166,,2.5000,0.0073
S0.8478.68,0.0500,558,0.0517,2.1307,0.0102,0.0102,,2.5000,0.0073
S0.8478.68,0.0700,401,0.0517,2.1307,0.0195,0.0041,,2.5000,0.0073
S0.8478.68,0.1000,415,0.0739,1.6174,0.0114,,,2.5000,0.0073
S0.8478.68,0.2000,402,0.0739,1.6174,0.0073,,,2.5000,0.0073
S0.8478.68,0.5000,458,0.0332,2.1307,0.0059,-0.0020,,2.5000,0.0073
S0.8478.68,1.0000,567,0.0369,2.1307,0.0074,-0.0024,,2.5000,0.0073
S0.8478.68,2.0000,329,0.0406,1.5177,0.0037,0.0067,,2.5000,0.0073
S0.8479.48,0.0000,565,0.0369,2.1307,-0.0017,0.0006,,2.5000,0.0094
S0.8479.48,0.0500,559,0.0406,2.1307,0.0127,0.0102,,2.5000,0.0094
S0.8479.48,0.0700,483,0.0480,2.1270,0.0079,0.0102,,2.5000,0.0094
S0.8479.48,0.1000,551,0.0812,2.1307,0.0122,0.0102,,2.5000,0.0094
S0.8479.48,0.2000,525,0.0591,2.1307,0.0114,0.0132,,2.5000,0.0094
S0.8479.48,0.5000,472,0.0332,2.1307,0.0045,0.0064,,2.5000,0.0094
S0.8479.48,1.0000,400,0.0443,1.5177,0.0073,0.0090,,2.5000,0.0094
S0.8479.48,2.0000,189,0.0332,0.7755,-0.0051,-0.0099,,2.5000,0.0094
S0.8480.12,0.0000,555,0.0739,2.1307,0.0169,0.0198,,2.5000,0.0102
S0.8480.12,0.0500,561,0.0443,2.1307,0.0161,0.0102,,2.5000,0.0102
S0.8480.12,0.0700,490,0.0369,2.1307,0.0114,0.0127,,2.5000,0.0102
S0.8480.12,0.1000,509,0.0369,2.1270,0.0088,0.0102,,2.5000,0.0102
S0.8480.12,0.2000,530,0.0369,2.1307,0.0082,-0.0020,,2.5000,0.0102
S0.8480.12,0.5000,474,0.0295,2.1307,0.0114,0.0108,,2.5000,0.0102
S0.8480.12,1.0000,566,0.0443,2.1307,-0.0014,-0.0032,,2.5000,0.0102
S0.8480.12,2.0000,254,0.0406,1.0894,0.0038,-0.0035,,2.5000,0.0102
S0.8480.20,0.0000,559,0.0406,2.1307,0.0166,0.0140,,2.5000,0.0087
S0.8480.20,0.0500,562,0.0443,2.1270,0.0113,0.0102,,2.5000,0.0087
S0.8480.20,0.0700,481,0.0369,2.1307,0.0127,0.0144,,2.5000,0.0087
S0.8480.20,0.1000,491,0.0369,2.1307,0.0114,0.0152,,2.5000,0.0087
S0.8480.20,0.2000,503,0.0443,2.1307,-0.0008,-0.0020,,2.5000,0.0087
S0.8480.20,0.5000,481,0.0295,2.1307,0.0027,0.0056,,2.5000,0.0087
S0.8480.20,1.0000,567,0.0369,2.1307,-0.0071,0.0041,,2.5000,0.0087
S0.8480.20,2.0000,243,0.0406,1.0894,0.0020,-0.0020,,2.5000,0.0087
S0.9275.40,0.0000,276,0.0332,1.0857,0.0080,-0.0416,,2.5000,0.0102
S0.9275.40,0.0500,398,0.0295,1.5177,-0.0107,0.0002,,2.5000,0.0102
S0.9275.40,0.0700,509,0.0295,2.1307,0.0042,0.0002,,2.5000,0.0102
S0.9275.40,0.1000,534,0.0443,2.0421,0.0099,0.0102,,2.5000,0.0102
S0.9275.40,0.2000,551,0.0295,2.1307,0.0077,0.0145,,2.5000,0.0102
S0.9275.40,0.5000,183,0.0332,1.0894,0.0457,-0.0303,0.0000,2.5000,0.0102
S0.9275.40,1.0000,140,0.0443,0.5576,-0.0188,-0.0158,,2.5000,0.0102
S0.9275.40,2.0000,84,0.3250,0.9712,,,,2.5000,0.0102
S0.9277.80,0.0000,555,0.0812,2.1307,0.0095,0.0090,,2.5000,0.0100
S0.9277.80,0.0500,560,0.0332,2.1270,0.0114,0.0133,,2.5000,0.0100
S0.9277.80,0.0700,443,0.0517,2.1307,0.0114,0.0076,,2.5000,0.0100
S0.9277.80,0.1000,411,0.0295,1.6174,0.0114,,,2.5000,0.0100
S0.9277.80,0.2000,408,0.0554,1.6137,0.0114,,,2.5000,0.0100
S0.9277.80,0.5000,470,0.0295,2.1270,0.0104,-0.0008,,2.5000,0.0100
S0.9277.80,1.0000,568,0.0369,2.1344,0.0104,0.0041,,2.5000,0.0100
S0.9277.80,2.0000,485,0.0406,2.1307,-0.0034,-0.0001,,2.5000,0.0100
S0.9278.60,0.0000,566,0.0369,2.1307,0.0170,0.0140,,2.5000,0.0079
S0.9278.60,0.0500,552,0.0517,2.1307,0.0107,0.0095,,2.5000,0.0079
S0.9278.60,0.0700,414,0.0554,2.1270,0.0150,0.0057,,2.5000,0.0079
S0.9278.60,0.1000,415,0.0739,1.6174,0.0114,,,2.5000,0.0079
S0.9278.60,0.2000,395,0.0775,1.6174,0.0043,,,2.5000,0.0079
S0.9278.60,0.5000,468,0.0369,2.1307,0.0062,-0.0020,,2.5000,0.0079
S0.9278.60,1.0000,567,0.0369,2.1307,0.0024,0.0007,,2.5000,0.0079
S0.9278.60,2.0000,348,0.0332,1.5177,0.0241,0.0057,,2.5000,0.0079
S0.9278.68,0.0000,566,0.0443,2.1307,0.0148,0.0232,,2.5000,0.0056
S0.9278.68,0.0500,555,0.0554,2.1307,0.0072,0.0082,,2.5000,0.0056
S0.9278.68,0.0700,395,0.0554,2.1307,0.0171,0.0050,,2.5000,0.0056
S0.9278.68,0.1000,414,0.0739,1.6174,0.0114,,,2.5000,0.0056
S0.9278.68,0.2000,401,0.0739,1.6174,0.0002,,,2.5000,0.0056
S0.9278.68,0.5000,462,0.0332,2.1307,0.0029,0.0044,,2.5000,0.0056
S0.9278.68,1.0000,567,0.0369,2.1307,0.0062,-0.0020,,2.5000,0.0056
S0.9278.68,2.0000,327,0.0406,1.5177,0.0039,-0.0011,,2.5000,0.0056
S0.9279.24,0.0000,568,0.0295,2.1307,-0.0077,0.0090,,2.5000,0.0100
S0.9279.24,0.0500,561,0.0369,2.1307,0.0132,0.0115,,2.5000,0.0100
S0.9279.24,0.0700,395,0.0517,2.1270,0.0057,0.0085,,2.5000,0.0100
S0.9279.24,0.1000,552,0.0886,2.1307,0.0114,0.0102,,2.5000,0.0100
S0.9279.24,0.2000,465,0.0591,2.1307,0.0117,0.0102,,2.5000,0.0100
S0.9279.24,0.5000,293,0.0332,1.6174,0.0081,-0.0020,,2.5000,0.0100
S0.9279.24,1.0000,284,0.0443,1.0894,0.0098,0.0068,,2.5000,0.0100
S0.9279.24,2.0000,132,0.0480,0.5539,-0.0169,-0.0144,,2.5000,0.0100
S0.9279.32,0.0000,555,0.0480,2.1307,-0.0112,0.0072,,2.5000,0.0094
S0.9279.32,0.0500,565,0.0369,2.1307,0.0142,0.0157,,2.5000,0.0094
S0.9279.32,0.0700,389,0.0369,2.1270,0.0008,0.0067,,2.5000,0.0094
S0.9279.32,0.1000,550,0.0886,2.1307,0.0149,0.0105,,2.5000,0.0094
S0.9279.32,0.2000,471,0.0517,2.1307,0.0114,0.0086,,2.5000,0.0094
S0.9279.32,0.5000,360,0.0295,2.1307,0.0056,-0.0007,,2.5000,0.0094
S0.9279.32,1.0000,284,0.0443,1.0894,0.0053,0.0078,,2.5000,0.0094
S0.9279.32,2.0000,129,0.0406,0.5576,-0.0148,-0.0101,,2.5000,0.0094
S0.9279.40,0.0000,567,0.0295,2.1307,-0.0079,0.0109,,2.5000,0.0098
S0.9279.40,0.0500,561,0.0369,2.1307,0.0096,0.0113,,2.5000,0.0098
S0.9279.40,0.0700,392,0.0480,1.8095,0.0059,0.0070,,2.5000,0.0098
S0.9279.40,0.1000,552,0.0812,2.1270,0.0144,0.0102,,2.5000,0.0098
S0.9279.40,0.2000,491,0.0554,2.1307,0.0140,0.0126,,2.5000,0.0098
S0.9279.40,0.5000,243,0.0332,1.4956,0.0059,-0.0020,,2.5000,0.0098
S0.9279.40,1.0000,400,0.0443,1.5177,0.0113,0.0066,,2.5000,0.0098
S0.9279.40,2.0000,131,0.0406,0.5576,-0.0099,-0.0067,,2.5000,0.0098
S0.9279.48,0.0000,560,0.0406,2.1307,0.0009,0.0036,,2.5000,0.0092
S0.9279.48,0.0500,558,0.0369,2.1307,0.0139,0.0113,,2.5000,0.0092
S0.9279.48,0.0700,444,0.0480,2.0716,0.0077,0.0102,,2.5000,0.0092
S0.9279.48,0.1000,558,0.0517,2.1307,0.0114,0.0102,,2.5000,0.0092
S0.9279.48,0.2000,498,0.0554,2.1307,0.0116,0.0123,,2.5000,0.0092
S0.9279.48,0.5000,440,0.0332,2.1307,0.0081,-0.0014,,2.5000,0.0092
S0.9279.48,1.0000,400,0.0443,1.5177,0.0080,0.0079,,2.5000,0.0092
S0.9279.48,2.0000,175,0.0406,0.7755,-0.0174,-0.0024,,2.5000,0.0092
S0.9280.20,0.0000,565,0.0295,2.1307,0.0108,0.0147,,2.5000,0.0086
S0.9280.20,0.0500,556,0.0443,2.1270,0.0113,0.0103,,2.5000,0.0086
S0.9280.20,0.0700,496,0.0369,2.1307,0.0147,0.0164,,2.5000,0.0086
S0.9280.20,0.1000,497,0.0369,2.1307,0.0114,0.0116,,2.5000,0.0086
S0.9280.20,0.2000,520,0.0369,2.1270,-0.0059,-0.0020,,2.5000,0.0086
S0.9280.20,0.5000,477,0.0295,2.1307,0.0067,0.0068,,2.5000,0.0086
S0.9280.20,1.0000,401,0.0369,1.5177,0.0001,0.0005,,2.5000,0.0086
S0.9280.20,2.0000,184,0.0406,0.7755,0.0000,-0.0026,,2.5000,0.0086
S0.9280.44,0.0000,552,0.0960,2.1307,0.0098,0.0148,,2.5000,0.0098
S0.9280.44,0.0500,558,0.0295,2.1270,0.0033,0.0025,,2.5000,0.0098
S0.9280.44,0.0700,485,0.0332,2.1307,0.0090,0.0090,,2.5000,0.0098
S0.9280.44,0.1000,430,0.0295,2.1270,0.0114,0.0103,,2.5000,0.0098
S0.9280.44,0.2000,478,0.0443,2.1307,0.0108,0.0128,,2.5000,0.0098
S0.9280.44,0.5000,468,0.0332,2.1307,0.0031,0.0100,,2.5000,0.0098
S0.9280.44,1.0000,567,0.0369,2.1307,0.0034,0.0143,,2.5000,0.0098
S0.9280.44,2.0000,236,0.0406,1.0894,0.0042,-0.0098,,2.5000,0.0098
S0.9280.60,0.0000,568,0.0369,2.1307,0.0054,0.0030,,2.5000,0.0089
S0.9280.60,0.0500,560,0.0295,2.1307,0.0107,0.0163,,2.5000,0.0089
S0.9280.60,0.0700,440,0.0332,2.1307,0.0089,0.0059,,2.5000,0.0089
S0.9280.60,0.1000,415,0.0812,1.6174,0.0098,,,2.5000,0.0089
S0.9280.60,0.2000,427,0.0406,2.1307,0.0122,0.0122,,2.5000,0.0089
S0.9280.60,0.5000,456,0.0332,2.1307,0.0114,0.0167,,2.5000,0.0089
S0.9280.60,1.0000,566,0.0443,2.1307,0.0040,0.0087,,2.5000,0.0089
S0.9280.60,2.0000,251,0.0406,1.0894,-0.0059,-0.0057,,2.5000,0.0089
S0.9280.68,0.0000,570,0.0295,2.1307,0.0126,0.0082,,2.5000,0.0120
S0.9280.68,0.0500,557,0.0295,2.1307,0.0130,0.0159,,2.5000,0.0120
S0.9280.68,0.0700,403,0.0332,2.1307,0.0114,0.0078,,2.5000,0.0120
S0.9280.68,0.1000,415,0.0332,1.6174,0.0025,,,2.5000,0.0120
S0.9280.68,0.2000,409,0.0443,1.6174,0.0132,,,2.5000,0.0120
S0.9280.68,0.5000,451,0.0295,2.1307,0.0184,0.0141,,2.5000,0.0120
S0.9280.68,1.0000,567,0.0369,2.1307,0.0043,0.0196,,2.5000,0.0120
S0.9280.68,2.0000,252,0.0332,1.0894,-0.0113,0.0060,,2.5000,0.0120
S1.0077.80,0.0000,567,0.0295,2.1307,0.0048,0.0012,,2.5000,0.0070
S1.0077.80,0.0500,557,0.0332,2.1307,0.0132,0.0082,,2.5000,0.0070
S1.0077.80,0.0700,463,0.0517,2.1270,0.0063,0.0015,,2.5000,0.0070
S1.0077.80,0.1000,414,0.0886,1.6174,0.0125,,,2.5000,0.0070
S1.0077.80,0.2000,402,0.0517,1.6100,0.0154,,,2.5000,0.0070
S1.0077.80,0.5000,474,0.0295,2.1307,0.0126,0.0077,,2.5000,0.0070
S1.0077.80,1.0000,568,0.0369,2.1344,0.0078,0.0045,,2.5000,0.0070
S1.0077.80,2.0000,480,0.0480,2.1307,0.0052,0.0025,,2.5000,0.0070
S1.0078.60,0.0000,569,0.0295,2.1307,0.0114,0.0169,,2.5000,0.0074
S1.0078.60,0.0500,559,0.0517,2.1307,0.0059,0.0121,,2.5000,0.0074
S1.0078.60,0.0700,405,0.0775,2.1307,0.0187,0.0094,,2.5000,0.0074
S1.0078.60,0.1000,416,0.0739,1.6174,0.0114,,,2.5000,0.0074
S1.0078.60,0.2000,406,0.0739,1.6174,-0.0008,,,2.5000,0.0074
S1.0078.60,0.5000,469,0.0406,2.1307,0.0015,0.0025,,2.5000,0.0074
S1.0078.60,1.0000,567,0.0369,2.1307,-0.0006,0.0041,,2.5000,0.0074
S1.0078.60,2.0000,329,0.0369,1.5177,0.0089,-0.0023,,2.5000,0.0074
S1.0078.68,0.0000,567,0.0295,2.1307,0.0175,0.0186,,2.5000,0.0048
S1.0078.68,0.0500,557,0.0517,2.1307,0.0076,0.0072,,2.5000,0.0048
S1.0078.68,0.0700,403,0.0554,2.1307,0.0141,0.0043,,2.5000,0.0048
S1.0078.68,0.1000,416,0.0739,1.6174,0.0114,,,2.5000,0.0048
S1.0078.68,0.2000,394,0.0702,1.6174,-0.0008,,,2.5000,0.0048
S1.0078.68,0.5000,461,0.0480,2.1307,0.0048,0.0048,,2.5000,0.0048
S1.0078.68,1.0000,567,0.0369,2.1307,0.0014,0.0041,,2.5000,0.0048
S1.0078.68,2.0000,342,0.0406,1.5177,-0.0035,0.0048,,2.5000,0.0048
S1.0079.32,0.0000,553,0.0443,2.1307,-0.0113,0.0011,,2.5000,0.0102
S1.0079.32,0.0500,563,0.0369,2.1307,0.0137,0.0134,,2.5000,0.0102
S1.0079.32,0.0700,416,0.0443,2.1307,0.0070,0.0097,,2.5000,0.0102
S1.0079.32,0.1000,555,0.0517,2.1270,0.0119,0.0102,,2.5000,0.0102
S1.0079.32,0.2000,479,0.0517,2.1307,0.0114,0.0102,,2.5000,0.0102
S1.0079.32,0.5000,351,0.1957,2.1307,0.0055,-0.0020,,2.5000,0.0102
S1.0079.32,1.0000,284,0.0443,1.0894,0.0133,0.0030,,2.5000,0.0102
S1.0079.32,2.0000,136,0.0406,0.5539,-0.0099,-0.0152,,2.5000,0.0102
S1.0079.40,0.0000,558,0.0295,2.1307,-0.0074,0.0002,,2.5000,0.0102
S1.0079.40,0.0500,560,0.0369,2.1307,0.0116,0.0106,,2.5000,0.0102
S1.0079.40,0.0700,402,0.0480,2.1270,0.0043,0.0102,,2.5000,0.0102
S1.0079.40,0.1000,553,0.0812,2.1270,0.0132,0.0102,,2.5000,0.0102
S1.0079.40,0.2000,476,0.0517,2.1307,0.0169,0.0102,,2.5000,0.0102
S1.0079.40,0.5000,372,0.2142,2.1307,-0.0029,-0.0020,,2.5000,0.0102
S1.0079.40,1.0000,284,0.0443,1.0894,0.0077,0.0006,,2.5000,0.0102
S1.0079.40,2.0000,138,0.0332,0.5539,-0.0266,-0.0145,,2.5000,0.0102
S1.0079.48,0.0000,559,0.0406,2.1307,0.0002,-0.0022,,2.5000,0.0074
S1.0079.48,0.0500,560,0.0369,2.1307,0.0135,0.0105,,2.5000,0.0074
S1.0079.48,0.0700,395,0.0406,2.0421,0.0067,0.0077,,2.5000,0.0074
S1.0079.48,0.1000,555,0.0517,2.1307,0.0114,0.0102,,2.5000,0.0074
S1.0079.48,0.2000,486,0.0554,2.1307,0.0114,0.0072,,2.5000,0.0074
S1.0079.48,0.5000,228,0.0332,1.4956,0.0029,0.0044,,2.5000,0.0074
S1.0079.48,1.0000,400,0.0443,1.5177,0.0076,0.0081,,2.5000,0.0074
S1.0079.48,2.0000,128,0.0480,0.5576,-0.0058,-0.0015,,2.5000,0.0074
S1.0079.64,0.0000,559,0.0702,2.1307,-0.0035,-0.0026,,2.5000,0.0113
S1.0079.64,0.0500,563,0.0369,2.1307,0.0114,0.0181,,2.5000,0.0113
S1.0079.64,0.0700,484,0.0480,2.1307,0.0114,0.0102,,2.5000,0.0113
S1.0079.64,0.1000,553,0.0739,2.1307,0.0114,0.0102,,2.5000,0.0113
S1.0079.64,0.2000,534,0.0591,2.1307,0.0125,0.0102,,2.5000,0.0113
S1.0079.64,0.5000,480,0.0295,2.1307,0.0117,0.0084,,2.5000,0.0113
S1.0079.64,1.0000,400,0.0443,1.5177,0.0047,0.0128,,2.5000,0.0113
S1.0079.64,2.0000,188,0.0406,0.7755,-0.0180,-0.0113,,2.5000,0.0113
S1.0079.80,0.0000,565,0.0295,2.1307,0.0048,-0.0031,,2.5000,0.0105
S1.0079.80,0.0500,563,0.0332,2.1307,0.0142,0.0102,,2.5000,0.0105
S1.0079.80,0.0700,486,0.0369,2.1307,0.0108,0.0102,,2.5000,0.0105
S1.0079.80,0.1000,557,0.0369,2.1270,0.0111,0.0095,,2.5000,0.0105
S1.0079.80,0.2000,528,0.0554,2.1307,0.0140,0.0110,,2.5000,0.0105
S1.0079.80,0.5000,486,0.0295,2.1307,0.0120,0.0091,,2.5000,0.0105
S1.0079.80,1.0000,400,0.0443,1.5177,0.0088,0.0116,,2.5000,0.0105
S1.0079.80,2.0000,183,0.0332,0.7755,-0.0117,0.0069,,2.5000,0.0105
S1.0080.44,0.0000,563,0.0369,2.1307,0.0083,0.0163,,2.5000,0.0060
S1.0080.44,0.0500,562,0.0295,2.1307,0.0019,-0.0020,,2.5000,0.0060
S1.0080.44,0.0700,493,0.0369,2.1307,0.0108,0.0090,,2.5000,0.0060
S1.0080.44,0.1000,441,0.0369,2.1307,0.0114,0.0124,,2.5000,0.0060
S1.0080.44,0.2000,485,0.0443,2.1307,0.0114,0.0136,,2.5000,0.0060
S1.0080.44,0.5000,472,0.0295,2.1307,0.0036,0.0032,,2.5000,0.0060
S1.0080.44,1.0000,567,0.0369,2.1307,0.0003,0.0032,,2.5000,0.0060
S1.0080.44,2.0000,177,0.0332,0.7755,-0.0000,0.0031,,2.5000,0.0060
S1.0080.52,0.0000,567,0.0295,2.1307,-0.0008,0.0061,,2.5000,0.0087
S1.0080.52,0.0500,561,0.0295,2.1307,0.0087,0.0102,,2.5000,0.0087
S1.0080.52,0.0700,466,0.0332,2.1307,-0.0008,-0.0020,,2.5000,0.0087
S1.0080.52,0.1000,418,0.0332,1.6174,0.0114,,,2.5000,0.0087
S1.0080.52,0.2000,452,0.0443,2.1307,0.0120,0.0133,,2.5000,0.0087
S1.0080.52,0.5000,468,0.0295,2.1307,0.0114,0.0088,,2.5000,0.0087
S1.0080.52,1.0000,566,0.0443,2.1307,0.0069,0.0163,,2.5000,0.0087
S1.0080.52,2.0000,254,0.0406,1.0894,-0.0015,-0.0082,,2.5000,0.0087
S1.0080.60,0.0000,563,0.0554,2.1307,0.0011,0.0017,,2.5000,0.0109
S1.0080.60,0.0500,558,0.0295,2.1307,0.0110,0.0163,,2.5000,0.0109
S1.0080.60,0.0700,441,0.0406,2.1307,0.0096,0.0094,,2.5000,0.0109
S1.0080.60,0.1000,415,0.0886,1.6174,0.0109,,,2.5000,0.0109
S1.0080.60,0.2000,431,0.0443,2.1307,0.0114,0.0081,,2.5000,0.0109
S1.0080.60,0.5000,453,0.0332,2.1307,0.0114,0.0127,,2.5000,0.0109
S1.0080.60,1.0000,567,0.0369,2.1307,0.0092,0.0112,,2.5000,0.0109
S1.0080.60,2.0000,252,0.0369,1.0894,-0.0143,-0.0022,,2.5000,0.0109
S1.0080.68,0.0000,566,0.0369,2.1307,0.0122,0.0072,,2.5000,0.0114
S1.0080.68,0.0500,564,0.0295,2.1307,0.0114,0.0112,,2.5000,0.0114
S1.0080.68,0.0700,399,0.0369,2.1307,0.0115,0.0133,,2.5000,0.0114
S1.0080.68,0.1000,414,0.0886,1.6174,0.0032,,,2.5000,0.0114
S1.0080.68,0.2000,405,0.0406,1.6174,0.0114,,,2.5000,0.0114
S1.0080.68,0.5000,440,0.0332,2.1307,0.0154,0.0156,,2.5000,0.0114
S1.0080.68,1.0000,567,0.0369,2.1307,0.0088,0.0167,,2.5000,0.0114
S1.0080.68,2.0000,243,0.0369,1.0894,-0.0143,0.0065,,2.5000,0.0114
S1.0080.76,0.0000,559,0.0369,2.1307,0.0063,0.0178,,2.5000,0.0114
S1.0080.76,0.0500,557,0.0295,2.1307,0.0093,0.0008,,2.5000,0.0114
S1.0080.76,0.0700,370,0.0332,1.6174,0.0120,,,2.5000,0.0114
S1.0080.76,0.1000,412,0.0960,1.6174,0.0114,,,2.5000,0.0114
S1.0080.76,0.2000,403,0.0480,1.6174,0.0114,,,2.5000,0.0114
S1.0080.76,0.5000,479,0.0369,2.1270,-0.0403,0.0142,0.0000,2.5000,0.0114
S1.0080.76,1.0000,566,0.0443,2.1307,0.0054,0.0115,,2.5000,0.0114
S1.0080.76,2.0000,245,0.0406,1.0894,-0.0133,0.0077,,2.5000,0.0114
S1.0080.84,0.0000,560,0.0295,2.1307,0.0023,0.0128,,2.5000,0.0087
S1.0080.84,0.0500,510,0.0295,2.1307,0.0018,0.0087,,2.5000,0.0087
S1.0080.84,0.0700,364,0.0369,1.6064,0.0114,,,2.5000,0.0087
S1.0080.84,0.1000,413,0.0923,1.6174,0.0114,,,2.5000,0.0087
S1.0080.84,0.2000,398,0.0443,1.6064,0.0030,,,2.5000,0.0087
S1.0080.84,0.5000,360,0.0295,2.1307,0.0086,0.0123,,2.5000,0.0087
S1.0080.84,1.0000,567,0.0369,2.1307,0.0065,0.0051,,2.5000,0.0087
S1.0080.84,2.0000,250,0.0406,1.0894,-0.0102,0.0105,,2.5000,0.0087
S1.0878.60,0.0000,542,0.1329,2.1307,0.0206,0.0139,,2.5000,0.0069
S1.0878.60,0.0500,555,0.0554,2.1270,0.0070,0.0102,,2.5000,0.0069
S1.0878.60,0.0700,412,0.0517,2.1307,0.0170,0.0127,,2.5000,0.0069
S1.0878.60,0.1000,417,0.0739,1.6174,0.0114,,,2.5000,0.0069
S1.0878.60,0.2000,400,0.0739,1.6174,-0.0001,,,2.5000,0.0069
S1.0878.60,0.5000,468,0.0406,2.1307,0.0058,0.0051,,2.5000,0.0069
S1.0878.60,1.0000,567,0.0369,2.1307,0.0010,0.0068,,2.5000,0.0069
S1.0878.60,2.0000,328,0.0406,1.5177,0.0053,-0.0005,,2.5000,0.0069
S1.0879.48,0.0000,555,0.0406,2.1307,-0.0046,0.0042,,2.5000,0.0102
S1.0879.48,0.0500,558,0.0369,2.1307,0.0117,0.0113,,2.5000,0.0102
S1.0879.48,0.0700,365,0.0480,1.7061,0.0067,0.0102,,2.5000,0.0102
S1.0879.48,0.1000,555,0.0739,2.1307,0.0114,0.0102,,2.5000,0.0102
S1.0879.48,0.2000,474,0.0517,2.1307,0.0114,0.0115,,2.5000,0.0102
S1.0879.48,0.5000,348,0.1773,2.1307,0.0047,-0.0019,,2.5000,0.0102
S1.0879.48,1.0000,284,0.0443,1.0894,-0.0031,0.0019,,2.5000,0.0102
S1.0879.48,2.0000,137,0.0332,0.5539,-0.0146,-0.0153,,2.5000,0.0102
S1.0879.64,0.0000,558,0.0406,2.1307,-0.0053,-0.0022,,2.5000,0.0102
S1.0879.64,0.0500,556,0.0517,2.1307,0.0114,0.0125,,2.5000,0.0102
S1.0879.64,0.0700,477,0.0369,2.1270,0.0075,0.0102,,2.5000,0.0102
S1.0879.64,0.1000,558,0.0517,2.1307,0.0105,0.0102,,2.5000,0.0102
S1.0879.64,0.2000,494,0.0554,2.1307,0.0132,0.0122,,2.5000,0.0102
S1.0879.64,0.5000,304,0.0295,1.4734,0.0149,-0.0001,,2.5000,0.0102
S1.0879.64,1.0000,400,0.0443,1.5177,0.0074,0.0050,,2.5000,0.0102
S1.0879.64,2.0000,175,0.0480,0.7755,-0.0162,-0.0045,,2.5000,0.0102
S1.0879.80,0.0000,562,0.0295,2.1307,0.0044,-0.0020,,2.5000,0.0102
S1.0879.80,0.0500,559,0.0332,2.1307,0.0120,0.0134,,2.5000,0.0102
S1.0879.80,0.0700,487,0.0369,2.1307,0.0075,0.0102,,2.5000,0.0102
S1.0879.80,0.1000,557,0.0517,2.1307,0.0114,0.0102,,2.5000,0.0102
S1.0879.80,0.2000,536,0.0517,2.1307,0.0138,0.0149,,2.5000,0.0102
S1.0879.80,0.5000,469,0.0295,2.1307,0.0079,0.0109,,2.5000,0.0102
S1.0879.80,1.0000,400,0.0443,1.5177,0.0024,0.0098,,2.5000,0.0102
S1.0879.80,2.0000,183,0.0480,0.7755,-0.0143,0.0000,,2.5000,0.0102
S1.0880.44,0.0000,570,0.0295,2.1307,0.0145,0.0126,,2.5000,0.0092
S1.0880.44,0.0500,560,0.0406,2.1307,-0.0013,-0.0012,,2.5000,0.0092
S1.0880.44,0.0700,485,0.0369,2.1307,0.0114,0.0099,,2.5000,0.0092
S1.0880.44,0.1000,448,0.0369,2.1307,0.0133,0.0118,,2.5000,0.0092
S1.0880.44,0.2000,485,0.0369,2.1307,0.0097,0.0114,,2.5000,0.0092
S1.0880.44,0.5000,472,0.0295,2.1307,0.0088,0.0011,,2.5000,0.0092
S1.0880.44,1.0000,401,0.0369,1.5177,0.0023,0.0075,,2.5000,0.0092
S1.0880.44,2.0000,182,0.0332,0.7755,0.0014,-0.0007,,2.5000,0.0092
S1.0880.52,0.0000,568,0.0295,2.1307,0.0028,0.0056,,2.5000,0.0059
S1.0880.52,0.0500,553,0.0443,2.1307,0.0051,0.0091,,2.5000,0.0059
S1.0880.52,0.0700,465,0.0369,2.1307,0.0017,-0.0020,,2.5000,0.0059
S1.0880.52,0.1000,418,0.0369,1.6174,0.0114,,,2.5000,0.0059
S1.0880.52,0.2000,467,0.0369,2.1307,0.0132,0.0138,,2.5000,0.0059
S1.0880.52,0.5000,459,0.0295,2.1307,0.0078,0.0099,,2.5000,0.0059
S1.0880.52,1.0000,566,0.0443,2.1307,0.0034,0.0059,,2.5000,0.0059
S1.0880.52,2.0000,172,0.0406,0.7755,-0.0087,-0.0037,,2.5000,0.0059
S1.0880.68,0.0000,568,0.0295,2.1307,0.0119,0.0102,,2.5000,0.0093
S1.0880.68,0.0500,557,0.0480,2.1307,0.0142,0.0102,,2.5000,0.0093
S1.0880.68,0.0700,406,0.0406,2.1307,0.0144,0.0068,,2.5000,0.0093
S1.0880.68,0.1000,411,0.0886,1.6174,0.0019,,,2.5000,0.0093
S1.0880.68,0.2000,398,0.0443,1.6174,0.0114,,,2.5000,0.0093
S1.0880.68,0.5000,438,0.0295,2.1307,0.0077,0.0183,,2.5000,0.0093
S1.0880.68,1.0000,567,0.0369,2.1307,0.0076,0.0084,,2.5000,0.0093
S1.0880.68,2.0000,243,0.0369,1.0894,-0.0008,0.0066,,2.5000,0.0093
S1.1677.88,0.0000,567,0.0332,2.1307,0.0018,0.0103,,2.5000,0.0102
S1.1677.88,0.0500,563,0.0332,2.1307,0.0167,0.0137,,2.5000,0.0102
S1.1677.88,0.0700,450,0.0591,2.1307,0.0092,0.0102,,2.5000,0.0102
S1.1677.88,0.1000,416,0.0739,1.6174,0.0114,,,2.5000,0.0102
S1.1677.88,0.2000,394,0.0739,1.6174,0.0142,,,2.5000,0.0102
S1.1677.88,0.5000,471,0.0295,2.1307,0.0139,0.0102,,2.5000,0.0102
S1.1677.88,1.0000,568,0.0369,2.1344,0.0078,0.0037,,2.5000,0.0102
S1.1677.88,2.0000,482,0.0406,2.1307,0.0013,0.0014,,2.5000,0.0102
S1.1678.52,0.0000,569,0.0295,2.1307,0.0092,0.0113,,2.5000,0.0102
S1.1678.52,0.0500,551,0.0517,2.1307,0.0076,0.0061,,2.5000,0.0102
S1.1678.52,0.0700,387,0.0517,2.1307,0.0114,0.0033,,2.5000,0.0102
S1.1678.52,0.1000,419,0.0739,1.6174,0.0180,,,2.5000,0.0102
S1.1678.52,0.2000,393,0.0739,1.6137,0.0114,,,2.5000,0.0102
S1.1678.52,0.5000,470,0.0332,2.1307,0.0143,0.0144,,2.5000,0.0102
S1.1678.52,1.0000,566,0.0443,2.1307,0.0086,0.0077,,2.5000,0.0102
S1.1678.52,2.0000,485,0.0406,2.1307,0.0070,0.0126,,2.5000,0.0102
S1.1678.60,0.0000,569,0.0295,2.1307,0.0195,0.0184,,2.5000,0.0104
S1.1678.60,0.0500,556,0.0517,2.1307,0.0053,0.0113,,2.5000,0.0104
S1.1678.60,0.0700,416,0.0517,2.1307,0.0154,0.0193,,2.5000,0.0104
S1.1678.60,0.1000,419,0.0739,1.6174,0.0114,,,2.5000,0.0104
S1.1678.60,0.2000,393,0.0739,1.6174,0.0086,,,2.5000,0.0104
S1.1678.60,0.5000,466,0.0369,2.1270,0.0080,0.0102,,2.5000,0.0104
S1.1678.60,1.0000,568,0.0369,2.1344,0.0036,0.0105,,2.5000,0.0104
S1.1678.60,2.0000,338,0.0406,1.5177,-0.0023,0.0034,,2.5000,0.0104
S1.1679.08,0.0000,550,0.0591,2.1307,0.0052,0.0027,,2.5000,0.0102
S1.1679.08,0.0500,563,0.0369,2.1307,0.0146,0.0104,,2.5000,0.0102
S1.1679.08,0.0700,400,0.0295,1.9018,0.0114,0.0102,,2.5000,0.0102
S1.1679.08,0.1000,552,0.0886,2.1307,0.0088,0.0102,,2.5000,0.0102
S1.1679.08,0.2000,491,0.0554,2.1307,0.0186,0.0148,,2.5000,0.0102
S1.1679.08,0.5000,408,0.0332,2.1307,0.0179,0.0110,,2.5000,0.0102
S1.1679.08,1.0000,285,0.0406,1.0894,0.0087,0.0103,,2.5000,0.0102
S1.1679.08,2.0000,132,0.0480,0.5576,0.0071,-0.0068,,2.5000,0.0102
S1.1679.48,0.0000,561,0.0295,2.1307,-0.0056,0.0055,,2.5000,0.0095
S1.1679.48,0.0500,560,0.0369,2.1307,0.0122,0.0102,,2.5000,0.0095
S1.1679.48,0.0700,393,0.0369,2.1270,0.0088,0.0102,,2.5000,0.0095
S1.1679.48,0.1000,556,0.0517,2.1307,0.0114,0.0102,,2.5000,0.0095
S1.1679.48,0.2000,452,0.0517,2.1270,0.0114,0.0102,,2.5000,0.0095
S1.1679.48,0.5000,323,0.2733,2.1307,0.0039,0.0077,,2.5000,0.0095
S1.1679.48,1.0000,284,0.0443,1.0894,-0.0010,-0.0019,,2.5000,0.0095
S1.1679.48,2.0000,132,0.0406,0.5539,-0.0165,-0.0027,,2.5000,0.0095
S1.1680.36,0.0000,568,0.0295,2.1307,0.0114,0.0163,,2.5000,0.0061
S1.1680.36,0.0500,558,0.0406,2.1307,0.0114,0.0043,,2.5000,0.0061
S1.1680.36,0.0700,489,0.0369,2.1307,0.0156,0.0114,,2.5000,0.0061
S1.1680.36,0.1000,477,0.0665,2.1307,0.0136,0.0127,,2.5000,0.0061
S1.1680.36,0.2000,514,0.0443,2.1307,0.0053,0.0038,,2.5000,0.0061
S1.1680.36,0.5000,470,0.0295,2.1307,0.0038,0.0055,,2.5000,0.0061
S1.1680.36,1.0000,401,0.0369,1.5177,-0.0065,0.0026,,2.5000,0.0061
S1.1680.36,2.0000,195,0.0332,0.7755,-0.0057,0.0016,,2.5000,0.0061
S1.1680.44,0.0000,569,0.0295,2.1307,0.0001,0.0133,,2.5000,0.0065
S1.1680.44,0.0500,564,0.0295,2.1307,0.0004,0.0010,,2.5000,0.0065
S1.1680.44,0.0700,489,0.0369,2.1270,0.0114,0.0102,,2.5000,0.0065
S1.1680.44,0.1000,450,0.0369,2.1307,0.0140,0.0160,,2.5000,0.0065
S1.1680.44,0.2000,497,0.0443,2.1307,0.0108,0.0072,,2.5000,0.0065
S1.1680.44,0.5000,473,0.0295,2.1307,0.0032,-0.0020,,2.5000,0.0065
S1.1680.44,1.0000,401,0.0369,1.5177,-0.0020,0.0018,,2.5000,0.0065
S1.1680.44,2.0000,184,0.0295,0.7755,0.0179,0.0059,,2.5000,0.0065
S1.2477.72,0.0000,554,0.0886,2.1307,0.0100,0.0138,,2.5000,0.0087
S1.2477.72,0.0500,558,0.0332,2.1270,0.0092,0.0113,,2.5000,0.0087
S1.2477.72,0.0700,490,0.0517,2.1307,0.0169,0.0158,,2.5000,0.0087
S1.2477.72,0.1000,496,0.0812,2.1270,0.0114,0.0083,,2.5000,0.0087
S1.2477.72,0.2000,500,0.0554,2.1307,0.0075,0.0079,,2.5000,0.0087
S1.2477.72,0.5000,478,0.0295,2.1307,-0.0008,0.0068,,2.5000,0.0087
S1.2477.72,1.0000,567,0.0406,2.1307,-0.0039,0.0096,,2.5000,0.0087
S1.2477.72,2.0000,346,0.0406,1.5177,-0.0050,-0.0030,,2.5000,0.0087
S1.2477.88,0.0000,567,0.0295,2.1307,0.0078,0.0000,,2.5000,0.0095
S1.2477.88,0.0500,564,0.0332,2.1307,0.0114,0.0102,,2.5000,0.0095
S1.2477.88,0.0700,471,0.0554,2.1307,0.0067,0.0022,,2.5000,0.0095
S1.2477.88,0.1000,416,0.0775,1.6174,0.0114,,,2.5000,0.0095
S1.2477.88,0.2000,398,0.0739,1.6174,0.0138,,,2.5000,0.0095
S1.2477.88,0.5000,471,0.0295,2.1307,0.0149,0.0102,,2.5000,0.0095
S1.2477.88,1.0000,568,0.0369,2.1344,0.0095,0.0051,,2.5000,0.0095
S1.2477.88,2.0000,481,0.0480,2.1307,-0.0095,0.0069,,2.5000,0.0095
S1.2478.52,0.0000,568,0.0369,2.1307,0.0105,0.0138,,2.5000,0.0114
S1.2478.52,0.0500,536,0.0554,2.1307,0.0114,-0.0010,,2.5000,0.0114
S1.2478.52,0.0700,371,0.0739,1.6174,0.0114,,,2.5000,0.0114
S1.2478.52,0.1000,413,0.0960,1.6174,0.0154,,,2.5000,0.0114
S1.2478.52,0.2000,395,0.0739,1.6174,0.0150,,,2.5000,0.0114
S1.2478.52,0.5000,467,0.0369,2.1307,0.0137,0.0185,,2.5000,0.0114
S1.2478.52,1.0000,567,0.0369,2.1307,0.0079,0.0081,,2.5000,0.0114
S1.2478.52,2.0000,475,0.0369,2.1307,0.0058,0.0074,,2.5000,0.0114
S1.2478.60,0.0000,566,0.0369,2.1307,0.0190,0.0185,,2.5000,0.0104
S1.2478.60,0.0500,556,0.0517,2.1307,0.0053,0.0145,,2.5000,0.0104
S1.2478.60,0.0700,410,0.0775,2.1270,0.0187,0.0116,,2.5000,0.0104
S1.2478.60,0.1000,412,0.0997,1.6174,0.0114,,,2.5000,0.0104
S1.2478.60,0.2000,387,0.0739,1.6174,0.0074,,,2.5000,0.0104
S1.2478.60,0.5000,461,0.0332,2.1270,0.0106,0.0102,,2.5000,0.0104
S1.2478.60,1.0000,566,0.0443,2.1307,0.0029,0.0075,,2.5000,0.0104
S1.2478.60,2.0000,469,0.0332,2.1307,-0.0047,0.0066,,2.5000,0.0104
S1.2478.68,0.0000,570,0.0295,2.1307,0.0150,0.0085,,2.5000,0.0068
S1.2478.68,0.0500,557,0.0554,2.1307,0.0117,0.0102,,2.5000,0.0068
S1.2478.68,0.0700,426,0.0517,2.1307,0.0158,0.0108,,2.5000,0.0068
S1.2478.68,0.1000,419,0.0739,1.6174,0.0114,,,2.5000,0.0068
S1.2478.68,0.2000,395,0.0739,1.6064,0.0050,,,2.5000,0.0068
S1.2478.68,0.5000,473,0.0369,2.1307,0.0042,-0.0020,,2.5000,0.0068
S1.2478.68,1.0000,567,0.0369,2.1307,-0.0008,0.0048,,2.5000,0.0068
S1.2478.68,2.0000,320,0.0406,1.5177,-0.0003,0.0034,,2.5000,0.0068
S1.2479.32,0.0000,561,0.0406,2.1307,-0.0118,-0.0006,,2.5000,0.0111
S1.2479.32,0.0500,560,0.0332,2.1307,0.0127,0.0122,,2.5000,0.0111
S1.2479.32,0.0700,374,0.0369,2.1270,0.0098,0.0102,,2.5000,0.0111
S1.2479.32,0.1000,552,0.0886,2.1307,0.0114,0.0102,,2.5000,0.0111
S1.2479.32,0.2000,453,0.0591,2.1270,0.0166,0.0116,,2.5000,0.0111
S1.2479.32,0.5000,143,1.4845,2.1307,,,,2.5000,0.0111
S1.2479.32,1.0000,284,0.0443,1.0894,0.0039,-0.0006,,2.5000,0.0111
S1.2479.32,2.0000,130,0.0406,0.5502,-0.0227,-0.0109,,2.5000,0.0111
S1.2480.36,0.0000,566,0.0369,2.1307,0.0146,0.0224,,2.5000,0.0083
S1.2480.36,0.0500,559,0.0443,2.1307,0.0079,0.0087,,2.5000,0.0083
S1.2480.36,0.0700,486,0.0369,2.1307,0.0123,0.0177,,2.5000,0.0083
S1.2480.36,0.1000,482,0.0369,2.1307,0.0138,0.0097,,2.5000,0.0083
S1.2480.36,0.2000,517,0.0443,2.1307,0.0011,-0.0016,,2.5000,0.0083
S1.2480.36,0.5000,467,0.0332,2.1307,0.0045,0.0116,,2.5000,0.0083
S1.2480.36,1.0000,401,0.0369,1.5177,0.0004,-0.0027,,2.5000,0.0083
S1.2480.36,2.0000,183,0.0517,0.7755,-0.0071,0.0011,,2.5000,0.0083
S1.2480.44,0.0000,566,0.0295,2.1307,0.0114,0.0129,,2.5000,0.0092
S1.2480.44,0.0500,566,0.0332,2.1307,0.0019,0.0010,,2.5000,0.0092
S1.2480.44,0.0700,485,0.0369,2.1307,0.0105,0.0102,,2.5000,0.0092
S1.2480.44,0.1000,452,0.0739,2.1270,0.0143,0.0128,,2.5000,0.0092
S1.2480.44,0.2000,504,0.0406,2.1307,0.0110,0.0082,,2.5000,0.0092
S1.2480.44,0.5000,477,0.0295,2.1307,0.0017,-0.0020,,2.5000,0.0092
S1.2480.44,1.0000,401,0.0369,1.5177,-0.0028,-0.0006,,2.5000,0.0092
S1.2480.44,2.0000,194,0.0406,0.7755,0.0016,0.0108,,2.5000,0.0092
S1.3278.52,0.0000,567,0.0295,2.1307,-0.0008,0.0149,,2.5000,0.0102
S1.3278.52,0.0500,517,0.0554,2.1307,0.0113,0.0085,,2.5000,0.0102
S1.3278.52,0.0700,358,0.0739,1.6174,0.0033,,,2.5000,0.0102
S1.3278.52,0.1000,418,0.0739,1.6174,0.0114,,,2.5000,0.0102
S1.3278.52,0.2000,398,0.0739,1.6100,0.0119,,,2.5000,0.0102
S1.3278.52,0.5000,461,0.0332,2.1307,0.0114,0.0102,,2.5000,0.0102
S1.3278.52,1.0000,566,0.0369,2.1270,0.0107,0.0041,,2.5000,0.0102
S1.3278.52,2.0000,456,0.0443,2.1307,0.0075,0.0019,,2.5000,0.0102
S1.3278.60,0.0000,567,0.0369,2.1307,0.0081,0.0219,,2.5000,0.0102
S1.3278.60,0.0500,551,0.0591,2.1307,0.0029,0.0072,,2.5000,0.0102
S1.3278.60,0.0700,385,0.0739,2.1270,0.0114,0.0073,,2.5000,0.0102
S1.3278.60,0.1000,418,0.0775,1.6174,0.0140,,,2.5000,0.0102
S1.3278.60,0.2000,392,0.0739,1.6174,0.0114,,,2.5000,0.0102
S1.3278.60,0.5000,458,0.0332,2.1270,0.0114,0.0102,,2.5000,0.0102
S1.3278.60,1.0000,567,0.0369,2.1307,0.0064,0.0102,,2.5000,0.0102
S1.3278.60,2.0000,490,0.0406,2.1307,-0.0090,0.0107,,2.5000,0.0102
S1.3278.68,0.0000,568,0.0295,2.1307,0.0114,0.0145,,2.5000,0.0108
S1.3278.68,0.0500,548,0.0517,2.1307,0.0114,0.0163,,2.5000,0.0108
S1.3278.68,0.0700,412,0.0739,2.1270,0.0176,0.0156,,2.5000,0.0108
S1.3278.68,0.1000,409,0.1034,1.6174,0.0114,,,2.5000,0.0108
S1.3278.68,0.2000,393,0.0812,1.6174,-0.0008,,,2.5000,0.0108
S1.3278.68,0.5000,481,0.0332,2.1307,0.0033,0.0043,,2.5000,0.0108
S1.3278.68,1.0000,568,0.0369,2.1344,-0.0007,0.0102,,2.5000,0.0108
S1.3278.68,2.0000,480,0.0295,2.1307,-0.0018,-0.0068,,2.5000,0.0108
S1.3279.32,0.0000,554,0.0665,2.1307,-0.0066,-0.0074,,2.5000,0.0095
S1.3279.32,0.0500,557,0.0369,2.1307,0.0125,0.0154,,2.5000,0.0095
S1.3279.32,0.0700,397,0.0591,2.1307,0.0114,0.0102,,2.5000,0.0095
S1.3279.32,0.1000,553,0.0812,2.1307,0.0087,0.0102,,2.5000,0.0095
S1.3279.32,0.2000,469,0.0554,2.1307,0.0145,0.0104,,2.5000,0.0095
S1.3279.32,0.5000,358,0.0332,2.1307,0.0072,-0.0020,,2.5000,0.0095
S1.3279.32,1.0000,284,0.0443,1.0894,0.0044,-0.0040,,2.5000,0.0095
S1.3279.32,2.0000,129,0.0406,0.5502,-0.0114,-0.0040,,2.5000,0.0095
S1.3279.88,0.0000,561,0.0295,2.1307,-0.0051,0.0014,,2.5000,0.0108
S1.3279.88,0.0500,555,0.0369,2.1307,0.0143,0.0121,,2.5000,0.0108
S1.3279.88,0.0700,449,0.0480,2.0569,0.0114,0.0102,,2.5000,0.0108
S1.3279.88,0.1000,558,0.0739,2.1307,0.0114,0.0102,,2.5000,0.0108
S1.3279.88,0.2000,509,0.0591,2.1307,0.0114,0.0154,,2.5000,0.0108
S1.3279.88,0.5000,156,0.0295,1.0155,0.0120,0.0075,,2.5000,0.0108
S1.3279.88,1.0000,284,0.0443,1.0894,0.0076,0.0058,,2.5000,0.0108
S1.3279.88,2.0000,137,0.0406,0.5539,-0.0130,-0.0071,,2.5000,0.0108
S1.3280.44,0.0000,566,0.0295,2.1307,0.0059,0.0207,,2.5000,0.0065
S1.3280.44,0.0500,558,0.0406,2.1307,0.0030,0.0058,,2.5000,0.0065
S1.3280.44,0.0700,483,0.0369,2.1307,0.0129,0.0102,,2.5000,0.0065
S1.3280.44,0.1000,458,0.0665,2.1307,0.0145,0.0166,,2.5000,0.0065
S1.3280.44,0.2000,495,0.0443,2.1307,0.0104,0.0064,,2.5000,0.0065
S1.3280.44,0.5000,478,0.0295,2.1307,0.0009,0.0030,,2.5000,0.0065
S1.3280.44,1.0000,400,0.0443,1.5177,-0.0013,-0.0066,,2.5000,0.0065
S1.3280.44,2.0000,192,0.0369,0.7755,-0.0069,0.0049,,2.5000,0.0065
S1.3280.52,0.0000,564,0.0443,2.1307,-0.0023,0.0112,,2.5000,0.0045
S1.3280.52,0.0500,558,0.0406,2.1307,0.0041,0.0031,,2.5000,0.0045
S1.3280.52,0.0700,484,0.0369,2.1307,0.0042,0.0044,,2.5000,0.0045
S1.3280.52,0.1000,418,0.0369,1.6174,0.0119,,,2.5000,0.0045
S1.3280.52,0.2000,471,0.0443,2.1307,0.0114,0.0128,,2.5000,0.0045
S1.3280.52,0.5000,455,0.0295,2.1307,0.0084,0.0027,,2.5000,0.0045
S1.3280.52,1.0000,401,0.0369,1.5177,0.0000,0.0062,,2.5000,0.0045
S1.3280.52,2.0000,182,0.0332,0.7755,-0.0045,0.0085,,2.5000,0.0045
S1.3280.60,0.0000,566,0.0295,2.1307,0.0052,0.0018,,2.5000,0.0099
S1.3280.60,0.0500,559,0.0406,2.1270,0.0114,0.0133,,2.5000,0.0099
S1.3280.60,0.0700,458,0.0369,2.1270,0.0075,0.0097,,2.5000,0.0099
S1.3280.60,0.1000,418,0.0739,1.6174,0.0114,,,2.5000,0.0099
S1.3280.60,0.2000,449,0.0406,2.1270,0.0146,0.0110,,2.5000,0.0099
S1.3280.60,0.5000,461,0.0443,2.1307,0.0115,0.0102,,2.5000,0.0099
S1.3280.60,1.0000,401,0.0369,1.5177,0.0028,0.0067,,2.5000,0.0099
S1.3280.60,2.0000,179,0.0406,0.7755,-0.0099,-0.0088,,2.5000,0.0099
S1.4078.36,0.0000,567,0.0332,2.1307,0.0114,0.0174,,2.5000,0.0114
S1.4078.36,0.0500,547,0.0517,2.1307,0.0033,0.0039,,2.5000,0.0114
S1.4078.36,0.0700,362,0.0739,1.6137,0.0114,,,2.5000,0.0114
S1.4078.36,0.1000,417,0.0739,1.6174,0.0131,,,2.5000,0.0114
S1.4078.36,0.2000,394,0.0739,1.6174,0.0114,,,2.5000,0.0114
S1.4078.36,0.5000,468,0.0332,2.1270,0.0114,0.0126,,2.5000,0.0114
S1.4078.36,1.0000,567,0.0369,2.1307,0.0091,0.0102,,2.5000,0.0114
S1.4078.36,2.0000,318,0.0406,1.5177,-0.0082,0.0077,,2.5000,0.0114
S1.4078.44,0.0000,567,0.0369,2.1307,0.0127,0.0157,,2.5000,0.0108
S1.4078.44,0.0500,553,0.0554,2.1307,0.0036,0.0082,,2.5000,0.0108
S1.4078.44,0.0700,389,0.0775,2.1307,0.0119,0.0100,,2.5000,0.0108
S1.4078.44,0.1000,419,0.0739,1.6174,0.0144,,,2.5000,0.0108
S1.4078.44,0.2000,388,0.0739,1.6100,0.0133,,,2.5000,0.0108
S1.4078.44,0.5000,460,0.0332,2.1307,0.0114,0.0155,,2.5000,0.0108
S1.4078.44,1.0000,567,0.0369,2.1307,0.0080,0.0102,,2.5000,0.0108
S1.4078.44,2.0000,480,0.0369,2.1307,-0.0050,0.0061,,2.5000,0.0108
S1.4078.60,0.0000,541,0.1366,2.1307,0.0107,0.0102,,2.5000,0.0102
S1.4078.60,0.0500,533,0.0554,2.1307,0.0102,-0.0010,,2.5000,0.0102
S1.4078.60,0.0700,364,0.0775,1.6174,0.0114,,,2.5000,0.0102
S1.4078.60,0.1000,419,0.0739,1.6174,0.0114,,,2.5000,0.0102
S1.4078.60,0.2000,394,0.0739,1.6174,0.0114,,,2.5000,0.0102
S1.4078.60,0.5000,461,0.0332,2.1270,0.0114,0.0102,,2.5000,0.0102
S1.4078.60,1.0000,567,0.0369,2.1307,0.0111,0.0041,,2.5000,0.0102
S1.4078.60,2.0000,463,0.0406,2.1307,0.0039,0.0050,,2.5000,0.0102
S1.4078.68,0.0000,565,0.0332,2.1307,0.0133,0.0202,,2.5000,0.0091
S1.4078.68,0.0500,555,0.0554,2.1307,0.0043,0.0102,,2.5000,0.0091
S1.4078.68,0.0700,413,0.0332,2.1307,0.0164,0.0075,,2.5000,0.0091
S1.4078.68,0.1000,418,0.0775,1.6174,0.0114,,,2.5000,0.0091
S1.4078.68,0.2000,390,0.0739,1.6174,0.0081,,,2.5000,0.0091
S1.4078.68,0.5000,458,0.0332,2.1270,0.0069,0.0102,,2.5000,0.0091
S1.4078.68,1.0000,566,0.0443,2.1307,0.0026,0.0119,,2.5000,0.0091
S1.4078.68,2.0000,473,0.0295,2.1307,0.0064,-0.0010,,2.5000,0.0091
S1.4079.24,0.0000,557,0.0443,2.1307,-0.0041,-0.0080,,2.5000,0.0081
S1.4079.24,0.0500,562,0.0332,2.1307,0.0186,0.0102,,2.5000,0.0081
S1.4079.24,0.0700,425,0.0369,2.0273,0.0114,0.0102,,2.5000,0.0081
S1.4079.24,0.1000,551,0.0960,2.1307,0.0082,0.0102,,2.5000,0.0081
S1.4079.24,0.2000,498,0.0517,2.1307,0.0177,0.0122,,2.5000,0.0081
S1.4079.24,0.5000,385,0.0295,2.1307,0.0074,-0.0016,,2.5000,0.0081
S1.4079.24,1.0000,284,0.0443,1.0894,0.0056,0.0065,,2.5000,0.0081
S1.4079.24,2.0000,130,0.0554,0.5502,-0.0039,-0.0071,,2.5000,0.0081
S1.4079.32,0.0000,558,0.0295,2.1307,-0.0092,0.0001,,2.5000,0.0100
S1.4079.32,0.0500,559,0.0369,2.1307,0.0174,0.0133,,2.5000,0.0100
S1.4079.32,0.0700,395,0.0517,1.8464,0.0098,0.0102,,2.5000,0.0100
S1.4079.32,0.1000,553,0.0812,2.1307,0.0072,0.0102,,2.5000,0.0100
S1.4079.32,0.2000,488,0.0591,2.1307,0.0148,0.0163,,2.5000,0.0100
S1.4079.32,0.5000,367,0.0332,2.1307,0.0147,-0.0052,,2.5000,0.0100
S1.4079.32,1.0000,284,0.0443,1.0894,0.0058,-0.0012,,2.5000,0.0100
S1.4079.32,2.0000,128,0.0406,0.5502,-0.0114,-0.0088,,2.5000,0.0100
S1.4079.48,0.0000,562,0.0295,2.1307,-0.0012,-0.0263,,2.5000,0.0104
S1.4079.48,0.0500,563,0.0369,2.1307,0.0151,0.0133,,2.5000,0.0104
S1.4079.48,0.0700,361,0.0591,1.6728,0.0105,0.0102,,2.5000,0.0104
S1.4079.48,0.1000,552,0.0960,2.1307,0.0114,0.0102,,2.5000,0.0104
S1.4079.48,0.2000,477,0.0591,2.1307,0.0182,0.0082,,2.5000,0.0104
S1.4079.48,0.5000,341,0.0295,2.1307,0.0025,0.0207,,2.5000,0.0104
S1.4079.48,1.0000,284,0.0443,1.0894,0.0015,-0.0083,,2.5000,0.0104
S1.4079.48,2.0000,125,0.0443,0.5502,-0.0211,0.0022,,2.5000,0.0104
S1.4079.72,0.0000,551,0.0517,2.1307,-0.0195,-0.0080,,2.5000,0.0102
S1.4079.72,0.0500,565,0.0332,2.1307,0.0150,0.0102,,2.5000,0.0102
S1.4079.72,0.0700,394,0.0443,2.1307,0.0085,0.0102,,2.5000,0.0102
S1.4079.72,0.1000,556,0.0517,2.1307,0.0094,0.0102,,2.5000,0.0102
S1.4079.72,0.2000,458,0.0517,2.1307,0.0139,0.0102,,2.5000,0.0102
S1.4079.72,0.5000,387,0.0517,2.1307,-0.0469,-0.0080,0.0000,2.5000,0.0102
S1.4079.72,1.0000,284,0.0443,1.0894,0.0004,-0.0068,,2.5000,0.0102
S1.4079.72,2.0000,121,0.0554,0.5502,-0.0126,-0.0072,,2.5000,0.0102
S1.4079.80,0.0000,548,0.0739,2.1307,-0.0081,-0.0083,,2.5000,0.0102
S1.4079.80,0.0500,562,0.0332,2.1307,0.0137,0.0102,,2.5000,0.0102
S1.4079.80,0.0700,397,0.0480,1.8464,0.0114,0.0102,,2.5000,0.0102
S1.4079.80,0.1000,559,0.0517,2.1307,0.0114,0.0102,,2.5000,0.0102
S1.4079.80,0.2000,487,0.0517,2.1307,0.0119,0.0102,,2.5000,0.0102
S1.4079.80,0.5000,368,0.0739,2.1307,-0.0360,0.0022,0.0000,2.5000,0.0102
S1.4079.80,1.0000,284,0.0443,1.0894,0.0048,-0.0036,,2.5000,0.0102
S1.4079.80,2.0000,129,0.0369,0.5502,-0.0117,-0.0106,,2.5000,0.0102
S1.4079.88,0.0000,558,0.0295,2.1307,-0.0035,-0.0015,,2.5000,0.0097
S1.4079.88,0.0500,560,0.0369,2.1307,0.0155,0.0102,,2.5000,0.0097
S1.4079.88,0.0700,428,0.0480,2.0273,0.0085,0.0102,,2.5000,0.0097
S1.4079.88,0.1000,555,0.0517,2.1307,0.0097,0.0102,,2.5000,0.0097
S1.4079.88,0.2000,491,0.0554,2.1307,0.0135,0.0132,,2.5000,0.0097
S1.4079.88,0.5000,380,0.0295,2.1307,-0.0447,-0.0010,0.0000,2.5000,0.0097
S1.4079.88,1.0000,284,0.0443,1.0894,-0.0018,-0.0000,,2.5000,0.0097
S1.4079.88,2.0000,133,0.0369,0.5502,-0.0272,-0.0064,,2.5000,0.0097
S1.4079.96,0.0000,556,0.0369,2.1307,0.0032,-0.0020,,2.5000,0.0102
S1.4079.96,0.0500,558,0.0369,2.1307,0.0178,0.0163,,2.5000,0.0102
S1.4079.96,0.0700,476,0.0554,2.1270,0.0091,0.0102,,2.5000,0.0102
S1.4079.96,0.1000,556,0.0517,2.1307,0.0083,0.0102,,2.5000,0.0102
S1.4079.96,0.2000,503,0.0554,2.1307,0.0167,0.0140,,2.5000,0.0102
S1.4079.96,0.5000,152,0.0332,1.0377,0.0130,0.0055,,2.5000,0.0102
S1.4079.96,1.0000,284,0.0443,1.0894,0.0127,0.0038,,2.5000,0.0102
S1.4079.96,2.0000,132,0.0406,0.5539,-0.0173,-0.0037,,2.5000,0.0102
S1.4080.20,0.0000,568,0.0295,2.1307,0.0041,0.0131,,2.5000,0.0117
S1.4080.20,0.0500,559,0.0295,2.1307,0.0145,0.0121,,2.5000,0.0117
S1.4080.20,0.0700,485,0.0443,2.1307,0.0125,0.0143,,2.5000,0.0117
S1.4080.20,0.1000,532,0.0517,2.1270,0.0046,0.0049,,2.5000,0.0117
S1.4080.20,0.2000,534,0.0554,2.1307,0.0114,0.0102,,2.5000,0.0117
S1.4080.20,0.5000,476,0.0295,2.1307,0.0123,0.0159,,2.5000,0.0117
S1.4080.20,1.0000,400,0.0443,1.5177,0.0102,0.0163,,2.5000,0.0117
S1.4080.20,2.0000,135,0.0369,0.5576,-0.0086,-0.0089,,2.5000,0.0117
S1.4080.60,0.0000,568,0.0295,2.1307,0.0053,0.0001,,2.5000,0.0098
S1.4080.60,0.0500,559,0.0406,2.1270,0.0114,0.0101,,2.5000,0.0098
S1.4080.60,0.0700,457,0.0369,2.1307,0.0047,0.0098,,2.5000,0.0098
S1.4080.60,0.1000,418,0.0369,1.6174,0.0114,,,2.5000,0.0098
S1.4080.60,0.2000,450,0.0406,2.1307,0.0149,0.0118,,2.5000,0.0098
S1.4080.60,0.5000,463,0.0295,2.1307,0.0120,0.0097,,2.5000,0.0098
S1.4080.60,1.0000,401,0.0369,1.5177,0.0071,0.0135,,2.5000,0.0098
S1.4080.60,2.0000,181,0.0406,0.7755,-0.0028,-0.0090,,2.5000,0.0098
S1.4877.96,0.0000,562,0.0332,2.1307,-0.0008,-0.0020,,2.5000,0.0080
S1.4877.96,0.0500,555,0.0517,2.1270,0.0120,0.0102,,2.5000,0.0080
S1.4877.96,0.0700,478,0.0554,2.1307,0.0029,-0.0020,,2.5000,0.0080
S1.4877.96,0.1000,414,0.0886,1.6174,0.0128,,,2.5000,0.0080
S1.4877.96,0.2000,419,0.0775,2.1307,0.0126,0.0062,,2.5000,0.0080
S1.4877.96,0.5000,455,0.0443,2.1307,0.0114,0.0137,,2.5000,0.0080
S1.4877.96,1.0000,566,0.0443,2.1307,0.0052,0.0080,,2.5000,0.0080
S1.4877.96,2.0000,325,0.0332,1.5177,0.0051,0.0085,,2.5000,0.0080
S1.4878.04,0.0000,565,0.0295,2.1307,0.0113,0.0133,,2.5000,0.0104
S1.4878.04,0.0500,556,0.0591,2.1270,0.0160,0.0163,,2.5000,0.0104
S1.4878.04,0.0700,439,0.0554,2.1270,0.0114,0.0094,,2.5000,0.0104
S1.4878.04,0.1000,416,0.0739,1.6174,0.0079,,,2.5000,0.0104
S1.4878.04,0.2000,400,0.0739,1.6174,0.0114,,,2.5000,0.0104
S1.4878.04,0.5000,470,0.0332,2.1307,0.0142,0.0091,,2.5000,0.0104
S1.4878.04,1.0000,568,0.0369,2.1344,0.0059,0.0061,,2.5000,0.0104
S1.4878.04,2.0000,347,0.0406,1.5177,0.0027,0.0034,,2.5000,0.0104
S1.4878.12,0.0000,565,0.0406,2.1307,0.0142,0.0119,,2.5000,0.0101
S1.4878.12,0.0500,557,0.0517,2.1307,0.0132,0.0143,,2.5000,0.0101
S1.4878.12,0.0700,427,0.0702,2.1307,0.0114,0.0070,,2.5000,0.0101
S1.4878.12,0.1000,418,0.0739,1.6174,-0.0008,,,2.5000,0.0101
S1.4878.12,0.2000,400,0.0739,1.6174,0.0100,,,2.5000,0.0101
S1.4878.12,0.5000,453,0.0591,2.1307,0.0102,0.0023,,2.5000,0.0101
S1.4878.12,1.0000,568,0.0406,2.1344,0.0079,0.0004,,2.5000,0.0101
S1.4878.12,2.0000,323,0.0332,1.5177,0.0182,0.0051,,2.5000,0.0101
S1.4879.48,0.0000,568,0.0295,2.1307,-0.0078,0.0041,,2.5000,0.0102
S1.4879.48,0.0500,563,0.0332,2.1307,0.0141,0.0163,,2.5000,0.0102
S1.4879.48,0.0700,369,0.0591,1.7614,0.0114,0.0102,,2.5000,0.0102
S1.4879.48,0.1000,553,0.0812,2.1270,0.0103,0.0102,,2.5000,0.0102
S1.4879.48,0.2000,470,0.0591,2.1307,0.0162,0.0101,,2.5000,0.0102
S1.4879.48,0.5000,520,0.0295,2.1307,-0.0172,0.0041,0.0000,2.5000,0.0102
S1.4879.48,1.0000,284,0.0443,1.0894,0.0035,-0.0056,,2.5000,0.0102
S1.4879.48,2.0000,124,0.0480,0.5502,-0.0151,-0.0052,,2.5000,0.0102
S1.4879.72,0.0000,569,0.0295,2.1307,-0.0013,-0.0182,,2.5000,0.0111
S1.4879.72,0.0500,553,0.0369,2.1307,0.0136,0.0143,,2.5000,0.0111
S1.4879.72,0.0700,395,0.0554,2.1307,0.0114,0.0102,,2.5000,0.0111
S1.4879.72,0.1000,556,0.0739,2.1307,0.0110,0.0095,,2.5000,0.0111
S1.4879.72,0.2000,462,0.0591,2.1307,0.0168,0.0112,,2.5000,0.0111
S1.4879.72,0.5000,521,0.0295,2.1307,-0.0191,-0.0182,0.0000,2.5000,0.0111
S1.4879.72,1.0000,284,0.0443,1.0894,0.0012,-0.0080,,2.5000,0.0111
S1.4879.72,2.0000,122,0.0369,0.5502,-0.0246,0.0077,,2.5000,0.0111
S1.4879.80,0.0000,562,0.0295,2.1307,-0.0147,-0.0121,,2.5000,0.0108
S1.4879.80,0.0500,566,0.0332,2.1307,0.0143,0.0143,,2.5000,0.0108
S1.4879.80,0.0700,407,0.0443,2.1307,0.0114,0.0102,,2.5000,0.0108
S1.4879.80,0.1000,555,0.0775,2.1307,0.0093,0.0102,,2.5000,0.0108
S1.4879.80,0.2000,466,0.0591,2.1307,0.0154,0.0124,,2.5000,0.0108
S1.4879.80,0.5000,362,0.0443,2.1307,0.0078,0.0043,,2.5000,0.0108
S1.4879.80,1.0000,284,0.0443,1.0894,0.0012,-0.0096,,2.5000,0.0108
S1.4879.80,2.0000,124,0.0332,0.5502,-0.0240,0.0055,,2.5000,0.0108
S1.5678.52,0.0000,569,0.0295,2.1307,0.0114,0.0102,,2.5000,0.0090
S1.5678.52,0.0500,557,0.0517,2.1307,0.0112,0.0179,,2.5000,0.0090
S1.5678.52,0.0700,424,0.0775,2.1307,0.0191,0.0131,,2.5000,0.0090
S1.5678.52,0.1000,413,0.0960,1.6174,0.0114,,,2.5000,0.0090
S1.5678.52,0.2000,409,0.0739,1.6174,-0.0002,,,2.5000,0.0090
S1.5678.52,0.5000,462,0.0369,2.1307,-0.0008,0.0041,,2.5000,0.0090
S1.5678.52,1.0000,567,0.0369,2.1307,-0.0014,0.0077,,2.5000,0.0090
S1.5678.52,2.0000,482,0.0406,2.1307,-0.0001,0.0054,,2.5000,0.0090
S1.5678.60,0.0000,564,0.0443,2.1307,0.0083,0.0200,,2.5000,0.0114
S1.5678.60,0.0500,555,0.0517,2.1307,0.0056,0.0108,,2.5000,0.0114
S1.5678.60,0.0700,402,0.0739,2.1307,0.0180,0.0135,,2.5000,0.0114
S1.5678.60,0.1000,412,0.0960,1.6174,0.0114,,,2.5000,0.0114
S1.5678.60,0.2000,391,0.0739,1.6137,0.0114,,,2.5000,0.0114
S1.5678.60,0.5000,459,0.0369,2.1307,0.0114,0.0115,,2.5000,0.0114
S1.5678.60,1.0000,567,0.0369,2.1307,0.0119,0.0092,,2.5000,0.0114
S1.5678.60,2.0000,469,0.0480,2.1307,-0.0001,0.0045,,2.5000,0.0114
S1.5678.68,0.0000,565,0.0406,2.1307,0.0014,0.0082,,2.5000,0.0082
S1.5678.68,0.0500,515,0.0554,2.1307,0.0076,0.0080,,2.5000,0.0082
S1.5678.68,0.0700,367,0.0775,1.6174,0.0114,,,2.5000,0.0082
S1.5678.68,0.1000,418,0.0775,1.6174,0.0114,,,2.5000,0.0082
S1.5678.68,0.2000,393,0.0739,1.6174,0.0114,,,2.5000,0.0082
S1.5678.68,0.5000,448,0.0332,2.1233,0.0117,0.0015,,2.5000,0.0082
S1.5678.68,1.0000,529,0.0369,2.1307,0.0129,0.0102,,2.5000,0.0082
S1.5678.68,2.0000,465,0.0406,2.1307,-0.0011,0.0030,,2.5000,0.0082
S1.5679.00,0.0000,563,0.0295,2.1307,0.0097,0.0054,,2.5000,0.0092
S1.5679.00,0.0500,557,0.0517,2.1307,0.0064,0.0147,,2.5000,0.0092
S1.5679.00,0.0700,494,0.0628,2.1307,0.0161,0.0165,,2.5000,0.0092
S1.5679.00,0.1000,516,0.0739,2.1270,0.0114,0.0066,,2.5000,0.0092
S1.5679.00,0.2000,530,0.0739,2.1270,0.0068,0.0078,,2.5000,0.0092
S1.5679.00,0.5000,480,0.0369,2.1307,0.0097,0.0149,,2.5000,0.0092
S1.5679.00,1.0000,400,0.0443,1.5177,0.0073,0.0088,,2.5000,0.0092
S1.5679.00,2.0000,182,0.0406,0.7755,0.0023,0.0148,,2.5000,0.0092
S1.5679.48,0.0000,564,0.0295,2.1307,0.0001,0.0301,,2.5000,0.0110
S1.5679.48,0.0500,558,0.0369,2.1307,0.0151,0.0127,,2.5000,0.0110
S1.5679.48,0.0700,413,0.0517,1.9830,0.0106,0.0102,,2.5000,0.0110
S1.5679.48,0.1000,549,0.0812,2.1270,0.0095,0.0102,,2.5000,0.0110
S1.5679.48,0.2000,478,0.0591,2.1307,0.0154,0.0163,,2.5000,0.0110
S1.5679.48,0.5000,352,0.0295,2.1307,0.0114,-0.0137,,2.5000,0.0110
S1.5679.48,1.0000,284,0.0443,1.0894,0.0035,-0.0056,,2.5000,0.0110
S1.5679.48,2.0000,127,0.0332,0.5502,-0.0179,-0.0048,,2.5000,0.0110
S1.5679.56,0.0000,565,0.0295,2.1307,-0.0130,0.0102,,2.5000,0.0102
S1.5679.56,0.0500,565,0.0369,2.1307,0.0179,0.0170,,2.5000,0.0102
S1.5679.56,0.0700,367,0.0591,1.7430,0.0114,0.0102,,2.5000,0.0102
S1.5679.56,0.1000,551,0.0739,2.1270,0.0090,0.0087,,2.5000,0.0102
S1.5679.56,0.2000,488,0.0554,2.1307,0.0151,0.0187,,2.5000,0.0102
S1.5679.56,0.5000,372,0.0332,2.1307,0.0045,-0.0000,,2.5000,0.0102
S1.5679.56,1.0000,284,0.0443,1.0894,0.0015,-0.0060,,2.5000,0.0102
S1.5679.56,2.0000,123,0.0332,0.5502,-0.0195,-0.0018,,2.5000,0.0102
S1.5679.72,0.0000,563,0.0295,2.1307,-0.0239,0.0234,,2.5000,0.0127
S1.5679.72,0.0500,560,0.0332,2.1307,0.0134,0.0133,,2.5000,0.0127
S1.5679.72,0.0700,325,0.0665,1.5583,0.0122,0.0102,,2.5000,0.0127
S1.5679.72,0.1000,556,0.0517,2.1307,0.0088,0.0073,,2.5000,0.0127
S1.5679.72,0.2000,462,0.0517,2.1307,0.0145,0.0191,,2.5000,0.0127
S1.5679.72,0.5000,515,0.0295,2.1307,-0.0412,0.0368,0.0000,2.5000,0.0127
S1.5679.72,1.0000,284,0.0443,1.0894,0.0001,-0.0022,,2.5000,0.0127
S1.5679.72,2.0000,138,0.0332,0.5576,-0.0138,-0.0026,,2.5000,0.0127
S1.5679.80,0.0000,564,0.0295,2.1307,-0.0336,-0.0263,,2.5000,0.0120
S1.5679.80,0.0500,561,0.0332,2.1307,0.0164,0.0102,,2.5000,0.0120
S1.5679.80,0.0700,385,0.0295,2.1307,0.0139,0.0102,,2.5000,0.0120
S1.5679.80,0.1000,554,0.0739,2.1270,0.0093,0.0102,,2.5000,0.0120
S1.5679.80,0.2000,471,0.0591,2.1307,0.0165,0.0147,,2.5000,0.0120
S1.5679.80,0.5000,516,0.0295,2.1307,-0.0487,-0.0263,0.0000,2.5000,0.0120
S1.5679.80,1.0000,284,0.0443,1.0894,0.0065,-0.0090,,2.5000,0.0120
S1.5679.80,2.0000,131,0.0591,0.5576,-0.0156,0.0006,,2.5000,0.0120
S1.5679.96,0.0000,560,0.0295,2.1307,-0.0064,-0.0141,,2.5000,0.0108
S1.5679.96,0.0500,554,0.0369,2.1307,0.0141,0.0166,,2.5000,0.0108
S1.5679.96,0.0700,409,0.0443,1.8648,0.0114,0.0102,,2.5000,0.0108
S1.5679.96,0.1000,557,0.0517,2.1270,0.0053,0.0073,,2.5000,0.0108
S1.5679.96,0.2000,497,0.0517,2.1307,0.0114,0.0156,,2.5000,0.0108
S1.5679.96,0.5000,387,0.0295,2.1307,0.0190,0.0072,,2.5000,0.0108
S1.5679.96,1.0000,284,0.0443,1.0894,-0.0030,-0.0027,,2.5000,0.0108
S1.5679.96,2.0000,127,0.0369,0.5502,-0.0183,-0.0062,,2.5000,0.0108
S1.5680.04,0.0000,556,0.0295,2.1307,0.0032,-0.0016,,2.5000,0.0097
S1.5680.04,0.0500,555,0.0369,2.1307,0.0170,0.0115,,2.5000,0.0097
S1.5680.04,0.0700,476,0.0480,2.1307,0.0114,0.0102,,2.5000,0.0097
S1.5680.04,0.1000,554,0.0517,2.1307,0.0032,0.0070,,2.5000,0.0097
S1.5680.04,0.2000,514,0.0554,2.1307,0.0114,0.0163,,2.5000,0.0097
S1.5680.04,0.5000,389,0.0295,2.1307,-0.0416,0.0062,0.0000,2.5000,0.0097
S1.5680.04,1.0000,284,0.0443,1.0894,0.0087,0.0030,,2.5000,0.0097
S1.5680.04,2.0000,125,0.0406,0.5502,-0.0171,-0.0097,,2.5000,0.0097
S1.5680.44,0.0000,562,0.0554,2.1307,0.0142,0.0181,,2.5000,0.0101
S1.5680.44,0.0500,564,0.0295,2.1270,0.0022,0.0052,,2.5000,0.0101
S1.5680.44,0.0700,488,0.0369,2.1270,0.0152,0.0109,,2.5000,0.0101
S1.5680.44,0.1000,476,0.0369,2.1270,0.0152,0.0166,,2.5000,0.0101
S1.5680.44,0.2000,517,0.0554,2.1270,0.0062,-0.0020,,2.5000,0.0101
S1.5680.44,0.5000,489,0.0295,2.1307,0.0054,0.0102,,2.5000,0.0101
S1.5680.44,1.0000,401,0.0369,1.5177,0.0024,0.0074,,2.5000,0.0101
S1.5680.44,2.0000,186,0.0406,0.7755,-0.0099,0.0139,,2.5000,0.0101
S1.5680.84,0.0000,567,0.0295,2.1307,0.0135,0.0163,,2.5000,0.0110
S1.5680.84,0.0500,558,0.0369,2.1307,0.0110,0.0048,,2.5000,0.0110
S1.5680.84,0.0700,367,0.0369,1.6174,0.0118,,,2.5000,0.0110
S1.5680.84,0.1000,415,0.0812,1.6174,0.0114,,,2.5000,0.0110
S1.5680.84,0.2000,412,0.0406,1.6174,0.0094,,,2.5000,0.0110
S1.5680.84,0.5000,419,0.0517,2.1307,0.0087,0.0135,,2.5000,0.0110
S1.5680.84,1.0000,567,0.0369,2.1307,0.0083,0.0185,,2.5000,0.0110
S1.5680.84,2.0000,244,0.0406,1.0894,-0.0069,0.0062,,2.5000,0.0110
S1.6478.60,0.0000,562,0.0295,2.1307,0.0114,0.0161,,2.5000,0.0108
S1.6478.60,0.0500,549,0.0517,2.1307,0.0130,0.0215,,2.5000,0.0108
S1.6478.60,0.0700,438,0.0739,2.1307,0.0183,0.0101,,2.5000,0.0108
S1.6478.60,0.1000,411,0.1034,1.6174,0.0114,,,2.5000,0.0108
S1.6478.60,0.2000,397,0.0739,1.6174,-0.0007,,,2.5000,0.0108
S1.6478.60,0.5000,469,0.0369,2.1307,0.0029,-0.0003,,2.5000,0.0108
S1.6478.60,1.0000,567,0.0369,2.1307,0.0020,0.0134,,2.5000,0.0108
S1.6478.60,2.0000,474,0.0406,2.1307,0.0003,-0.0037,,2.5000,0.0108
S1.6478.68,0.0000,560,0.0406,2.1307,0.0114,0.0218,,2.5000,0.0107
S1.6478.68,0.0500,556,0.0517,2.1307,0.0009,0.0102,,2.5000,0.0107
S1.6478.68,0.0700,397,0.0739,2.1307,0.0150,0.0193,,2.5000,0.0107
S1.6478.68,0.1000,410,0.1034,1.6174,0.0114,,,2.5000,0.0107
S1.6478.68,0.2000,396,0.0739,1.6174,0.0114,,,2.5000,0.0107
S1.6478.68,0.5000,459,0.0369,2.1307,0.0113,0.0102,,2.5000,0.0107
S1.6478.68,1.0000,567,0.0369,2.1307,0.0042,0.0064,,2.5000,0.0107
S1.6478.68,2.0000,481,0.0406,2.1307,0.0070,0.0101,,2.5000,0.0107
S1.6479.00,0.0000,569,0.0295,2.1307,0.0138,0.0143,,2.5000,0.0057
S1.6479.00,0.0500,550,0.0591,2.1307,-0.0004,0.0102,,2.5000,0.0057
S1.6479.00,0.0700,478,0.0849,2.1307,0.0134,0.0175,,2.5000,0.0057
S1.6479.00,0.1000,499,0.0739,2.1270,0.0148,0.0091,,2.5000,0.0057
S1.6479.00,0.2000,516,0.0739,2.1307,0.0057,-0.0008,,2.5000,0.0057
S1.6479.00,0.5000,472,0.0332,2.1307,-0.0008,0.0057,,2.5000,0.0057
S1.6479.00,1.0000,567,0.0369,2.1307,-0.0019,-0.0005,,2.5000,0.0057
S1.6479.00,2.0000,248,0.0406,1.0894,-0.0013,0.0041,,2.5000,0.0057
S1.6479.24,0.0000,560,0.0295,2.1307,-0.0016,-0.0057,,2.5000,0.0092
S1.6479.24,0.0500,560,0.0369,2.1307,0.0194,0.0181,,2.5000,0.0092
S1.6479.24,0.0700,484,0.0517,2.1307,0.0126,0.0111,,2.5000,0.0092
S1.6479.24,0.1000,540,0.0739,2.1270,-0.0008,0.0044,,2.5000,0.0092
S1.6479.24,0.2000,527,0.0702,2.1307,0.0132,0.0179,,2.5000,0.0092
S1.6479.24,0.5000,467,0.0295,2.1307,-0.0372,0.0101,0.0000,2.5000,0.0092
S1.6479.24,1.0000,284,0.0443,1.0894,0.0055,0.0092,,2.5000,0.0092
S1.6479.24,2.0000,130,0.0406,0.5576,-0.0075,0.0004,,2.5000,0.0092
S1.6479.96,0.0000,563,0.0295,2.1307,-0.0130,-0.0141,,2.5000,0.0135
S1.6479.96,0.0500,562,0.0369,2.1307,0.0146,0.0176,,2.5000,0.0135
S1.6479.96,0.0700,379,0.0517,1.8131,0.0143,0.0102,,2.5000,0.0135
S1.6479.96,0.1000,551,0.0739,2.1270,0.0076,0.0061,,2.5000,0.0135
S1.6479.96,0.2000,485,0.0591,2.1307,0.0149,0.0181,,2.5000,0.0135
S1.6479.96,0.5000,462,0.0295,2.1307,-0.0353,-0.0350,0.0000,2.5000,0.0135
S1.6479.96,1.0000,284,0.0443,1.0894,-0.0003,-0.0051,,2.5000,0.0135
S1.6479.96,2.0000,134,0.0406,0.5576,-0.0246,0.0014,,2.5000,0.0135
S1.7277.96,0.0000,541,0.1366,2.1307,0.0160,0.0147,,2.5000,0.0101
S1.7277.96,0.0500,552,0.0591,2.1270,-0.0004,0.0057,,2.5000,0.0101
S1.7277.96,0.0700,489,0.0554,2.1270,0.0114,0.0129,,2.5000,0.0101
S1.7277.96,0.1000,473,0.0739,2.1307,0.0154,0.0114,,2.5000,0.0101
S1.7277.96,0.2000,466,0.0739,2.1307,0.0114,0.0122,,2.5000,0.0101
S1.7277.96,0.5000,469,0.0443,2.1307,0.0004,0.0071,,2.5000,0.0101
S1.7277.96,1.0000,567,0.0406,2.1307,0.0005,0.0003,,2.5000,0.0101
S1.7277.96,2.0000,343,0.0554,1.5177,0.0016,-0.0087,,2.5000,0.0101
S1.7278.60,0.0000,564,0.0295,2.1307,0.0181,0.0091,,2.5000,0.0088
S1.7278.60,0.0500,556,0.0517,2.1270,0.0182,0.0193,,2.5000,0.0088
S1.7278.60,0.0700,454,0.0739,2.1270,0.0130,0.0102,,2.5000,0.0088
S1.7278.60,0.1000,411,0.1034,1.6174,-0.0008,,,2.5000,0.0088
S1.7278.60,0.2000,400,0.0739,1.6174,0.0114,,,2.5000,0.0088
S1.7278.60,0.5000,464,0.0369,2.1307,0.0084,0.0077,,2.5000,0.0088
S1.7278.60,1.0000,568,0.0406,2.1344,0.0051,-0.0009,,2.5000,0.0088
S1.7278.60,2.0000,338,0.0332,1.5177,0.0076,-0.0030,,2.5000,0.0088
S1.7278.68,0.0000,563,0.0295,2.1307,0.0166,0.0075,,2.5000,0.0105
S1.7278.68,0.0500,555,0.0517,2.1307,0.0127,0.0159,,2.5000,0.0105
S1.7278.68,0.0700,436,0.0739,2.1307,0.0190,0.0108,,2.5000,0.0105
S1.7278.68,0.1000,413,0.0960,1.6174,0.0114,,,2.5000,0.0105
S1.7278.68,0.2000,399,0.0812,1.6174,0.0011,,,2.5000,0.0105
S1.7278.68,0.5000,462,0.0369,2.1307,0.0014,0.0004,,2.5000,0.0105
S1.7278.68,1.0000,567,0.0369,2.1307,0.0051,0.0102,,2.5000,0.0105
S1.7278.68,2.0000,478,0.0332,2.1307,0.0127,-0.0016,,2.5000,0.0105
S1.7278.76,0.0000,565,0.0406,2.1307,0.0114,0.0175,,2.5000,0.0102
S1.7278.76,0.0500,556,0.0517,2.1307,-0.0010,0.0082,,2.5000,0.0102
S1.7278.76,0.0700,378,0.0923,2.1307,0.0130,0.0192,,2.5000,0.0102
S1.7278.76,0.1000,412,0.0960,1.6174,0.0120,,,2.5000,0.0102
S1.7278.76,0.2000,398,0.0739,1.6174,0.0114,,,2.5000,0.0102
S1.7278.76,0.5000,455,0.0369,2.1307,0.0096,0.0108,,2.5000,0.0102
S1.7278.76,1.0000,567,0.0406,2.1307,0.0058,0.0051,,2.5000,0.0102
S1.7278.76,2.0000,466,0.0406,2.1307,-0.0021,0.0041,,2.5000,0.0102
S1.7279.00,0.0000,568,0.0295,2.1307,0.0124,0.0137,,2.5000,0.0099
S1.7279.00,0.0500,553,0.0591,2.1307,0.0062,0.0001,,2.5000,0.0099
S1.7279.00,0.0700,496,0.0554,2.1307,0.0065,0.0102,,2.5000,0.0099
S1.7279.00,0.1000,467,0.0739,2.1307,0.0182,0.0153,,2.5000,0.0099
S1.7279.00,0.2000,489,0.0739,2.1307,0.0117,0.0121,,2.5000,0.0099
S1.7279.00,0.5000,474,0.0369,2.1307,0.0057,0.0102,,2.5000,0.0099
S1.7279.00,1.0000,566,0.0443,2.1307,0.0062,0.0096,,2.5000,0.0099
S1.7279.00,2.0000,240,0.0369,1.0894,-0.0088,-0.0047,,2.5000,0.0099
S1.7279.08,0.0000,537,0.1514,2.1307,0.0237,0.0132,,2.5000,0.0108
S1.7279.08,0.0500,552,0.0591,2.1307,0.0034,0.0125,,2.5000,0.0108
S1.7279.08,0.0700,482,0.0702,2.1307,0.0145,0.0194,,2.5000,0.0108
S1.7279.08,0.1000,505,0.0997,2.1270,0.0114,0.0102,,2.5000,0.0108
S1.7279.08,0.2000,530,0.0702,2.1307,-0.0008,0.0102,,2.5000,0.0108
S1.7279.08,0.5000,470,0.0369,2.1307,0.0080,0.0142,,2.5000,0.0108
S1.7279.08,1.0000,401,0.0369,1.5177,0.0044,0.0068,,2.5000,0.0108
S1.7279.08,2.0000,179,0.0332,0.7755,-0.0086,0.0170,,2.5000,0.0108
S1.7279.96,0.0000,564,0.0295,2.1307,-0.0290,-0.0055,,2.5000,0.0108
S1.7279.96,0.0500,556,0.0443,2.1270,0.0105,0.0152,,2.5000,0.0108
S1.7279.96,0.0700,406,0.0295,2.1307,0.0138,0.0111,,2.5000,0.0108
S1.7279.96,0.1000,550,0.0517,2.1270,0.0056,0.0066,,2.5000,0.0108
S1.7279.96,0.2000,485,0.0517,2.1307,0.0114,0.0157,,2.5000,0.0108
S1.7279.96,0.5000,485,0.0295,2.1307,-0.0425,-0.0080,0.0000,2.5000,0.0108
S1.7279.96,1.0000,284,0.0443,1.0894,-0.0041,-0.0030,,2.5000,0.0108
S1.7279.96,2.0000,136,0.0406,0.5576,-0.0206,0.0041,,2.5000,0.0108
S1.8079.24,0.0000,550,0.0886,2.1307,0.0097,0.0075,,2.5000,0.0109
S1.8079.24,0.0500,549,0.0517,2.1307,0.0125,0.0122,,2.5000,0.0109
S1.8079.24,0.0700,495,0.0554,2.1307,0.0158,0.0159,,2.5000,0.0109
S1.8079.24,0.1000,519,0.0775,2.1307,0.0114,0.0102,,2.5000,0.0109
S1.8079.24,0.2000,520,0.0739,2.1307,0.0102,0.0139,,2.5000,0.0109
S1.8079.24,0.5000,354,0.0775,1.7504,0.0194,0.0204,,2.5000,0.0109
S1.8079.24,1.0000,400,0.0443,1.5177,0.0087,0.0104,,2.5000,0.0109
S1.8079.24,2.0000,187,0.0406,0.7755,-0.0031,-0.0056,,2.5000,0.0109
S1.8079.32,0.0000,559,0.0295,2.1307,0.0085,-0.0078,,2.5000,0.0116
S1.8079.32,0.0500,561,0.0369,2.1307,0.0119,0.0116,,2.5000,0.0116
S1.8079.32,0.0700,490,0.0591,2.1307,0.0134,0.0133,,2.5000,0.0116
S1.8079.32,0.1000,524,0.0739,2.1307,0.0114,0.0068,,2.5000,0.0116
S1.8079.32,0.2000,521,0.0739,2.1307,0.0132,0.0149,,2.5000,0.0116
S1.8079.32,0.5000,376,0.0295,2.1307,-0.0008,0.0104,0.0000,2.5000,0.0116
S1.8079.32,1.0000,400,0.0443,1.5177,-0.0022,0.0117,,2.5000,0.0116
S1.8079.32,2.0000,128,0.0406,0.5576,-0.0037,-0.0116,,2.5000,0.0116
S1.8079.48,0.0000,559,0.0443,2.1307,0.0120,0.0098,,2.5000,0.0119
S1.8079.48,0.0500,557,0.0369,2.1270,0.0135,0.0153,,2.5000,0.0119
S1.8079.48,0.0700,490,0.0517,2.1307,0.0118,0.0173,,2.5000,0.0119
S1.8079.48,0.1000,524,0.0739,2.1270,0.0056,-0.0002,,2.5000,0.0119
S1.8079.48,0.2000,505,0.0739,2.1307,0.0162,0.0164,,2.5000,0.0119
S1.8079.48,0.5000,365,0.1182,2.1307,0.0150,-0.0036,,2.5000,0.0119
S1.8079.48,1.0000,284,0.0443,1.0894,-0.0031,-0.0032,,2.5000,0.0119
S1.8079.48,2.0000,125,0.0332,0.5502,-0.0191,0.0021,,2.5000,0.0119
S1.8079.56,0.0000,558,0.0665,2.1307,0.0357,0.0035,,2.5000,0.0102
S1.8079.56,0.0500,563,0.0332,2.1270,0.0094,0.0125,,2.5000,0.0102
S1.8079.56,0.0700,365,0.0702,1.8648,0.0150,0.0109,,2.5000,0.0102
S1.8079.56,0.1000,526,0.0739,2.1270,0.0027,0.0019,,2.5000,0.0102
S1.8079.56,0.2000,453,0.0739,2.1307,0.0149,0.0194,,2.5000,0.0102
S1.8079.56,0.5000,220,0.0295,1.5177,0.0147,-0.0020,,2.5000,0.0102
S1.8079.56,1.0000,284,0.0443,1.0894,0.0028,-0.0040,,2.5000,0.0102
S1.8079.56,2.0000,124,0.0369,0.5502,-0.0283,0.0022,,2.5000,0.0102
S1.8079.64,0.0000,563,0.0295,2.1307,0.0109,0.0023,,2.5000,0.0067
S1.8079.64,0.0500,557,0.0369,2.1307,0.0122,0.0078,,2.5000,0.0067
S1.8079.64,0.0700,276,0.0295,1.4069,0.0132,0.0102,,2.5000,0.0067
S1.8079.64,0.1000,525,0.0812,2.1270,0.0031,-0.0020,,2.5000,0.0067
S1.8079.64,0.2000,415,0.0554,2.1307,0.0163,0.0164,,2.5000,0.0067
S1.8079.64,0.5000,367,0.0295,1.8205,-0.0020,-0.0030,,2.5000,0.0067
S1.8079.64,1.0000,284,0.0443,1.0894,0.0035,-0.0005,,2.5000,0.0067
S1.8079.64,2.0000,136,0.0332,0.5576,-0.0163,0.0056,,2.5000,0.0067
S1.8079.72,0.0000,538,0.1329,2.1307,0.0275,0.0044,,2.5000,0.0057
S1.8079.72,0.0500,556,0.0369,2.1307,0.0156,0.0118,,2.5000,0.0057
S1.8079.72,0.0700,259,0.0702,1.2666,0.0129,,,2.5000,0.0057
S1.8079.72,0.1000,529,0.0739,2.1307,-0.0008,-0.0002,,2.5000,0.0057
S1.8079.72,0.2000,417,0.0591,2.1307,0.0176,0.0204,,2.5000,0.0057
S1.8079.72,0.5000,359,0.0295,1.8205,0.0018,0.0032,,2.5000,0.0057
S1.8079.72,1.0000,284,0.0443,1.0894,-0.0057,0.0003,,2.5000,0.0057
S1.8079.72,2.0000,136,0.0406,0.5576,-0.0110,0.0029,,2.5000,0.0057
S1.8079.80,0.0000,566,0.0295,2.1307,0.0315,-0.0000,,2.5000,0.0094
S1.8079.80,0.0500,555,0.0480,2.1307,0.0143,0.0102,,2.5000,0.0094
S1.8079.80,0.0700,442,0.0517,2.1307,0.0138,0.0163,0.2000,2.5000,0.0094
S1.8079.80,0.1000,530,0.0739,2.1270,-0.0007,-0.0020,,2.5000,0.0094
S1.8079.80,0.2000,442,0.0406,2.1307,0.0165,0.0163,,2.5000,0.0094
S1.8079.80,0.5000,434,0.0295,2.1307,0.0124,-0.0048,,2.5000,0.0094
S1.8079.80,1.0000,284,0.0443,1.0894,-0.0050,-0.0042,,2.5000,0.0094
S1.8079.80,2.0000,128,0.0406,0.5576,-0.0094,0.0021,,2.5000,0.0094
S1.8079.96,0.0000,561,0.0295,2.1307,-0.0195,0.0158,,2.5000,0.0119
S1.8079.96,0.0500,560,0.0480,2.1307,0.0114,0.0163,,2.5000,0.0119
S1.8079.96,0.0700,379,0.0554,2.1307,0.0114,0.0102,,2.5000,0.0119
S1.8079.96,0.1000,543,0.0554,2.1307,-0.0008,-0.0009,,2.5000,0.0119
S1.8079.96,0.2000,434,0.0517,2.1307,0.0206,0.0124,,2.5000,0.0119
S1.8079.96,0.5000,353,0.2253,2.1307,0.0199,0.0021,,2.5000,0.0119
S1.8079.96,1.0000,284,0.0443,1.0894,0.0058,-0.0052,,2.5000,0.0119
S1.8079.96,2.0000,137,0.0332,0.5576,-0.0133,0.0136,,2.5000,0.0119
S1.8080.20,0.0000,554,0.0554,2.1307,0.0015,-0.0017,,2.5000,0.0108
S1.8080.20,0.0500,562,0.0369,2.1270,0.0159,0.0095,,2.5000,0.0108
S1.8080.20,0.0700,487,0.0443,2.1307,0.0122,0.0133,,2.5000,0.0108
S1.8080.20,0.1000,537,0.0517,2.1307,0.0030,-0.0020,,2.5000,0.0108
S1.8080.20,0.2000,526,0.0517,2.1307,0.0151,0.0213,,2.5000,0.0108
S1.8080.20,0.5000,333,0.2622,2.1307,0.0215,0.0127,,2.5000,0.0108
S1.8080.20,1.0000,284,0.0443,1.0894,0.0065,0.0040,,2.5000,0.0108
S1.8080.20,2.0000,125,0.0406,0.5502,-0.0202,-0.0073,,2.5000,0.0108
S1.8080.28,0.0000,563,0.0295,2.1307,0.0082,0.0163,,2.5000,0.0127
S1.8080.28,0.0500,561,0.0369,2.1270,0.0139,0.0163,,2.5000,0.0127
S1.8080.28,0.0700,494,0.0443,2.1307,0.0114,0.0173,,2.5000,0.0127
S1.8080.28,0.1000,527,0.0517,2.1270,0.0083,0.0028,,2.5000,0.0127
S1.8080.28,0.2000,534,0.0517,2.1307,0.0115,0.0162,,2.5000,0.0127
S1.8080.28,0.5000,284,0.0295,1.3737,0.0168,0.0177,,2.5000,0.0127
S1.8080.28,1.0000,284,0.0443,1.0894,0.0085,0.0093,,2.5000,0.0127
S1.8080.28,2.0000,138,0.0406,0.5539,-0.0198,-0.0053,,2.5000,0.0127
S1.8879.56,0.0000,563,0.0295,2.1307,0.0211,0.0061,,2.5000,0.0097
S1.8879.56,0.0500,560,0.0369,2.1270,0.0085,0.0094,,2.5000,0.0097
S1.8879.56,0.0700,270,0.0517,1.4586,0.0130,0.0102,,2.5000,0.0097
S1.8879.56,0.1000,510,0.0739,2.1270,0.0091,0.0102,,2.5000,0.0097
S1.8879.56,0.2000,464,0.0739,2.1307,0.0168,0.0224,,2.5000,0.0097
S1.8879.56,0.5000,399,0.0295,2.1307,0.0025,0.0077,,2.5000,0.0097
S1.8879.56,1.0000,284,0.0443,1.0894,0.0038,-0.0074,,2.5000,0.0097
S1.8879.56,2.0000,124,0.0332,0.5502,-0.0206,-0.0099,,2.5000,0.0097
S1.8879.96,0.0000,557,0.0295,2.1307,0.0155,0.0026,,2.5000,0.0077
S1.8879.96,0.0500,555,0.0369,2.1307,0.0129,0.0078,,2.5000,0.0077
S1.8879.96,0.0700,440,0.0628,2.1307,0.0174,0.0102,0.2000,2.5000,0.0077
S1.8879.96,0.1000,527,0.0812,2.1307,-0.0003,0.0003,,2.5000,0.0077
S1.8879.96,0.2000,461,0.0554,2.1307,0.0130,0.0119,,2.5000,0.0077
S1.8879.96,0.5000,434,0.0295,2.1307,0.0308,-0.0075,0.0000,2.5000,0.0077
S1.8879.96,1.0000,284,0.0443,1.0894,0.0019,0.0011,,2.5000,0.0077
S1.8879.96,2.0000,135,0.0406,0.5576,-0.0107,0.0049,,2.5000,0.0077
S1.8880.04,0.0000,564,0.0295,2.1307,0.0216,0.0291,,2.5000,0.0116
S1.8880.04,0.0500,554,0.0517,2.1307,0.0129,0.0102,,2.5000,0.0116
S1.8880.04,0.0700,295,0.0554,1.3626,0.0122,0.0110,,2.5000,0.0116
S1.8880.04,0.1000,536,0.0554,2.1307,0.0029,-0.0020,,2.5000,0.0116
S1.8880.04,0.2000,449,0.0554,2.1307,0.0192,0.0211,,2.5000,0.0116
S1.8880.04,0.5000,410,0.0295,2.1307,0.0183,-0.0001,,2.5000,0.0116
S1.8880.04,1.0000,284,0.0443,1.0894,-0.0005,-0.0063,,2.5000,0.0116
S1.8880.04,2.0000,134,0.0443,0.5576,-0.0203,-0.0004,,2.5000,0.0116
S1.8880.12,0.0000,560,0.0332,2.1307,0.0175,-0.0263,,2.5000,0.0131
S1.8880.12,0.0500,561,0.0369,2.1307,0.0118,0.0163,,2.5000,0.0131
S1.8880.12,0.0700,375,0.0517,1.7282,0.0138,0.0124,,2.5000,0.0131
S1.8880.12,0.1000,541,0.0517,2.1307,0.0000,-0.0020,,2.5000,0.0131
S1.8880.12,0.2000,475,0.0517,2.1307,0.0142,0.0206,,2.5000,0.0131
S1.8880.12,0.5000,407,0.0332,2.1307,-0.0145,-0.0293,0.0000,2.5000,0.0131
S1.8880.12,1.0000,284,0.0443,1.0894,-0.0031,-0.0040,,2.5000,0.0131
S1.8880.12,2.0000,136,0.0406,0.5576,-0.0195,-0.0015,,2.5000,0.0131
S1.9677.96,0.0000,563,0.0332,2.1307,0.0093,0.0167,,2.5000,0.0098
S1.9677.96,0.0500,555,0.0591,2.1307,-0.0008,-0.0020,,2.5000,0.0098
S1.9677.96,0.0700,487,0.0739,2.1270,0.0114,0.0102,,2.5000,0.0098
S1.9677.96,0.1000,459,0.0739,2.1307,0.0165,0.0177,,2.5000,0.0098
S1.9677.96,0.2000,470,0.0739,2.1307,0.0123,0.0156,,2.5000,0.0098
S1.9677.96,0.5000,445,0.0332,2.1307,0.0055,-0.0020,,2.5000,0.0098
S1.9677.96,1.0000,567,0.0406,2.1307,-0.0006,-0.0023,,2.5000,0.0098
S1.9677.96,2.0000,345,0.0406,1.5177,0.0122,0.0087,,2.5000,0.0098
S1.9678.04,0.0000,540,0.1366,2.1307,0.0074,0.0176,,2.5000,0.0063
S1.9678.04,0.0500,556,0.0591,2.1307,0.0053,-0.0017,,2.5000,0.0063
S1.9678.04,0.0700,483,0.0775,2.1270,0.0078,0.0102,,2.5000,0.0063
S1.9678.04,0.1000,456,0.0960,2.1307,0.0178,0.0155,,2.5000,0.0063
S1.9678.04,0.2000,472,0.0775,2.1307,0.0114,0.0154,,2.5000,0.0063
S1.9678.04,0.5000,451,0.0332,2.1307,0.0049,-0.0020,,2.5000,0.0063
S1.9678.04,1.0000,567,0.0406,2.1307,0.0010,0.0034,,2.5000,0.0063
S1.9678.04,2.0000,344,0.0332,1.5177,-0.0035,0.0002,,2.5000,0.0063
S1.9678.68,0.0000,566,0.0369,2.1307,0.0030,0.0133,,2.5000,0.0097
S1.9678.68,0.0500,557,0.0517,2.1307,0.0171,0.0080,,2.5000,0.0097
S1.9678.68,0.0700,475,0.0739,2.1307,0.0097,-0.0020,,2.5000,0.0097
S1.9678.68,0.1000,412,0.0960,1.6174,0.0114,,,2.5000,0.0097
S1.9678.68,0.2000,448,0.0739,2.1307,0.0175,0.0115,,2.5000,0.0097
S1.9678.68,0.5000,470,0.0369,2.1307,0.0091,0.0143,,2.5000,0.0097
S1.9678.68,1.0000,567,0.0369,2.1307,0.0088,0.0148,,2.5000,0.0097
S1.9678.68,2.0000,331,0.0406,1.5177,-0.0051,0.0034,,2.5000,0.0097
S1.9679.00,0.0000,566,0.0295,2.1307,0.0114,0.0163,,2.5000,0.0092
S1.9679.00,0.0500,550,0.0517,2.1307,0.0031,0.0092,,2.5000,0.0092
S1.9679.00,0.0700,370,0.0923,1.6174,0.0115,,,2.5000,0.0092
S1.9679.00,0.1000,414,0.0923,1.6174,0.0128,,,2.5000,0.0092
S1.9679.00,0.2000,393,0.0739,1.6174,0.0097,,,2.5000,0.0092
S1.9679.00,0.5000,438,0.0369,2.1270,0.0020,0.0102,,2.5000,0.0092
S1.9679.00,1.0000,566,0.0443,2.1307,0.0018,0.0092,,2.5000,0.0092
S1.9679.00,2.0000,475,0.0406,2.1307,-0.0026,0.0015,,2.5000,0.0092
S1.9679.08,0.0000,567,0.0406,2.1307,0.0107,-0.0020,,2.5000,0.0120
S1.9679.08,0.0500,551,0.0517,2.1270,0.0182,0.0133,,2.5000,0.0120
S1.9679.08,0.0700,444,0.0739,2.1307,0.0150,0.0102,,2.5000,0.0120
S1.9679.08,0.1000,416,0.0775,1.6174,0.0021,,,2.5000,0.0120
S1.9679.08,0.2000,416,0.0739,2.1307,0.0130,0.0092,,2.5000,0.0120
S1.9679.08,0.5000,454,0.0369,2.1270,0.0145,0.0120,,2.5000,0.0120
S1.9679.08,1.0000,566,0.0443,2.1307,0.0081,0.0134,,2.5000,0.0120
S1.9679.08,2.0000,329,0.0332,1.5177,-0.0138,0.0100,,2.5000,0.0120
S1.9679.48,0.0000,566,0.0295,2.1307,0.0178,0.0139,,2.5000,0.0114
S1.9679.48,0.0500,559,0.0517,2.1307,0.0009,0.0055,,2.5000,0.0114
S1.9679.48,0.0700,302,0.0702,1.7947,0.0152,0.0102,,2.5000,0.0114
S1.9679.48,0.1000,495,0.0739,2.1307,0.0114,0.0148,,2.5000,0.0114
S1.9679.48,0.2000,430,0.0739,2.1270,0.0114,0.0137,,2.5000,0.0114
S1.9679.48,0.5000,274,0.8309,2.1307,,,,2.5000,0.0114
S1.9679.48,1.0000,284,0.0443,1.0894,0.0068,0.0020,,2.5000,0.0114
S1.9679.48,2.0000,129,0.0369,0.5539,-0.0198,-0.0101,,2.5000,0.0114
S1.9679.72,0.0000,569,0.0295,2.1307,0.0161,0.0072,,2.5000,0.0089
S1.9679.72,0.0500,553,0.0517,2.1307,0.0067,0.0072,,2.5000,0.0089
S1.9679.72,0.0700,399,0.0591,2.1307,0.0129,0.0129,,2.5000,0.0089
S1.9679.72,0.1000,501,0.0739,2.1307,0.0114,0.0076,,2.5000,0.0089
S1.9679.72,0.2000,473,0.0332,2.1344,0.0133,0.0102,,2.5000,0.0089
S1.9679.72,0.5000,477,0.0295,2.1307,0.0040,-0.0033,,2.5000,0.0089
S1.9679.72,1.0000,284,0.0443,1.0894,0.0025,-0.0047,,2.5000,0.0089
S1.9679.72,2.0000,136,0.0406,0.5576,-0.0114,0.0156,,2.5000,0.0089
S1.9679.96,0.0000,567,0.0332,2.1307,0.0318,0.0061,,2.5000,0.0084
S1.9679.96,0.0500,563,0.0332,2.1307,0.0082,0.0097,,2.5000,0.0084
S1.9679.96,0.0700,450,0.0554,2.1307,0.0410,0.0222,0.2000,2.5000,0.0084
S1.9679.96,0.1000,520,0.0739,2.1307,0.0098,0.0084,,2.5000,0.0084
S1.9679.96,0.2000,460,0.0554,2.1307,0.0132,0.0115,,2.5000,0.0084
S1.9679.96,0.5000,434,0.0295,2.1307,0.0012,0.0020,,2.5000,0.0084
S1.9679.96,1.0000,284,0.0443,1.0894,0.0028,-0.0014,,2.5000,0.0084
S1.9679.96,2.0000,131,0.0554,0.5576,-0.0127,0.0045,,2.5000,0.0084
S1.9680.04,0.0000,565,0.0332,2.1307,0.0357,0.0095,,2.5000,0.0097
S1.9680.04,0.0500,557,0.0332,2.1307,0.0099,0.0093,,2.5000,0.0097
S1.9680.04,0.0700,391,0.0591,2.1307,0.0150,0.0174,,2.5000,0.0097
S1.9680.04,0.1000,524,0.0739,2.1307,0.0063,0.0027,,2.5000,0.0097
S1.9680.04,0.2000,473,0.0591,2.1307,0.0116,0.0151,,2.5000,0.0097
S1.9680.04,0.5000,433,0.0295,2.1307,-0.0006,-0.0059,,2.5000,0.0097
S1.9680.04,1.0000,284,0.0443,1.0894,0.0004,-0.0099,,2.5000,0.0097
S1.9680.04,2.0000,134,0.0332,0.5576,-0.0114,0.0079,,2.5000,0.0097
S2.0479.00,0.0000,562,0.0554,2.1307,0.0051,0.0109,,2.5000,0.0071
S2.0479.00,0.0500,525,0.0517,2.1307,0.0071,0.0037,,2.5000,0.0071
S2.0479.00,0.0700,364,0.0739,1.6174,0.0114,,,2.5000,0.0071
S2.0479.00,0.1000,413,0.0960,1.6174,0.0137,,,2.5000,0.0071
S2.0479.00,0.2000,387,0.0775,1.6174,0.0114,,,2.5000,0.0071
S2.0479.00,0.5000,442,0.0369,2.1307,0.0092,0.0114,,2.5000,0.0071
S2.0479.00,1.0000,565,0.0443,2.1270,0.0003,0.0041,,2.5000,0.0071
S2.0479.00,2.0000,467,0.0406,2.1307,0.0046,0.0049,,2.5000,0.0071
S2.0479.48,0.0000,567,0.0406,2.1307,0.0188,0.0167,,2.5000,0.0069
S2.0479.48,0.0500,553,0.0517,2.1270,0.0017,-0.0020,,2.5000,0.0069
S2.0479.48,0.0700,374,0.0739,2.1307,0.0063,0.0072,0.2000,2.5000,0.0069
S2.0479.48,0.1000,478,0.0739,2.1307,0.0114,0.0135,,2.5000,0.0069
S2.0479.48,0.2000,397,0.0702,2.1307,-0.0069,0.0082,,2.5000,0.0069
S2.0479.48,0.5000,382,0.0332,2.1307,0.0057,0.0169,,2.5000,0.0069
S2.0479.48,1.0000,400,0.0443,1.5177,0.0056,0.0043,,2.5000,0.0069
S2.0479.48,2.0000,137,0.0406,0.5539,-0.0218,-0.0052,,2.5000,0.0069
S2.0479.88,0.0000,570,0.0295,2.1307,0.0186,0.0072,,2.5000,0.0077
S2.0479.88,0.0500,555,0.0369,2.1270,0.0077,0.0031,,2.5000,0.0077
S2.0479.88,0.0700,427,0.0517,2.1270,0.0082,0.0144,,2.5000,0.0077
S2.0479.88,0.1000,501,0.0812,2.1307,0.0114,0.0100,,2.5000,0.0077
S2.0479.88,0.2000,489,0.0517,2.1307,0.0123,0.0147,,2.5000,0.0077
S2.0479.88,0.5000,471,0.0295,2.1307,0.0068,0.0020,,2.5000,0.0077
S2.0479.88,1.0000,284,0.0443,1.0894,-0.0077,0.0050,,2.5000,0.0077
S2.0479.88,2.0000,131,0.0554,0.5576,-0.0073,0.0009,,2.5000,0.0077
S2.0479.96,0.0000,568,0.0295,2.1307,0.0153,0.0102,,2.5000,0.0095
S2.0479.96,0.0500,559,0.0332,2.1307,0.0089,0.0047,,2.5000,0.0095
S2.0479.96,0.0700,431,0.0295,2.1270,0.0140,0.0131,,2.5000,0.0095
S2.0479.96,0.1000,506,0.0739,2.1270,0.0114,0.0102,,2.5000,0.0095
S2.0479.96,0.2000,494,0.0554,2.1307,0.0058,0.0171,,2.5000,0.0095
S2.0479.96,0.5000,468,0.0295,2.1307,0.0038,0.0001,,2.5000,0.0095
S2.0479.96,1.0000,284,0.0443,1.0894,-0.0009,0.0019,,2.5000,0.0095
S2.0479.96,2.0000,135,0.0406,0.5576,-0.0176,0.0038,,2.5000,0.0095
S2.0480.04,0.0000,566,0.0295,2.1307,0.0334,0.0055,,2.5000,0.0087
S2.0480.04,0.0500,561,0.0332,2.1270,0.0087,0.0097,,2.5000,0.0087
S2.0480.04,0.0700,460,0.0554,2.1270,0.0357,0.0139,0.2000,2.5000,0.0087
S2.0480.04,0.1000,515,0.0739,2.1307,0.0078,0.0090,,2.5000,0.0087
S2.0480.04,0.2000,472,0.0554,2.1307,0.0188,0.0156,,2.5000,0.0087
S2.0480.04,0.5000,370,0.3028,2.1307,-0.0047,0.0055,,2.5000,0.0087
S2.0480.04,1.0000,284,0.0443,1.0894,0.0045,-0.0051,,2.5000,0.0087
S2.0480.04,2.0000,134,0.0480,0.5576,-0.0499,-0.0012,,2.5000,0.0087
S2.1279.40,0.0000,544,0.0295,2.1307,0.0299,0.0369,,2.5000,0.0097
S2.1279.40,0.0500,558,0.0517,2.1307,0.0083,0.0082,,2.5000,0.0097
S2.1279.40,0.0700,425,0.0554,2.1307,-0.0006,-0.0020,0.2000,2.5000,0.0097
S2.1279.40,0.1000,454,0.0739,2.1270,0.0186,0.0128,,2.5000,0.0097
S2.1279.40,0.2000,465,0.0739,2.1307,0.0042,0.0041,,2.5000,0.0097
S2.1279.40,0.5000,245,0.3656,2.1307,,0.0100,,2.5000,0.0097
S2.1279.40,1.0000,400,0.0443,1.5177,0.0095,0.0136,,2.5000,0.0097
S2.1279.40,2.0000,183,0.0406,0.7755,-0.0155,-0.0021,,2.5000,0.0097
S2.1279.48,0.0000,565,0.0369,2.1307,0.0263,0.0153,,2.5000,0.0118
S2.1279.48,0.0500,559,0.0517,2.1307,0.0102,0.0052,,2.5000,0.0118
S2.1279.48,0.0700,420,0.0775,2.1270,0.0094,0.0066,0.2000,2.5000,0.0118
S2.1279.48,0.1000,461,0.0739,2.1270,0.0152,0.0127,,2.5000,0.0118
S2.1279.48,0.2000,447,0.0775,2.1307,0.0053,0.0033,,2.5000,0.0118
S2.1279.48,0.5000,297,0.0332,1.6544,0.0139,0.0079,,2.5000,0.0118
S2.1279.48,1.0000,400,0.0443,1.5177,0.0064,0.0118,,2.5000,0.0118
S2.1279.48,2.0000,132,0.0332,0.5576,-0.0132,-0.0124,,2.5000,0.0118
S2.1279.56,0.0000,565,0.0406,2.1307,0.0175,0.0184,,2.5000,0.0083
S2.1279.56,0.0500,559,0.0517,2.1307,0.0053,0.0005,,2.5000,0.0083
S2.1279.56,0.0700,437,0.0923,2.1307,0.0023,0.0102,0.2000,2.5000,0.0083
S2.1279.56,0.1000,466,0.0739,2.1307,0.0177,0.0119,,2.5000,0.0083
S2.1279.56,0.2000,464,0.0923,2.1270,0.0056,0.0101,,2.5000,0.0083
S2.1279.56,0.5000,481,0.0332,2.1307,0.0074,0.0067,,2.5000,0.0083
S2.1279.56,1.0000,284,0.0443,1.0894,0.0083,0.0080,,2.5000,0.0083
S2.1279.56,2.0000,131,0.0406,0.5539,-0.0157,-0.0081,,2.5000,0.0083
S2.1279.64,0.0000,566,0.0369,2.1307,0.0087,0.0126,,2.5000,0.0076
S2.1279.64,0.0500,557,0.0517,2.1307,0.0061,0.0025,,2.5000,0.0076
S2.1279.64,0.0700,423,0.0591,2.1307,-0.0032,0.0094,,2.5000,0.0076
S2.1279.64,0.1000,471,0.0739,2.1307,0.0136,0.0113,,2.5000,0.0076
S2.1279.64,0.2000,470,0.0739,2.1270,0.0072,0.0102,,2.5000,0.0076
S2.1279.64,0.5000,478,0.0332,2.1307,0.0081,0.0052,,2.5000,0.0076
S2.1279.64,1.0000,284,0.0443,1.0894,-0.0025,-0.0032,,2.5000,0.0076
S2.1279.64,2.0000,125,0.0332,0.5502,-0.0169,-0.0048,,2.5000,0.0076
S2.1279.72,0.0000,567,0.0332,2.1307,0.0180,0.0140,,2.5000,0.0102
S2.1279.72,0.0500,556,0.0332,2.1307,0.0048,0.0041,,2.5000,0.0102
S2.1279.72,0.0700,434,0.0591,2.1307,0.0112,0.0102,,2.5000,0.0102
S2.1279.72,0.1000,476,0.0739,2.1307,0.0135,0.0114,,2.5000,0.0102
S2.1279.72,0.2000,490,0.0739,2.1307,0.0115,0.0103,,2.5000,0.0102
S2.1279.72,0.5000,479,0.0295,2.1307,0.0097,-0.0020,,2.5000,0.0102
S2.1279.72,1.0000,284,0.0443,1.0894,-0.0010,-0.0101,,2.5000,0.0102
S2.1279.72,2.0000,138,0.0332,0.5576,-0.0224,-0.0055,,2.5000,0.0102
S2.1279.80,0.0000,570,0.0295,2.1307,0.0167,0.0100,,2.5000,0.0087
S2.1279.80,0.0500,560,0.0332,2.1307,-0.0069,-0.0006,,2.5000,0.0087
S2.1279.80,0.0700,429,0.0517,2.1307,0.0114,0.0102,,2.5000,0.0087
S2.1279.80,0.1000,481,0.0739,2.1270,0.0114,0.0121,,2.5000,0.0087
S2.1279.80,0.2000,488,0.0775,2.1270,0.0068,0.0082,,2.5000,0.0087
S2.1279.80,0.5000,478,0.0332,2.1307,0.0089,-0.0018,,2.5000,0.0087
S2.1279.80,1.0000,284,0.0443,1.0894,0.0056,-0.0085,,2.5000,0.0087
S2.1279.80,2.0000,136,0.0406,0.5576,-0.0107,-0.0017,,2.5000,0.0087
S2.1279.96,0.0000,568,0.0295,2.1307,0.0174,0.0137,,2.5000,0.0114
S2.1279.96,0.0500,560,0.0480,2.1307,0.0034,0.0066,,2.5000,0.0114
S2.1279.96,0.0700,434,0.0295,2.1307,0.0150,0.0114,,2.5000,0.0114
S2.1279.96,0.1000,494,0.0812,2.1307,0.0114,0.0087,,2.5000,0.0114
S2.1279.96,0.2000,488,0.0517,2.1307,0.0148,0.0137,,2.5000,0.0114
S2.1279.96,0.5000,462,0.0295,2.1307,0.0121,-0.0038,,2.5000,0.0114
S2.1279.96,1.0000,284,0.0443,1.0894,0.0025,0.0019,,2.5000,0.0114
S2.1279.96,2.0000,136,0.0406,0.5576,-0.0117,0.0065,,2.5000,0.0114
S2.1280.04,0.0000,569,0.0295,2.1307,0.0199,0.0102,,2.5000,0.0102
S2.1280.04,0.0500,559,0.0369,2.1307,0.0069,0.0051,,2.5000,0.0102
S2.1280.04,0.0700,425,0.0295,2.1307,0.0102,0.0102,,2.5000,0.0102
S2.1280.04,0.1000,505,0.0739,2.1307,0.0114,0.0102,,2.5000,0.0102
S2.1280.04,0.2000,502,0.0554,2.1307,0.0060,0.0150,,2.5000,0.0102
S2.1280.04,0.5000,452,0.0295,2.1307,0.0107,-0.0017,,2.5000,0.0102
S2.1280.04,1.0000,284,0.0443,1.0894,0.0056,-0.0022,,2.5000,0.0102
S2.1280.04,2.0000,126,0.0554,0.5539,-0.0127,0.0024,,2.5000,0.0102
S2.2078.84,0.0000,564,0.0332,2.1307,-0.0008,0.0133,,2.5000,0.0102
S2.2078.84,0.0500,556,0.0517,2.1270,0.0186,0.0187,,2.5000,0.0102
S2.2078.84,0.0700,432,0.1366,2.1307,0.0114,0.0102,,2.5000,0.0102
S2.2078.84,0.1000,413,0.0960,1.6174,0.0114,,,2.5000,0.0102
S2.2078.84,0.2000,443,0.0775,2.1270,0.0173,0.0109,,2.5000,0.0102
S2.2078.84,0.5000,437,0.0332,2.1307,0.0072,0.0102,,2.5000,0.0102
S2.2078.84,1.0000,566,0.0443,2.1307,0.0023,0.0040,,2.5000,0.0102
S2.2078.84,2.0000,348,0.0406,1.5177,0.0079,-0.0036,,2.5000,0.0102
S2.2079.08,0.0000,565,0.0369,2.1307,0.0066,0.0188,,2.5000,0.0087
S2.2079.08,0.0500,534,0.0517,2.1307,0.0086,-0.0012,,2.5000,0.0087
S2.2079.08,0.0700,357,0.0739,1.6174,0.0114,,,2.5000,0.0087
S2.2079.08,0.1000,412,0.0960,1.6174,0.0114,,,2.5000,0.0087
S2.2079.08,0.2000,393,0.0775,1.6174,0.0094,,,2.5000,0.0087
S2.2079.08,0.5000,434,0.0332,2.1307,0.0017,0.0102,,2.5000,0.0087
S2.2079.08,1.0000,566,0.0369,2.1270,0.0087,0.0075,,2.5000,0.0087
S2.2079.08,2.0000,460,0.0406,2.1307,0.0092,0.0037,,2.5000,0.0087
S2.2079.16,0.0000,568,0.0295,2.1307,0.0167,0.0224,,2.5000,0.0093
S2.2079.16,0.0500,548,0.0517,2.1307,0.0020,0.0054,,2.5000,0.0093
S2.2079.16,0.0700,358,0.0443,1.6100,0.0114,,,2.5000,0.0093
S2.2079.16,0.1000,413,0.0960,1.6174,0.0116,,,2.5000,0.0093
S2.2079.16,0.2000,403,0.0739,1.6174,-0.0008,,,2.5000,0.0093
S2.2079.16,0.5000,432,0.0332,2.1307,0.0143,-0.0020,,2.5000,0.0093
S2.2079.16,1.0000,566,0.0443,2.1307,0.0093,-0.0004,,2.5000,0.0093
S2.2079.16,2.0000,487,0.0406,2.1307,-0.0122,0.0013,,2.5000,0.0093
S2.2079.40,0.0000,550,0.0369,2.1307,0.0285,0.0298,,2.5000,0.0108
S2.2079.40,0.0500,557,0.0517,2.1270,0.0114,0.0102,,2.5000,0.0108
S2.2079.40,0.0700,383,0.0554,2.1307,0.0001,0.0011,0.2000,2.5000,0.0108
S2.2079.40,0.1000,438,0.0739,2.1307,0.0157,0.0156,,2.5000,0.0108
S2.2079.40,0.2000,417,0.0739,2.1307,0.0100,0.0015,,2.5000,0.0108
S2.2079.40,0.5000,275,0.3767,2.1307,,0.0115,,2.5000,0.0108
S2.2079.40,1.0000,401,0.0406,1.5177,-0.0004,0.0146,,2.5000,0.0108
S2.2079.40,2.0000,189,0.0332,0.7755,-0.0097,0.0088,,2.5000,0.0108
S2.2079.48,0.0000,568,0.0369,2.1307,0.0152,0.0245,,2.5000,0.0117
S2.2079.48,0.0500,552,0.0517,2.1270,0.0117,0.0102,,2.5000,0.0117
S2.2079.48,0.0700,403,0.0739,2.1307,0.0020,-0.0020,0.2000,2.5000,0.0117
S2.2079.48,0.1000,444,0.0739,2.1270,0.0167,0.0139,,2.5000,0.0117
S2.2079.48,0.2000,430,0.0739,2.1307,-0.0012,0.0102,,2.5000,0.0117
S2.2079.48,0.5000,180,1.2814,2.1307,,,,2.5000,0.0117
S2.2079.48,1.0000,400,0.0443,1.5177,0.0069,0.0137,,2.5000,0.0117
S2.2079.48,2.0000,188,0.0406,0.7755,-0.0148,-0.0040,,2.5000,0.0117
S2.2079.56,0.0000,565,0.0369,2.1307,0.0129,0.0116,,2.5000,0.0104
S2.2079.56,0.0500,547,0.0517,2.1270,0.0085,0.0083,,2.5000,0.0104
S2.2079.56,0.0700,277,0.7459,2.1307,0.0111,0.0009,,2.5000,0.0104
S2.2079.56,0.1000,450,0.0739,2.1270,0.0173,0.0158,,2.5000,0.0104
S2.2079.56,0.2000,465,0.0739,2.1307,0.0012,0.0044,,2.5000,0.0104
S2.2079.56,0.5000,481,0.0332,2.1307,0.0105,0.0102,,2.5000,0.0104
S2.2079.56,1.0000,400,0.0443,1.5177,-0.0015,0.0095,,2.5000,0.0104
S2.2079.56,2.0000,138,0.0406,0.5539,-0.0112,-0.0143,,2.5000,0.0104
S2.2079.64,0.0000,567,0.0406,2.1307,0.0114,0.0195,,2.5000,0.0109
S2.2079.64,0.0500,553,0.0591,2.1307,0.0098,0.0072,,2.5000,0.0109
S2.2079.64,0.0700,423,0.0628,2.1307,0.0114,0.0036,,2.5000,0.0109
S2.2079.64,0.1000,458,0.0739,2.1307,0.0147,0.0171,,2.5000,0.0109
S2.2079.64,0.2000,485,0.0702,2.1270,0.0019,0.0104,,2.5000,0.0109
S2.2079.64,0.5000,483,0.0332,2.1307,0.0116,0.0077,,2.5000,0.0109
S2.2079.64,1.0000,284,0.0443,1.0894,0.0130,0.0007,,2.5000,0.0109
S2.2079.64,2.0000,130,0.0406,0.5502,-0.0223,-0.0007,,2.5000,0.0109
S2.2079.80,0.0000,569,0.0295,2.1307,0.0196,0.0145,,2.5000,0.0093
S2.2079.80,0.0500,559,0.0332,2.1307,0.0053,0.0021,,2.5000,0.0093
S2.2079.80,0.0700,434,0.0591,2.1307,0.0114,0.0102,,2.5000,0.0093
S2.2079.80,0.1000,472,0.0739,2.1270,0.0135,0.0133,,2.5000,0.0093
S2.2079.80,0.2000,501,0.0739,2.1307,-0.0005,0.0145,,2.5000,0.0093
S2.2079.80,0.5000,474,0.0295,2.1307,0.0051,0.0003,,2.5000,0.0093
S2.2079.80,1.0000,284,0.0443,1.0894,0.0014,-0.0083,,2.5000,0.0093
S2.2079.80,2.0000,132,0.0554,0.5576,-0.0156,0.0056,,2.5000,0.0093
S2.2079.96,0.0000,569,0.0332,2.1307,0.0180,0.0122,,2.5000,0.0108
S2.2079.96,0.0500,558,0.0332,2.1307,0.0015,-0.0020,,2.5000,0.0108
S2.2079.96,0.0700,439,0.0591,2.1307,0.0201,0.0102,,2.5000,0.0108
S2.2079.96,0.1000,488,0.0739,2.1270,0.0114,0.0126,,2.5000,0.0108
S2.2079.96,0.2000,500,0.0739,2.1307,0.0235,0.0178,,2.5000,0.0108
S2.2079.96,0.5000,471,0.0295,2.1307,0.0061,-0.0016,,2.5000,0.0108
S2.2079.96,1.0000,284,0.0443,1.0894,0.0009,0.0020,,2.5000,0.0108
S2.2079.96,2.0000,131,0.0554,0.5576,-0.0133,0.0009,,2.5000,0.0108
S2.2080.04,0.0000,565,0.0295,2.1307,0.0151,0.0072,,2.5000,0.0064
S2.2080.04,0.0500,557,0.0517,2.1307,0.0003,0.0003,,2.5000,0.0064
S2.2080.04,0.0700,433,0.0517,2.1307,0.0189,0.0102,,2.5000,0.0064
S2.2080.04,0.1000,494,0.0517,2.1307,0.0114,0.0115,,2.5000,0.0064
S2.2080.04,0.2000,491,0.0739,2.1307,0.0152,0.0165,,2.5000,0.0064
S2.2080.04,0.5000,466,0.0295,2.1307,0.0041,-0.0024,,2.5000,0.0064
S2.2080.04,1.0000,284,0.0443,1.0894,0.0056,0.0011,,2.5000,0.0064
S2.2080.04,2.0000,126,0.0554,0.5539,-0.0054,-0.0001,,2.5000,0.0064
S2.2080.12,0.0000,567,0.0295,2.1307,0.0258,0.0100,,2.5000,0.0089
S2.2080.12,0.0500,557,0.0369,2.1307,0.0080,0.0070,,2.5000,0.0089
S2.2080.12,0.0700,418,0.0591,2.1307,0.0064,0.0131,,2.5000,0.0089
S2.2080.12,0.1000,501,0.0739,2.1307,0.0114,0.0083,,2.5000,0.0089
S2.2080.12,0.2000,495,0.0554,2.1307,-0.0006,0.0133,,2.5000,0.0089
S2.2080.12,0.5000,445,0.0295,2.1307,0.0096,-0.0041,,2.5000,0.0089
S2.2080.12,1.0000,284,0.0443,1.0894,-0.0014,-0.0104,,2.5000,0.0089
S2.2080.12,2.0000,136,0.0406,0.5576,-0.0107,0.0002,,2.5000,0.0089
S2.2080.84,0.0000,563,0.0295,2.1307,-0.0005,0.0024,,2.5000,0.0076
S2.2080.84,0.0500,558,0.0443,2.1307,0.0118,0.0179,,2.5000,0.0076
S2.2080.84,0.0700,410,0.0369,2.1270,0.0114,0.0089,,2.5000,0.0076
S2.2080.84,0.1000,420,0.0517,1.6174,-0.0008,,,2.5000,0.0076
S2.2080.84,0.2000,429,0.0554,2.1270,0.0143,0.0076,,2.5000,0.0076
S2.2080.84,0.5000,424,0.0295,2.1307,0.0114,0.0132,,2.5000,0.0076
S2.2080.84,1.0000,567,0.0369,2.1307,0.0011,0.0056,,2.5000,0.0076
S2.2080.84,2.0000,182,0.0443,0.7755,-0.0006,-0.0014,,2.5000,0.0076
S2.2878.12,0.0000,566,0.0295,2.1307,-0.0246,0.0102,,2.5000,0.0092
S2.2878.12,0.0500,557,0.0517,2.1307,0.0142,0.0082,,2.5000,0.0092
S2.2878.12,0.0700,456,0.1071,2.1307,0.0107,-0.0020,,2.5000,0.0092
S2.2878.12,0.1000,415,0.0886,1.6174,0.0114,,,2.5000,0.0092
S2.2878.12,0.2000,451,0.0739,2.1307,0.0141,0.0165,,2.5000,0.0092
S2.2878.12,0.5000,487,0.0295,2.1307,-0.0275,-0.0020,0.0000,2.5000,0.0092
S2.2878.12,1.0000,567,0.0406,2.1307,0.0011,0.0012,,2.5000,0.0092
S2.2878.12,2.0000,345,0.0406,1.5177,-0.0055,0.0018,,2.5000,0.0092
S2.2878.92,0.0000,567,0.0332,2.1307,-0.0069,0.0125,,2.5000,0.0096
S2.2878.92,0.0500,555,0.0517,2.1307,0.0114,0.0122,,2.5000,0.0096
S2.2878.92,0.0700,440,0.0739,2.1270,0.0146,0.0092,,2.5000,0.0096
S2.2878.92,0.1000,413,0.0960,1.6174,0.0027,,,2.5000,0.0096
S2.2878.92,0.2000,436,0.0775,2.1307,0.0202,0.0091,,2.5000,0.0096
S2.2878.92,0.5000,430,0.0332,2.1307,0.0132,0.0099,,2.5000,0.0096
S2.2878.92,1.0000,567,0.0369,2.1307,0.0023,0.0096,,2.5000,0.0096
S2.2878.92,2.0000,345,0.0406,1.5177,0.0035,0.0004,,2.5000,0.0096
S2.2879.40,0.0000,565,0.0369,2.1307,0.0345,0.0093,,2.5000,0.0103
S2.2879.40,0.0500,554,0.0591,2.1307,0.0170,0.0164,,2.5000,0.0103
S2.2879.40,0.0700,307,0.0775,1.6174,0.0114,0.0061,,2.5000,0.0103
S2.2879.40,0.1000,413,0.0960,1.6174,0.0114,,,2.5000,0.0103
S2.2879.40,0.2000,366,0.0775,2.1307,0.0023,0.0070,,2.5000,0.0103
S2.2879.40,0.5000,487,0.0369,2.1307,0.0448,-0.0250,0.0000,2.5000,0.0103
S2.2879.40,1.0000,401,0.0406,1.5177,0.0072,0.0128,,2.5000,0.0103
S2.2879.40,2.0000,177,0.0406,0.7755,-0.0070,0.0103,,2.5000,0.0103
S2.2879.88,0.0000,565,0.0443,2.1307,0.0186,0.0140,,2.5000,0.0117
S2.2879.88,0.0500,556,0.0369,2.1307,0.0038,0.0095,,2.5000,0.0117
S2.2879.88,0.0700,444,0.0591,2.1270,0.0114,0.0079,,2.5000,0.0117
S2.2879.88,0.1000,470,0.0886,2.1270,0.0149,0.0126,,2.5000,0.0117
S2.2879.88,0.2000,499,0.0739,2.1307,0.0120,0.0137,,2.5000,0.0117
S2.2879.88,0.5000,487,0.0591,2.1307,0.0130,0.0010,,2.5000,0.0117
S2.2879.88,1.0000,284,0.0443,1.0894,0.0025,-0.0069,,2.5000,0.0117
S2.2879.88,2.0000,132,0.0554,0.5576,-0.0133,-0.0000,,2.5000,0.0117
S2.2879.96,0.0000,570,0.0295,2.1307,0.0050,0.0170,,2.5000,0.0081
S2.2879.96,0.0500,557,0.0369,2.1307,0.0020,-0.0020,,2.5000,0.0081
S2.2879.96,0.0700,441,0.0517,2.1307,0.0114,0.0102,,2.5000,0.0081
S2.2879.96,0.1000,479,0.0739,2.1307,0.0114,0.0133,,2.5000,0.0081
S2.2879.96,0.2000,495,0.0702,2.1344,0.0112,0.0164,,2.5000,0.0081
S2.2879.96,0.5000,480,0.0295,2.1307,0.0091,-0.0025,,2.5000,0.0081
S2.2879.96,1.0000,284,0.0443,1.0894,0.0012,-0.0071,,2.5000,0.0081
S2.2879.96,2.0000,137,0.0332,0.5576,-0.0000,0.0072,,2.5000,0.0081
S2.2880.04,0.0000,570,0.0295,2.1307,0.0121,0.0102,,2.5000,0.0102
S2.2880.04,0.0500,556,0.0332,2.1307,0.0001,-0.0020,,2.5000,0.0102
S2.2880.04,0.0700,442,0.0517,2.1307,-0.0069,0.0102,,2.5000,0.0102
S2.2880.04,0.1000,490,0.0739,2.1307,0.0126,0.0133,,2.5000,0.0102
S2.2880.04,0.2000,497,0.0739,2.1307,0.0233,0.0198,,2.5000,0.0102
S2.2880.04,0.5000,474,0.0295,2.1307,0.0110,-0.0051,,2.5000,0.0102
S2.2880.04,1.0000,284,0.0443,1.0894,0.0020,-0.0005,,2.5000,0.0102
S2.2880.04,2.0000,131,0.0554,0.5576,-0.0109,0.0039,,2.5000,0.0102
S2.2880.12,0.0000,567,0.0332,2.1307,0.0156,0.0102,,2.5000,0.0102
S2.2880.12,0.0500,559,0.0332,2.1307,0.0039,0.0016,,2.5000,0.0102
S2.2880.12,0.0700,432,0.0591,2.1307,0.0196,0.0102,,2.5000,0.0102
S2.2880.12,0.1000,498,0.0739,2.1307,0.0114,0.0118,,2.5000,0.0102
S2.2880.12,0.2000,485,0.0554,2.1307,0.0114,0.0139,,2.5000,0.0102
S2.2880.12,0.5000,461,0.0295,2.1307,0.0089,-0.0028,,2.5000,0.0102
S2.2880.12,1.0000,284,0.0443,1.0894,0.0037,-0.0091,,2.5000,0.0102
S2.2880.12,2.0000,135,0.0332,0.5576,-0.0143,0.0041,,2.5000,0.0102
S2.2880.84,0.0000,565,0.0295,2.1307,-0.0072,-0.0020,,2.5000,0.0080
S2.2880.84,0.0500,562,0.0295,2.1307,0.0114,0.0102,,2.5000,0.0080
S2.2880.84,0.0700,427,0.0369,2.1270,0.0099,0.0130,,2.5000,0.0080
S2.2880.84,0.1000,420,0.0369,1.6174,0.0108,,,2.5000,0.0080
S2.2880.84,0.2000,446,0.0554,2.1270,0.0122,0.0088,,2.5000,0.0080
S2.2880.84,0.5000,488,0.0295,2.1307,-0.0314,0.0071,0.0000,2.5000,0.0080
S2.2880.84,1.0000,401,0.0369,1.5177,-0.0048,0.0033,,2.5000,0.0080
S2.2880.84,2.0000,169,0.0406,0.7755,0.0018,0.0004,,2.5000,0.0080
S2.2880.92,0.0000,560,0.0369,2.1307,-0.0008,0.0163,,2.5000,0.0083
S2.2880.92,0.0500,559,0.0295,2.1270,0.0127,0.0090,,2.5000,0.0083
S2.2880.92,0.0700,395,0.0369,2.1307,0.0129,0.0070,,2.5000,0.0083
S2.2880.92,0.1000,420,0.0369,1.6174,0.0086,,,2.5000,0.0083
S2.2880.92,0.2000,400,0.0554,1.6174,0.0151,,,2.5000,0.0083
S2.2880.92,0.5000,483,0.0369,2.1307,-0.0251,-0.0386,0.0000,2.5000,0.0083
S2.2880.92,1.0000,566,0.0443,2.1307,0.0067,0.0081,,2.5000,0.0083
S2.2880.92,2.0000,246,0.0406,1.0894,0.0042,-0.0014,,2.5000,0.0083
S2.3677.48,0.0000,564,0.0443,2.1307,-0.0285,0.0072,,2.5000,0.0060
S2.3677.48,0.0500,554,0.0517,2.1307,0.0125,0.0045,,2.5000,0.0060
S2.3677.48,0.0700,473,0.0849,2.1270,0.0021,0.0037,,2.5000,0.0060
S2.3677.48,0.1000,434,0.0739,2.1270,0.0151,0.0128,,2.5000,0.0060
S2.3677.48,0.2000,451,0.0739,2.1307,0.0129,0.0118,,2.5000,0.0060
S2.3677.48,0.5000,429,0.0295,2.1307,0.0034,-0.0020,,2.5000,0.0060
S2.3677.48,1.0000,566,0.0443,2.1307,0.0048,0.0025,,2.5000,0.0060
S2.3677.48,2.0000,349,0.0295,1.5177,0.0024,0.0072,,2.5000,0.0060
S2.3678.12,0.0000,569,0.0295,2.1307,0.0068,0.0060,,2.5000,0.0096
S2.3678.12,0.0500,554,0.0517,2.1307,0.0175,0.0125,,2.5000,0.0096
S2.3678.12,0.0700,443,0.0923,2.1307,0.0114,0.0102,,2.5000,0.0096
S2.3678.12,0.1000,413,0.0960,1.6174,0.0107,,,2.5000,0.0096
S2.3678.12,0.2000,437,0.0775,2.1307,0.0163,0.0096,,2.5000,0.0096
S2.3678.12,0.5000,405,0.0332,2.1307,-0.0008,0.0101,,2.5000,0.0096
S2.3678.12,1.0000,567,0.0406,2.1307,-0.0006,-0.0029,,2.5000,0.0096
S2.3678.12,2.0000,343,0.0443,1.5177,0.0049,0.0038,,2.5000,0.0096
S2.3679.40,0.0000,562,0.0554,2.1307,0.0342,-0.0020,,2.5000,0.0118
S2.3679.40,0.0500,556,0.0517,2.1307,0.0114,0.0133,,2.5000,0.0118
S2.3679.40,0.0700,423,0.0739,2.1307,0.0139,0.0123,,2.5000,0.0118
S2.3679.40,0.1000,419,0.0739,1.6174,0.0050,,,2.5000,0.0118
S2.3679.40,0.2000,432,0.0739,2.1270,0.0122,0.0127,,2.5000,0.0118
S2.3679.40,0.5000,426,0.0554,2.1307,0.0038,0.0134,,2.5000,0.0118
S2.3679.40,1.0000,567,0.0406,2.1307,-0.0011,0.0101,,2.5000,0.0118
S2.3679.40,2.0000,250,0.0406,1.0894,-0.0118,-0.0079,,2.5000,0.0118
S2.4478.12,0.0000,566,0.0295,2.1307,0.0235,-0.0050,,2.5000,0.0069
S2.4478.12,0.0500,555,0.0591,2.1307,0.0158,0.0163,,2.5000,0.0069
S2.4478.12,0.0700,432,0.1071,2.1270,0.0127,0.0116,,2.5000,0.0069
S2.4478.12,0.1000,411,0.1034,1.6174,0.0035,,,2.5000,0.0069
S2.4478.12,0.2000,428,0.0739,2.1307,0.0205,0.0052,,2.5000,0.0069
S2.4478.12,0.5000,418,0.0332,2.1307,0.0065,-0.0020,,2.5000,0.0069
S2.4478.12,1.0000,567,0.0406,2.1307,0.0014,0.0037,,2.5000,0.0069
S2.4478.12,2.0000,346,0.0369,1.5177,0.0069,0.0107,,2.5000,0.0069
S2.4478.20,0.0000,564,0.0295,2.1307,0.0225,-0.0070,,2.5000,0.0070
S2.4478.20,0.0500,556,0.0591,2.1307,0.0161,0.0135,,2.5000,0.0070
S2.4478.20,0.0700,431,0.0295,2.1307,0.0114,0.0085,,2.5000,0.0070
S2.4478.20,0.1000,411,0.1034,1.6174,0.0025,,,2.5000,0.0070
S2.4478.20,0.2000,427,0.0739,2.1307,0.0176,0.0070,,2.5000,0.0070
S2.4478.20,0.5000,405,0.0332,2.1307,-0.0008,-0.0020,,2.5000,0.0070
S2.4478.20,1.0000,567,0.0406,2.1307,0.0004,-0.0011,,2.5000,0.0070
S2.4478.20,2.0000,356,0.0369,1.5177,-0.0024,0.0028,,2.5000,0.0070
S2.4479.08,0.0000,563,0.0406,2.1307,0.0114,-0.0020,,2.5000,0.0042
S2.4479.08,0.0500,556,0.0517,2.1307,0.0152,0.0179,,2.5000,0.0042
S2.4479.08,0.0700,425,0.1219,2.1307,0.0148,0.0125,,2.5000,0.0042
S2.4479.08,0.1000,412,0.0960,1.6174,0.0042,,,2.5000,0.0042
S2.4479.08,0.2000,431,0.0739,2.1270,0.0214,0.0046,,2.5000,0.0042
S2.4479.08,0.5000,409,0.0332,2.1307,-0.0008,0.0010,,2.5000,0.0042
S2.4479.08,1.0000,566,0.0443,2.1307,0.0011,0.0032,,2.5000,0.0042
S2.4479.08,2.0000,239,0.0369,1.0894,0.0013,-0.0019,,2.5000,0.0042
S2.4479.32,0.0000,568,0.0295,2.1307,0.0240,0.0133,,2.5000,0.0108
S2.4479.32,0.0500,557,0.0517,2.1307,0.0055,0.0102,,2.5000,0.0108
S2.4479.32,0.0700,387,0.0739,2.1270,0.0173,0.0082,,2.5000,0.0108
S2.4479.32,0.1000,418,0.0775,1.6174,0.0114,,,2.5000,0.0108
S2.4479.32,0.2000,399,0.0739,1.6137,0.0114,,,2.5000,0.0108
S2.4479.32,0.5000,430,0.0332,2.1270,0.0296,0.0114,,2.5000,0.0108
S2.4479.32,1.0000,567,0.0406,2.1307,0.0073,0.0102,,2.5000,0.0108
S2.4479.32,2.0000,343,0.0406,1.5177,-0.0010,0.0060,,2.5000,0.0108
S2.5278.92,0.0000,567,0.0369,2.1307,0.0034,0.0146,,2.5000,0.0093
S2.5278.92,0.0500,554,0.0517,2.1307,0.0180,0.0213,,2.5000,0.0093
S2.5278.92,0.0700,377,0.0997,2.1307,0.0074,0.0109,0.2000,2.5000,0.0093
S2.5278.92,0.1000,413,0.0960,1.6174,0.0112,,,2.5000,0.0093
S2.5278.92,0.2000,410,0.0739,2.1307,0.0073,0.0120,,2.5000,0.0093
S2.5278.92,0.5000,277,0.0369,1.7171,0.0081,0.0065,,2.5000,0.0093
S2.5278.92,1.0000,401,0.0406,1.5177,0.0032,0.0093,,2.5000,0.0093
S2.5278.92,2.0000,180,0.0332,0.7755,-0.0159,0.0093,,2.5000,0.0093
S2.6078.20,0.0000,564,0.0295,2.1307,0.0175,0.0066,,2.5000,0.0102
S2.6078.20,0.0500,546,0.0517,2.1270,0.0111,0.0102,,2.5000,0.0102
S2.6078.20,0.0700,405,0.0923,2.1307,0.0137,0.0123,,2.5000,0.0102
S2.6078.20,0.1000,410,0.1034,1.6174,0.0075,,,2.5000,0.0102
S2.6078.20,0.2000,419,0.1034,2.1307,0.0138,0.0061,,2.5000,0.0102
S2.6078.20,0.5000,331,0.2733,2.1307,0.0085,0.0151,,2.5000,0.0102
S2.6078.20,1.0000,566,0.0443,2.1307,0.0015,-0.0044,,2.5000,0.0102
S2.6078.20,2.0000,354,0.0332,1.5177,-0.0030,0.0109,,2.5000,0.0102
S2.6078.92,0.0000,566,0.0369,2.1307,0.0035,0.0102,,2.5000,0.0114
S2.6078.92,0.0500,554,0.0517,2.1307,0.0165,0.0133,,2.5000,0.0114
S2.6078.92,0.0700,351,0.0923,2.1307,0.0114,0.0047,0.2000,2.5000,0.0114
S2.6078.92,0.1000,413,0.0960,1.6174,0.0114,,,2.5000,0.0114
S2.6078.92,0.2000,379,0.0739,2.1307,0.0114,0.0155,,2.5000,0.0114
S2.6078.92,0.5000,409,0.0369,2.1307,0.0087,0.0141,,2.5000,0.0114
S2.6078.92,1.0000,401,0.0406,1.5177,0.0072,0.0154,,2.5000,0.0114
S2.6078.92,2.0000,180,0.0554,0.7755,-0.0200,0.0099,,2.5000,0.0114
S2.6080.36,0.0000,564,0.0295,2.1307,0.0144,0.0277,,2.5000,0.0109
S2.6080.36,0.0500,562,0.0332,2.1307,0.0007,-0.0006,,2.5000,0.0109
S2.6080.36,0.0700,423,0.0554,2.1270,0.0100,0.0102,,2.5000,0.0109
S2.6080.36,0.1000,501,0.0739,2.1307,0.0116,0.0117,,2.5000,0.0109
S2.6080.36,0.2000,497,0.0591,2.1307,0.0196,0.0163,,2.5000,0.0109
S2.6080.36,0.5000,472,0.0295,2.1307,0.0220,0.0483,0.0000,2.5000,0.0109
S2.6080.36,1.0000,284,0.0443,1.0894,0.0073,0.0021,,2.5000,0.0109
S2.6080.36,2.0000,123,0.0369,0.5502,-0.0202,-0.0099,,2.5000,0.0109
S2.6080.44,0.0000,561,0.0295,2.1307,0.0247,0.0112,,2.5000,0.0114
S2.6080.44,0.0500,563,0.0332,2.1270,0.0057,0.0050,,2.5000,0.0114
S2.6080.44,0.0700,409,0.0702,2.1307,0.0145,0.0162,,2.5000,0.0114
S2.6080.44,0.1000,505,0.0739,2.1307,0.0114,0.0143,,2.5000,0.0114
S2.6080.44,0.2000,483,0.0554,2.1307,0.0114,0.0123,,2.5000,0.0114
S2.6080.44,0.5000,487,0.0295,2.1307,0.0093,0.0122,0.0000,2.5000,0.0114
S2.6080.44,1.0000,284,0.0443,1.0894,0.0096,0.0083,,2.5000,0.0114
S2.6080.44,2.0000,126,0.0369,0.5502,-0.0147,-0.0025,,2.5000,0.0114
S2.6878.20,0.0000,569,0.0295,2.1307,0.0125,-0.0061,,2.5000,0.0061
S2.6878.20,0.0500,556,0.0517,2.1307,0.0110,0.0102,,2.5000,0.0061
S2.6878.20,0.0700,417,0.0739,2.1270,0.0199,0.0057,,2.5000,0.0061
S2.6878.20,0.1000,410,0.1071,1.6174,0.0102,,,2.5000,0.0061
S2.6878.20,0.2000,419,0.1034,2.1307,0.0141,0.0043,,2.5000,0.0061
S2.6878.20,0.5000,316,0.3545,2.1307,0.0133,0.0011,,2.5000,0.0061
S2.6878.20,1.0000,566,0.0443,2.1307,0.0014,-0.0005,,2.5000,0.0061
S2.6878.20,2.0000,350,0.0332,1.5177,-0.0004,0.0058,,2.5000,0.0061
S2.6878.28,0.0000,568,0.0295,2.1307,0.0114,0.0173,,2.5000,0.0109
S2.6878.28,0.0500,556,0.0517,2.1307,0.0110,0.0102,,2.5000,0.0109
S2.6878.28,0.0700,416,0.0739,2.1270,0.0206,0.0055,,2.5000,0.0109
S2.6878.28,0.1000,409,0.1071,1.6174,0.0114,,,2.5000,0.0109
S2.6878.28,0.2000,428,0.1034,2.1307,0.0132,0.0109,,2.5000,0.0109
S2.6878.28,0.5000,283,0.4284,2.1307,,-0.0111,,2.5000,0.0109
S2.6878.28,1.0000,567,0.0406,2.1307,0.0031,0.0028,,2.5000,0.0109
S2.6878.28,2.0000,245,0.0369,1.0894,-0.0045,0.0024,,2.5000,0.0109
S2.6878.36,0.0000,567,0.0295,2.1307,0.0115,0.0102,,2.5000,0.0098
S2.6878.36,0.0500,559,0.0517,2.1307,0.0114,0.0123,,2.5000,0.0098
S2.6878.36,0.0700,414,0.0739,2.1270,0.0160,0.0088,,2.5000,0.0098
S2.6878.36,0.1000,409,0.1034,1.6174,0.0114,,,2.5000,0.0098
S2.6878.36,0.2000,409,0.1034,2.1307,0.0182,0.0094,,2.5000,0.0098
S2.6878.36,0.5000,275,0.4727,2.1307,,-0.0066,,2.5000,0.0098
S2.6878.36,1.0000,567,0.0406,2.1307,0.0004,0.0012,,2.5000,0.0098
S2.6878.36,2.0000,231,0.0406,1.0894,-0.0055,-0.0004,,2.5000,0.0098
S2.6878.92,0.0000,568,0.0295,2.1307,0.0035,0.0133,,2.5000,0.0133
S2.6878.92,0.0500,557,0.0517,2.1307,0.0156,0.0163,,2.5000,0.0133
S2.6878.92,0.0700,343,0.0775,2.1307,0.0144,-0.0124,0.2000,2.5000,0.0133
S2.6878.92,0.1000,413,0.0960,1.6174,0.0087,,,2.5000,0.0133
S2.6878.92,0.2000,354,0.0739,2.1307,0.0144,0.0036,,2.5000,0.0133
S2.6878.92,0.5000,484,0.0332,2.1307,0.0163,0.0141,,2.5000,0.0133
S2.6878.92,1.0000,400,0.0443,1.5177,0.0097,0.0125,,2.5000,0.0133
S2.6878.92,2.0000,181,0.0517,0.7755,-0.0183,-0.0057,,2.5000,0.0133
S2.6879.64,0.0000,562,0.0406,2.1307,0.0195,-0.0020,,2.5000,0.0117
S2.6879.64,0.0500,557,0.0517,2.1307,0.0117,0.0163,,2.5000,0.0117
S2.6879.64,0.0700,382,0.0628,2.1307,0.0150,0.0122,,2.5000,0.0117
S2.6879.64,0.1000,418,0.0739,1.6174,0.0045,,,2.5000,0.0117
S2.6879.64,0.2000,375,0.0739,2.1307,0.0156,0.0122,,2.5000,0.0117
S2.6879.64,0.5000,424,0.0332,2.1307,0.0138,0.0102,,2.5000,0.0117
S2.6879.64,1.0000,567,0.0406,2.1307,0.0004,0.0049,,2.5000,0.0117
S2.6879.64,2.0000,238,0.0295,1.0894,-0.0054,0.0031,,2.5000,0.0117
S2.6880.36,0.0000,500,0.2659,2.1307,0.0490,0.0307,,2.5000,0.0110
S2.6880.36,0.0500,560,0.0332,2.1270,0.0007,-0.0014,,2.5000,0.0110
S2.6880.36,0.0700,422,0.0554,2.1307,0.0042,0.0102,,2.5000,0.0110
S2.6880.36,0.1000,489,0.0739,2.1307,0.0172,0.0150,,2.5000,0.0110
S2.6880.36,0.2000,476,0.0554,2.1307,-0.0048,0.0184,,2.5000,0.0110
S2.6880.36,0.5000,196,1.2334,2.1307,,,,2.5000,0.0110
S2.6880.36,1.0000,400,0.0443,1.5177,0.0015,0.0081,,2.5000,0.0110
S2.6880.36,2.0000,129,0.0406,0.5539,-0.0177,-0.0118,,2.5000,0.0110
S2.7678.28,0.0000,566,0.0295,2.1307,0.0114,0.0212,,2.5000,0.0114
S2.7678.28,0.0500,556,0.0517,2.1307,0.0114,0.0122,,2.5000,0.0114
S2.7678.28,0.0700,415,0.0739,2.1307,0.0165,0.0120,,2.5000,0.0114
S2.7678.28,0.1000,410,0.1071,1.6174,0.0114,,,2.5000,0.0114
S2.7678.28,0.2000,421,0.1034,2.1270,0.0117,0.0093,,2.5000,0.0114
S2.7678.28,0.5000,172,1.3294,2.1307,,,,2.5000,0.0114
S2.7678.28,1.0000,567,0.0406,2.1307,0.0022,0.0038,,2.5000,0.0114
S2.7678.28,2.0000,247,0.0369,1.0894,0.0001,0.0022,,2.5000,0.0114
S2.7678.36,0.0000,564,0.0295,2.1307,0.0114,0.0098,,2.5000,0.0099
S2.7678.36,0.0500,551,0.0517,2.1307,0.0100,0.0102,,2.5000,0.0099
S2.7678.36,0.0700,412,0.0739,2.1307,0.0192,0.0124,,2.5000,0.0099
S2.7678.36,0.1000,409,0.1071,1.6174,0.0099,,,2.5000,0.0099
S2.7678.36,0.2000,411,0.1034,2.1307,0.0172,0.0169,,2.5000,0.0099
S2.7678.36,0.5000,271,0.5022,2.1307,,-0.0026,,2.5000,0.0099
S2.7678.36,1.0000,566,0.0443,2.1307,0.0037,0.0022,,2.5000,0.0099
S2.7678.36,2.0000,232,0.0406,1.0894,0.0020,0.0043,,2.5000,0.0099
S2.7678.68,0.0000,570,0.0295,2.1307,0.0039,0.0102,,2.5000,0.0108
S2.7678.68,0.0500,556,0.0517,2.1307,0.0155,0.0145,,2.5000,0.0108
S2.7678.68,0.0700,413,0.0775,2.1307,0.0098,0.0109,0.2000,2.5000,0.0108
S2.7678.68,0.1000,411,0.1034,1.6174,0.0051,,,2.5000,0.0108
S2.7678.68,0.2000,426,0.0739,2.1307,0.0114,0.0127,,2.5000,0.0108
S2.7678.68,0.5000,402,0.0369,2.1307,0.0057,0.0175,,2.5000,0.0108
S2.7678.68,1.0000,401,0.0406,1.5177,0.0085,0.0224,,2.5000,0.0108
S2.7678.68,2.0000,188,0.0406,0.7755,-0.0189,-0.0059,,2.5000,0.0108
S2.7678.76,0.0000,569,0.0295,2.1307,0.0061,0.0072,,2.5000,0.0124
S2.7678.76,0.0500,563,0.0517,2.1307,0.0126,0.0133,,2.5000,0.0124
S2.7678.76,0.0700,379,0.0849,2.1196,0.0135,-0.0017,0.2000,2.5000,0.0124
S2.7678.76,0.1000,413,0.0960,1.6174,0.0090,,,2.5000,0.0124
S2.7678.76,0.2000,393,0.0775,2.1196,0.0117,0.0087,,2.5000,0.0124
S2.7678.76,0.5000,484,0.0443,2.1307,0.0153,0.0154,,2.5000,0.0124
S2.7678.76,1.0000,400,0.0443,1.5177,0.0124,0.0132,,2.5000,0.0124
S2.7678.76,2.0000,178,0.0406,0.7755,-0.0114,-0.0154,,2.5000,0.0124
S2.7678.84,0.0000,567,0.0406,2.1307,-0.0006,0.0102,,2.5000,0.0127
S2.7678.84,0.0500,555,0.0517,2.1307,0.0140,0.0141,,2.5000,0.0127
S2.7678.84,0.0700,315,0.0923,2.1307,0.0114,-0.0067,0.2000,2.5000,0.0127
S2.7678.84,0.1000,413,0.0960,1.6174,0.0090,,,2.5000,0.0127
S2.7678.84,0.2000,333,0.0739,2.1307,0.0160,0.0102,,2.5000,0.0127
S2.7678.84,0.5000,474,0.0369,2.1307,0.0145,0.0163,,2.5000,0.0127
S2.7678.84,1.0000,401,0.0406,1.5177,0.0014,0.0122,,2.5000,0.0127
S2.7678.84,2.0000,175,0.0406,0.7755,-0.0132,-0.0127,,2.5000,0.0127
S2.7678.92,0.0000,566,0.0406,2.1307,0.0015,0.0184,,2.5000,0.0129
S2.7678.92,0.0500,555,0.0517,2.1307,0.0130,0.0163,,2.5000,0.0129
S2.7678.92,0.0700,341,0.0739,2.1307,0.0101,0.0122,0.2000,2.5000,0.0129
S2.7678.92,0.1000,413,0.0960,1.6174,0.0114,,,2.5000,0.0129
S2.7678.92,0.2000,324,0.0739,2.1307,0.0169,0.0056,,2.5000,0.0129
S2.7678.92,0.5000,485,0.0332,2.1307,0.0157,0.0186,,2.5000,0.0129
S2.7678.92,1.0000,400,0.0443,1.5177,0.0102,0.0127,,2.5000,0.0129
S2.7678.92,2.0000,174,0.0406,0.7755,-0.0204,-0.0114,,2.5000,0.0129
S2.8478.68,0.0000,570,0.0295,2.1307,0.0024,0.0102,,2.5000,0.0109
S2.8478.68,0.0500,552,0.0628,2.1307,0.0114,0.0120,,2.5000,0.0109
S2.8478.68,0.0700,387,0.0775,2.1307,0.0075,0.0114,0.2000,2.5000,0.0109
S2.8478.68,0.1000,411,0.1034,1.6174,0.0046,,,2.5000,0.0109
S2.8478.68,0.2000,419,0.0739,2.1307,0.0114,0.0165,,2.5000,0.0109
S2.8478.68,0.5000,424,0.0369,2.1307,0.0104,0.0159,,2.5000,0.0109
S2.8478.68,1.0000,402,0.0369,1.5177,0.0142,0.0098,,2.5000,0.0109
S2.8478.68,2.0000,186,0.0406,0.7755,-0.0194,-0.0006,,2.5000,0.0109
S2.8478.76,0.0000,569,0.0295,2.1307,0.0009,0.0072,,2.5000,0.0094
S2.8478.76,0.0500,558,0.0517,2.1307,0.0164,0.0130,,2.5000,0.0094
S2.8478.76,0.0700,354,0.0775,2.1270,0.0117,-0.0058,0.2000,2.5000,0.0094
S2.8478.76,0.1000,413,0.0960,1.6174,0.0066,,,2.5000,0.0094
S2.8478.76,0.2000,351,0.0812,2.1270,0.0140,0.0075,,2.5000,0.0094
S2.8478.76,0.5000,478,0.0443,2.1307,0.0094,0.0148,,2.5000,0.0094
S2.8478.76,1.0000,400,0.0443,1.5177,0.0006,0.0138,,2.5000,0.0094
S2.8478.76,2.0000,171,0.0406,0.7755,-0.0102,-0.0057,,2.5000,0.0094
S2.8478.92,0.0000,567,0.0332,2.1307,0.0051,0.0102,,2.5000,0.0127
S2.8478.92,0.0500,554,0.0591,2.1307,0.0133,0.0163,,2.5000,0.0127
S2.8478.92,0.0700,194,0.7459,2.1307,0.0193,0.0124,,2.5000,0.0127
S2.8478.92,0.1000,413,0.0960,1.6174,0.0114,,,2.5000,0.0127
S2.8478.92,0.2000,351,0.0812,2.1307,0.0232,0.0046,,2.5000,0.0127
S2.8478.92,0.5000,481,0.0332,2.1307,0.0138,0.0152,,2.5000,0.0127
S2.8478.92,1.0000,400,0.0443,1.5177,0.0123,0.0096,,2.5000,0.0127
S2.8478.92,2.0000,175,0.0443,0.7755,-0.0136,-0.0127,,2.5000,0.0127
S2.8479.00,0.0000,567,0.0406,2.1307,0.0086,0.0169,,2.5000,0.0134
S2.8479.00,0.0500,551,0.0517,2.1307,0.0140,0.0143,,2.5000,0.0134
S2.8479.00,0.0700,221,0.6905,2.1307,0.0134,0.0146,,2.5000,0.0134
S2.8479.00,0.1000,411,0.0997,1.6174,0.0114,,,2.5000,0.0134
S2.8479.00,0.2000,396,0.0812,2.1307,0.0190,0.0072,,2.5000,0.0134
S2.8479.00,0.5000,492,0.0332,2.1307,0.0125,0.0175,,2.5000,0.0134
S2.8479.00,1.0000,400,0.0443,1.5177,0.0047,0.0111,,2.5000,0.0134
S2.8479.00,2.0000,176,0.0406,0.7755,-0.0167,-0.0103,,2.5000,0.0134
S2.8479.08,0.0000,564,0.0406,2.1307,-0.0025,0.0129,,2.5000,0.0113
S2.8479.08,0.0500,555,0.0517,2.1307,0.0135,0.0156,,2.5000,0.0113
S2.8479.08,0.0700,246,0.6610,2.1307,0.0114,0.0104,,2.5000,0.0113
S2.8479.08,0.1000,413,0.0960,1.6174,0.0114,,,2.5000,0.0113
S2.8479.08,0.2000,415,0.0812,2.1307,0.0113,0.0072,,2.5000,0.0113
S2.8479.08,0.5000,448,0.0332,2.1307,0.0098,0.0156,,2.5000,0.0113
S2.8479.08,1.0000,400,0.0443,1.5177,0.0026,0.0113,,2.5000,0.0113
S2.8479.08,2.0000,182,0.0332,0.7755,-0.0220,-0.0039,,2.5000,0.0113
S2.9278.44,0.0000,564,0.0295,2.1307,0.0116,0.0033,,2.5000,0.0114
S2.9278.44,0.0500,554,0.0517,2.1307,0.0110,0.0151,,2.5000,0.0114
S2.9278.44,0.0700,396,0.0739,2.1307,0.0141,0.0146,,2.5000,0.0114
S2.9278.44,0.1000,409,0.1071,1.6174,0.0114,,,2.5000,0.0114
S2.9278.44,0.2000,363,0.1034,2.1307,0.0202,0.0003,,2.5000,0.0114
S2.9278.44,0.5000,110,1.6211,2.1307,,,,2.5000,0.0114
S2.9278.44,1.0000,567,0.0406,2.1307,0.0034,0.0154,,2.5000,0.0114
S2.9278.44,2.0000,238,0.0443,1.0894,0.0001,0.0107,,2.5000,0.0114
S2.9278.76,0.0000,566,0.0295,2.1307,-0.0008,0.0148,,2.5000,0.0143
S2.9278.76,0.0500,562,0.0517,2.1307,0.0168,0.0133,,2.5000,0.0143
S2.9278.76,0.0700,303,0.0775,2.1270,0.0179,-0.0016,0.2000,2.5000,0.0143
S2.9278.76,0.1000,413,0.0960,1.6174,0.0073,,,2.5000,0.0143
S2.9278.76,0.2000,323,0.0812,2.1270,0.0219,0.0143,,2.5000,0.0143
S2.9278.76,0.5000,478,0.0443,2.1307,0.0163,0.0146,,2.5000,0.0143
S2.9278.76,1.0000,400,0.0443,1.5177,0.0109,0.0109,,2.5000,0.0143
S2.9278.76,2.0000,178,0.0406,0.7755,-0.0146,-0.0104,,2.5000,0.0143
S2.9278.92,0.0000,567,0.0295,2.1307,0.0007,0.0102,,2.5000,0.0111
S2.9278.92,0.0500,556,0.0517,2.1307,0.0138,0.0163,,2.5000,0.0111
S2.9278.92,0.0700,214,0.7201,2.1307,0.0129,0.0134,,2.5000,0.0111
S2.9278.92,0.1000,411,0.1034,1.6174,0.0110,,,2.5000,0.0111
S2.9278.92,0.2000,367,0.0775,2.1307,0.0139,0.0087,,2.5000,0.0111
S2.9278.92,0.5000,485,0.0332,2.1307,0.0111,0.0168,,2.5000,0.0111
S2.9278.92,1.0000,400,0.0443,1.5177,0.0067,0.0103,,2.5000,0.0111
S2.9278.92,2.0000,177,0.0406,0.7755,-0.0171,-0.0044,,2.5000,0.0111
S2.9279.00,0.0000,566,0.0295,2.1307,0.0090,0.0102,,2.5000,0.0108
S2.9279.00,0.0500,552,0.0517,2.1307,0.0150,0.0102,,2.5000,0.0108
S2.9279.00,0.0700,244,0.6869,2.1307,0.0152,0.0135,,2.5000,0.0108
S2.9279.00,0.1000,412,0.0960,1.6174,0.0114,,,2.5000,0.0108
S2.9279.00,0.2000,392,0.0812,2.1270,-0.0040,0.0087,,2.5000,0.0108
S2.9279.00,0.5000,481,0.0369,2.1307,0.0108,0.0147,,2.5000,0.0108
S2.9279.00,1.0000,400,0.0443,1.5177,0.0071,0.0120,,2.5000,0.0108
S2.9279.00,2.0000,171,0.0554,0.7755,-0.0177,0.0004,,2.5000,0.0108
S2.9279.08,0.0000,567,0.0406,2.1307,0.0085,0.0103,,2.5000,0.0103
S2.9279.08,0.0500,557,0.0517,2.1307,0.0167,0.0178,,2.5000,0.0103
S2.9279.08,0.0700,281,0.6315,2.1307,0.0114,0.0123,,2.5000,0.0103
S2.9279.08,0.1000,417,0.0739,1.6174,0.0114,,,2.5000,0.0103
S2.9279.08,0.2000,426,0.0739,2.1307,0.0055,0.0087,,2.5000,0.0103
S2.9279.08,0.5000,481,0.0406,2.1307,0.0108,0.0119,,2.5000,0.0103
S2.9279.08,1.0000,400,0.0443,1.5177,0.0078,0.0102,,2.5000,0.0103
S2.9279.08,2.0000,179,0.0332,0.7755,-0.0026,-0.0056,,2.5000,0.0103
S2.9279.80,0.0000,556,0.0406,2.1307,0.0082,0.0232,,2.5000,0.0117
S2.9279.80,0.0500,557,0.0517,2.1307,0.0174,0.0152,,2.5000,0.0117
S2.9279.80,0.0700,273,0.6832,2.1270,0.0114,0.0076,,2.5000,0.0117
S2.9279.80,0.1000,432,0.0775,2.1307,0.0139,0.0141,,2.5000,0.0117
S2.9279.80,0.2000,462,0.0775,2.1270,0.0023,-0.0020,,2.5000,0.0117
S2.9279.80,0.5000,337,0.1440,2.1307,0.0114,0.0129,,2.5000,0.0117
S2.9279.80,1.0000,400,0.0443,1.5177,0.0059,0.0121,,2.5000,0.0117
S2.9279.80,2.0000,179,0.0406,0.7755,-0.0139,-0.0057,,2.5000,0.0117
S3.0078.44,0.0000,566,0.0295,2.1307,0.0081,-0.0049,,2.5000,0.0114
S3.0078.44,0.0500,550,0.0517,2.1307,0.0114,0.0163,,2.5000,0.0114
S3.0078.44,0.0700,378,0.0739,2.1307,0.0153,0.0147,,2.5000,0.0114
S3.0078.44,0.1000,409,0.1071,1.6174,0.0082,,,2.5000,0.0114
S3.0078.44,0.2000,326,0.1034,2.1270,0.0216,0.0145,,2.5000,0.0114
S3.0078.44,0.5000,93,1.6654,2.1307,,,,2.5000,0.0114
S3.0078.44,1.0000,567,0.0406,2.1307,0.0053,0.0120,,2.5000,0.0114
S3.0078.44,2.0000,241,0.0443,1.0894,-0.0099,-0.0012,,2.5000,0.0114
S3.0078.76,0.0000,569,0.0295,2.1307,-0.0002,0.0116,,2.5000,0.0133
S3.0078.76,0.0500,555,0.0517,2.1307,0.0136,0.0133,,2.5000,0.0133
S3.0078.76,0.0700,328,0.0775,2.1307,0.0123,-0.0038,0.2000,2.5000,0.0133
S3.0078.76,0.1000,412,0.0960,1.6174,0.0098,,,2.5000,0.0133
S3.0078.76,0.2000,337,0.0775,2.1307,0.0204,0.0138,,2.5000,0.0133
S3.0078.76,0.5000,491,0.0443,2.1307,0.0114,0.0148,,2.5000,0.0133
S3.0078.76,1.0000,400,0.0443,1.5177,0.0079,0.0172,,2.5000,0.0133
S3.0078.76,2.0000,184,0.0332,0.7755,-0.0103,-0.0150,,2.5000,0.0133
S3.0877.96,0.0000,567,0.0332,2.1307,0.0173,0.0095,,2.5000,0.0094
S3.0877.96,0.0500,557,0.0517,2.1307,0.0093,0.0103,,2.5000,0.0094
S3.0877.96,0.0700,404,0.0849,2.1270,0.0138,0.0078,,2.5000,0.0094
S3.0877.96,0.1000,410,0.1071,1.6174,0.0114,,,2.5000,0.0094
S3.0877.96,0.2000,408,0.1034,2.1307,0.0114,0.0135,,2.5000,0.0094
S3.0877.96,0.5000,289,0.4764,2.1307,,0.0040,,2.5000,0.0094
S3.0877.96,1.0000,566,0.0443,2.1307,0.0003,0.0014,,2.5000,0.0094
S3.0877.96,2.0000,350,0.0369,1.5177,-0.0080,0.0062,,2.5000,0.0094
S3.0878.04,0.0000,567,0.0332,2.1307,0.0180,0.0140,,2.5000,0.0106
S3.0878.04,0.0500,558,0.0517,2.1307,0.0097,0.0105,,2.5000,0.0106
S3.0878.04,0.0700,395,0.0997,2.1270,0.0192,0.0081,,2.5000,0.0106
S3.0878.04,0.1000,410,0.1071,1.6174,0.0114,,,2.5000,0.0106
S3.0878.04,0.2000,414,0.1034,2.1307,0.0156,0.0162,,2.5000,0.0106
S3.0878.04,0.5000,187,1.2260,2.1307,,,,2.5000,0.0106
S3.0878.04,1.0000,566,0.0443,2.1307,0.0010,0.0025,,2.5000,0.0106
S3.0878.04,2.0000,344,0.0480,1.5177,-0.0106,0.0068,,2.5000,0.0106
S3.0878.52,0.0000,565,0.0295,2.1307,0.0105,-0.0020,,2.5000,0.0104
S3.0878.52,0.0500,556,0.0591,2.1307,0.0121,0.0133,,2.5000,0.0104
S3.0878.52,0.0700,240,0.0849,2.1270,0.0161,0.0148,0.2000,2.5000,0.0104
S3.0878.52,0.1000,409,0.1071,1.6174,0.0036,,,2.5000,0.0104
S3.0878.52,0.2000,282,0.1034,2.1270,0.0114,0.0130,,2.5000,0.0104
S3.0878.52,0.5000,196,0.0369,0.8641,0.0043,0.0102,,2.5000,0.0104
S3.0878.52,1.0000,567,0.0406,2.1307,0.0049,0.0090,,2.5000,0.0104
S3.0878.52,2.0000,181,0.0406,0.7755,-0.0139,0.0079,,2.5000,0.0104
S3.0878.76,0.0000,570,0.0295,2.1307,0.0076,0.0094,,2.5000,0.0136
S3.0878.76,0.0500,557,0.0517,2.1307,0.0192,0.0112,,2.5000,0.0136
S3.0878.76,0.0700,150,0.7903,2.1307,0.0211,0.0159,,2.5000,0.0136
S3.0878.76,0.1000,413,0.0960,1.6174,0.0095,,,2.5000,0.0136
S3.0878.76,0.2000,351,0.0739,2.1307,0.0144,0.0043,,2.5000,0.0136
S3.0878.76,0.5000,480,0.0332,2.1307,0.0136,0.0157,,2.5000,0.0136
S3.0878.76,1.0000,400,0.0443,1.5177,0.0050,0.0091,,2.5000,0.0136
S3.0878.76,2.0000,170,0.0591,0.7755,-0.0182,-0.0152,,2.5000,0.0136
S3.0878.84,0.0000,569,0.0295,2.1307,0.0055,0.0122,,2.5000,0.0126
S3.0878.84,0.0500,554,0.0591,2.1307,0.0176,0.0163,,2.5000,0.0126
S3.0878.84,0.0700,210,0.7459,2.1307,0.0151,0.0126,,2.5000,0.0126
S3.0878.84,0.1000,413,0.0960,1.6174,0.0114,,,2.5000,0.0126
S3.0878.84,0.2000,369,0.0812,2.1307,0.0109,0.0087,,2.5000,0.0126
S3.0878.84,0.5000,487,0.0332,2.1307,0.0128,0.0188,,2.5000,0.0126
S3.0878.84,1.0000,400,0.0443,1.5177,0.0052,0.0113,,2.5000,0.0126
S3.0878.84,2.0000,178,0.0369,0.7755,-0.0179,-0.0129,,2.5000,0.0126
S3.0879.72,0.0000,566,0.0332,2.1307,0.0093,0.0130,,2.5000,0.0088
S3.0879.72,0.0500,551,0.0517,2.1270,0.0109,0.0082,,2.5000,0.0088
S3.0879.72,0.0700,438,0.0628,2.1307,0.0028,-0.0010,,2.5000,0.0088
S3.0879.72,0.1000,455,0.0739,2.1270,0.0173,0.0123,,2.5000,0.0088
S3.0879.72,0.2000,518,0.0739,2.1307,0.0114,0.0110,,2.5000,0.0088
S3.0879.72,0.5000,492,0.0332,2.1307,0.0061,-0.0020,,2.5000,0.0088
S3.0879.72,1.0000,400,0.0443,1.5177,-0.0052,-0.0091,,2.5000,0.0088
S3.0879.72,2.0000,182,0.0332,0.7755,-0.0084,0.0028,,2.5000,0.0088
S3.1678.52,0.0000,567,0.0295,2.1307,0.0089,-0.0010,,2.5000,0.0104
S3.1678.52,0.0500,556,0.0591,2.1307,0.0141,0.0163,,2.5000,0.0104
S3.1678.52,0.0700,261,0.0775,2.1307,0.0105,0.0120,0.2000,2.5000,0.0104
S3.1678.52,0.1000,410,0.1034,1.6174,-0.0008,,,2.5000,0.0104
S3.1678.52,0.2000,391,0.0739,2.1307,0.0121,0.0152,,2.5000,0.0104
S3.1678.52,0.5000,386,0.0332,2.1307,0.0082,0.0102,,2.5000,0.0104
S3.1678.52,1.0000,401,0.0406,1.5177,0.0067,0.0165,,2.5000,0.0104
S3.1678.52,2.0000,181,0.0332,0.7755,-0.0118,-0.0029,,2.5000,0.0104
S3.1679.24,0.0000,567,0.0406,2.1307,0.0116,0.0141,,2.5000,0.0102
S3.1679.24,0.0500,561,0.0517,2.1307,0.0141,0.0117,,2.5000,0.0102
S3.1679.24,0.0700,403,0.0775,2.1270,0.0114,0.0102,,2.5000,0.0102
S3.1679.24,0.1000,417,0.0739,1.6174,0.0114,,,2.5000,0.0102
S3.1679.24,0.2000,470,0.0739,2.1270,0.0046,-0.0020,,2.5000,0.0102
S3.1679.24,0.5000,488,0.0332,2.1307,0.0080,0.0102,,2.5000,0.0102
S3.1679.24,1.0000,400,0.0443,1.5177,0.0002,-0.0015,,2.5000,0.0102
S3.1679.24,2.0000,182,0.0332,0.7755,-0.0091,0.0050,,2.5000,0.0102
S3.2479.32,0.0000,567,0.0406,2.1307,0.0076,0.0202,,2.5000,0.0089
S3.2479.32,0.0500,556,0.0517,2.1307,0.0140,0.0150,,2.5000,0.0089
S3.2479.32,0.0700,424,0.0554,2.1307,0.0086,0.0052,,2.5000,0.0089
S3.2479.32,0.1000,432,0.0739,2.1307,0.0163,0.0127,,2.5000,0.0089
S3.2479.32,0.2000,501,0.0739,2.1307,0.0021,0.0036,,2.5000,0.0089
S3.2479.32,0.5000,476,0.0332,2.1307,0.0081,0.0086,,2.5000,0.0089
S3.2479.32,1.0000,400,0.0443,1.5177,-0.0119,-0.0076,,2.5000,0.0089
S3.2479.32,2.0000,178,0.0443,0.7755,-0.0135,0.0091,,2.5000,0.0089
S3.2479.48,0.0000,566,0.0369,2.1307,0.0139,0.0178,,2.5000,0.0085
S3.2479.48,0.0500,556,0.0517,2.1270,0.0099,0.0128,,2.5000,0.0085
S3.2479.48,0.0700,429,0.0591,2.1307,-0.0000,-0.0020,,2.5000,0.0085
S3.2479.48,0.1000,447,0.0739,2.1307,0.0149,0.0160,,2.5000,0.0085
S3.2479.48,0.2000,508,0.0554,2.1307,0.0060,0.0077,,2.5000,0.0085
S3.2479.48,0.5000,485,0.0332,2.1307,0.0094,0.0045,,2.5000,0.0085
S3.2479.48,1.0000,400,0.0443,1.5177,-0.0005,0.0009,,2.5000,0.0085
S3.2479.48,2.0000,176,0.0443,0.7755,-0.0102,0.0074,,2.5000,0.0085
S3.2479.80,0.0000,566,0.0406,2.1307,0.0147,0.0102,,2.5000,0.0093
S3.2479.80,0.0500,556,0.0517,2.1307,0.0049,0.0066,,2.5000,0.0093
S3.2479.80,0.0700,455,0.0591,2.1270,0.0102,0.0053,,2.5000,0.0093
S3.2479.80,0.1000,471,0.0775,2.1307,0.0126,0.0117,,2.5000,0.0093
S3.2479.80,0.2000,511,0.0775,2.1344,0.0162,0.0134,,2.5000,0.0093
S3.2479.80,0.5000,476,0.0332,2.1307,0.0044,0.0037,,2.5000,0.0093
S3.2479.80,1.0000,400,0.0443,1.5177,-0.0055,0.0011,,2.5000,0.0093
S3.2479.80,2.0000,180,0.0443,0.7755,-0.0192,0.0085,,2.5000,0.0093
S3.2479.88,0.0000,570,0.0295,2.1307,0.0108,0.0072,,2.5000,0.0087
S3.2479.88,0.0500,552,0.0517,2.1307,0.0053,0.0068,,2.5000,0.0087
S3.2479.88,0.0700,449,0.0665,2.1307,0.0114,0.0102,,2.5000,0.0087
S3.2479.88,0.1000,475,0.0812,2.1270,0.0141,0.0119,,2.5000,0.0087
S3.2479.88,0.2000,513,0.0739,2.1307,0.0139,0.0163,,2.5000,0.0087
S3.2479.88,0.5000,488,0.0332,2.1307,0.0068,-0.0001,,2.5000,0.0087
S3.2479.88,1.0000,400,0.0443,1.5177,-0.0048,0.0043,,2.5000,0.0087
S3.2479.88,2.0000,178,0.0406,0.7755,0.0180,-0.0027,,2.5000,0.0087
S3.2479.96,0.0000,569,0.0295,2.1307,0.0199,0.0115,,2.5000,0.0101
S3.2479.96,0.0500,556,0.0332,2.1307,0.0010,0.0023,,2.5000,0.0101
S3.2479.96,0.0700,453,0.0702,2.1307,0.0114,0.0102,,2.5000,0.0101
S3.2479.96,0.1000,480,0.0812,2.1270,0.0160,0.0100,,2.5000,0.0101
S3.2479.96,0.2000,512,0.0739,2.1307,0.0204,0.0160,,2.5000,0.0101
S3.2479.96,0.5000,485,0.0295,2.1307,0.0035,0.0021,,2.5000,0.0101
S3.2479.96,1.0000,400,0.0443,1.5177,-0.0043,0.0041,,2.5000,0.0101
S3.2479.96,2.0000,178,0.0406,0.7755,-0.0126,0.0058,,2.5000,0.0101
S3.2480.04,0.0000,569,0.0295,2.1307,0.0213,0.0102,,2.5000,0.0102
S3.2480.04,0.0500,558,0.0332,2.1307,0.0053,0.0033,,2.5000,0.0102
S3.2480.04,0.0700,450,0.0517,2.1307,0.0113,0.0102,,2.5000,0.0102
S3.2480.04,0.1000,487,0.0739,2.1307,0.0126,0.0120,,2.5000,0.0102
S3.2480.04,0.2000,511,0.0739,2.1307,0.0114,0.0179,,2.5000,0.0102
S3.2480.04,0.5000,484,0.0332,2.1307,0.0101,-0.0020,,2.5000,0.0102
S3.2480.04,1.0000,400,0.0443,1.5177,-0.0037,0.0043,,2.5000,0.0102
S3.2480.04,2.0000,181,0.0332,0.7755,-0.0109,0.0049,,2.5000,0.0102
S3.3279.08,0.0000,569,0.0295,2.1307,0.0004,0.0143,,2.5000,0.0113
S3.3279.08,0.0500,555,0.0517,2.1307,0.0154,0.0149,,2.5000,0.0113
S3.3279.08,0.0700,398,0.0775,2.1307,0.0114,0.0096,,2.5000,0.0113
S3.3279.08,0.1000,413,0.0960,1.6174,0.0114,,,2.5000,0.0113
S3.3279.08,0.2000,474,0.0775,2.1307,0.0084,-0.0020,,2.5000,0.0113
S3.3279.08,0.5000,484,0.0369,2.1307,0.0113,0.0123,,2.5000,0.0113
S3.3279.08,1.0000,400,0.0443,1.5177,0.0053,-0.0055,,2.5000,0.0113
S3.3279.08,2.0000,181,0.0369,0.7755,-0.0137,0.0067,,2.5000,0.0113
S3.3279.32,0.0000,568,0.0295,2.1307,0.0066,0.0102,,2.5000,0.0067
S3.3279.32,0.0500,558,0.0517,2.1307,0.0145,0.0102,,2.5000,0.0067
S3.3279.32,0.0700,414,0.0739,2.1307,0.0048,0.0019,,2.5000,0.0067
S3.3279.32,0.1000,434,0.0739,2.1307,0.0157,0.0137,,2.5000,0.0067
S3.3279.32,0.2000,503,0.0739,2.1307,0.0023,0.0102,,2.5000,0.0067
S3.3279.32,0.5000,487,0.0369,2.1307,0.0089,0.0060,,2.5000,0.0067
S3.3279.32,1.0000,400,0.0443,1.5177,-0.0062,-0.0068,,2.5000,0.0067
S3.3279.32,2.0000,178,0.0443,0.7755,-0.0025,0.0014,,2.5000,0.0067
S3.3279.72,0.0000,567,0.0406,2.1307,0.0120,0.0072,,2.5000,0.0099
S3.3279.72,0.0500,552,0.0517,2.1307,0.0074,0.0102,,2.5000,0.0099
S3.3279.72,0.0700,448,0.0665,2.1307,0.0054,0.0096,,2.5000,0.0099
S3.3279.72,0.1000,468,0.0775,2.1270,0.0142,0.0156,,2.5000,0.0099
S3.3279.72,0.2000,513,0.0775,2.1307,0.0114,0.0123,,2.5000,0.0099
S3.3279.72,0.5000,486,0.0332,2.1307,-0.0020,-0.0036,,2.5000,0.0099
S3.3279.72,1.0000,400,0.0443,1.5177,-0.0121,0.0113,,2.5000,0.0099
S3.3279.72,2.0000,173,0.0332,0.7755,-0.0057,-0.0019,,2.5000,0.0099
S3.3279.80,0.0000,564,0.0443,2.1307,0.0084,0.0102,,2.5000,0.0102
S3.3279.80,0.0500,554,0.0332,2.1307,0.0067,0.0052,,2.5000,0.0102
S3.3279.80,0.0700,458,0.0812,2.1307,0.0100,0.0102,,2.5000,0.0102
S3.3279.80,0.1000,477,0.0739,2.1307,0.0136,0.0162,,2.5000,0.0102
S3.3279.80,0.2000,511,0.0739,2.1307,0.0141,0.0144,,2.5000,0.0102
S3.3279.80,0.5000,486,0.0332,2.1307,0.0009,0.0005,,2.5000,0.0102
S3.3279.80,1.0000,400,0.0443,1.5177,-0.0134,0.0105,,2.5000,0.0102
S3.3279.80,2.0000,172,0.0554,0.7755,-0.0121,0.0019,,2.5000,0.0102
S3.3279.88,0.0000,564,0.0295,2.1307,0.0079,0.0106,,2.5000,0.0095
S3.3279.88,0.0500,557,0.0332,2.1307,0.0032,0.0022,,2.5000,0.0095
S3.3279.88,0.0700,455,0.0369,2.1307,0.0114,0.0102,,2.5000,0.0095
S3.3279.88,0.1000,482,0.0775,2.1307,0.0117,0.0137,,2.5000,0.0095
S3.3279.88,0.2000,520,0.0739,2.1307,0.0142,0.0163,,2.5000,0.0095
S3.3279.88,0.5000,476,0.0332,2.1307,-0.0004,0.0033,,2.5000,0.0095
S3.3279.88,1.0000,400,0.0443,1.5177,-0.0087,0.0044,,2.5000,0.0095
S3.3279.88,2.0000,175,0.0443,0.7755,-0.0135,-0.0083,,2.5000,0.0095
S3.3279.96,0.0000,565,0.0369,2.1307,0.0123,0.0147,,2.5000,0.0109
S3.3279.96,0.0500,558,0.0369,2.1307,0.0004,-0.0006,,2.5000,0.0109
S3.3279.96,0.0700,453,0.0517,2.1307,0.0115,0.0102,,2.5000,0.0109
S3.3279.96,0.1000,488,0.0739,2.1270,0.0116,0.0129,,2.5000,0.0109
S3.3279.96,0.2000,513,0.0739,2.1307,0.0162,0.0163,,2.5000,0.0109
S3.3279.96,0.5000,490,0.0295,2.1307,0.0024,0.0074,,2.5000,0.0109
S3.3279.96,1.0000,400,0.0443,1.5177,-0.0040,0.0046,,2.5000,0.0109
S3.3279.96,2.0000,179,0.0443,0.7755,-0.0197,0.0075,,2.5000,0.0109
S3.4078.52,0.0000,567,0.0332,2.1307,0.0045,0.0163,,2.5000,0.0111
S3.4078.52,0.0500,554,0.0517,2.1270,0.0159,0.0185,,2.5000,0.0111
S3.4078.52,0.0700,366,0.0775,2.1307,0.0149,-0.0002,0.2000,2.5000,0.0111
S3.4078.52,0.1000,410,0.1034,1.6174,-0.0008,,,2.5000,0.0111
S3.4078.52,0.2000,376,0.0739,2.1307,0.0116,0.0103,,2.5000,0.0111
S3.4078.52,0.5000,287,0.0369,1.3183,0.0072,0.0165,,2.5000,0.0111
S3.4078.52,1.0000,400,0.0443,1.5177,0.0031,0.0111,,2.5000,0.0111
S3.4078.52,2.0000,185,0.0369,0.7755,-0.0173,-0.0015,,2.5000,0.0111
S3.4078.60,0.0000,570,0.0295,2.1307,0.0030,0.0137,,2.5000,0.0114
S3.4078.60,0.0500,556,0.0517,2.1307,0.0114,0.0133,,2.5000,0.0114
S3.4078.60,0.0700,149,0.8604,2.1307,0.0219,0.0169,,2.5000,0.0114
S3.4078.60,0.1000,410,0.1034,1.6174,0.0078,,,2.5000,0.0114
S3.4078.60,0.2000,352,0.0775,2.1270,0.0193,0.0063,,2.5000,0.0114
S3.4078.60,0.5000,488,0.0369,2.1307,0.0111,0.0174,,2.5000,0.0114
S3.4078.60,1.0000,400,0.0443,1.5177,0.0050,0.0100,,2.5000,0.0114
S3.4078.60,2.0000,181,0.0369,0.7755,-0.0246,-0.0031,,2.5000,0.0114
S3.4079.96,0.0000,569,0.0332,2.1307,0.0161,0.0144,,2.5000,0.0121
S3.4079.96,0.0500,555,0.0332,2.1307,0.0020,-0.0020,,2.5000,0.0121
S3.4079.96,0.0700,453,0.0517,2.1307,0.0114,0.0102,,2.5000,0.0121
S3.4079.96,0.1000,491,0.0739,2.1307,0.0127,0.0142,,2.5000,0.0121
S3.4079.96,0.2000,518,0.0739,2.1307,0.0160,0.0165,,2.5000,0.0121
S3.4079.96,0.5000,479,0.0332,2.1307,-0.0010,0.0078,,2.5000,0.0121
S3.4079.96,1.0000,400,0.0443,1.5177,-0.0134,0.0005,,2.5000,0.0121
S3.4079.96,2.0000,176,0.0406,0.7755,-0.0140,-0.0005,,2.5000,0.0121
S3.4878.60,0.0000,568,0.0295,2.1307,0.0002,0.0122,,2.5000,0.0114
S3.4878.60,0.0500,558,0.0517,2.1307,0.0114,0.0143,,2.5000,0.0114
S3.4878.60,0.0700,186,0.7644,2.1307,0.0178,0.0181,,2.5000,0.0114
S3.4878.60,0.1000,412,0.0960,1.6174,0.0114,,,2.5000,0.0114
S3.4878.60,0.2000,367,0.0775,2.1307,0.0195,0.0054,,2.5000,0.0114
S3.4878.60,0.5000,461,0.1588,2.1307,0.0104,0.0198,,2.5000,0.0114
S3.4878.60,1.0000,400,0.0443,1.5177,0.0023,0.0099,,2.5000,0.0114
S3.4878.60,2.0000,179,0.0480,0.7755,-0.0117,-0.0073,,2.5000,0.0114
S3.4879.16,0.0000,568,0.0295,2.1307,0.0161,0.0185,,2.5000,0.0088
S3.4879.16,0.0500,554,0.0517,2.1307,0.0146,0.0117,,2.5000,0.0088
S3.4879.16,0.0700,418,0.0554,2.1307,0.0074,0.0050,,2.5000,0.0088
S3.4879.16,0.1000,428,0.0739,2.1307,0.0128,0.0160,,2.5000,0.0088
S3.4879.16,0.2000,492,0.0739,2.1270,-0.0000,0.0006,,2.5000,0.0088
S3.4879.16,0.5000,480,0.0332,2.1307,0.0087,0.0065,,2.5000,0.0088
S3.4879.16,1.0000,400,0.0443,1.5177,-0.0089,-0.0057,,2.5000,0.0088
S3.4879.16,2.0000,179,0.0406,0.7755,-0.0132,0.0001,,2.5000,0.0088
S3.4879.56,0.0000,567,0.0406,2.1307,0.0193,0.0131,,2.5000,0.0095
S3.4879.56,0.0500,551,0.0517,2.1270,0.0073,0.0102,,2.5000,0.0095
S3.4879.56,0.0700,452,0.0591,2.1270,0.0060,0.0023,,2.5000,0.0095
S3.4879.56,0.1000,462,0.0739,2.1307,0.0175,0.0129,,2.5000,0.0095
S3.4879.56,0.2000,515,0.0739,2.1307,0.0112,0.0102,,2.5000,0.0095
S3.4879.56,0.5000,494,0.0295,2.1307,0.0023,-0.0031,,2.5000,0.0095
S3.4879.56,1.0000,400,0.0443,1.5177,0.0034,0.0108,,2.5000,0.0095
S3.4879.56,2.0000,177,0.0295,0.7755,-0.0088,-0.0005,,2.5000,0.0095
S3.4879.96,0.0000,569,0.0332,2.1307,0.0108,0.0085,,2.5000,0.0087
S3.4879.96,0.0500,561,0.0332,2.1307,0.0015,-0.0013,,2.5000,0.0087
S3.4879.96,0.0700,455,0.0775,2.1307,0.0124,0.0102,,2.5000,0.0087
S3.4879.96,0.1000,492,0.0739,2.1270,0.0114,0.0090,,2.5000,0.0087
S3.4879.96,0.2000,515,0.0739,2.1307,0.0163,0.0203,,2.5000,0.0087
S3.4879.96,0.5000,483,0.0295,2.1307,0.0016,0.0102,,2.5000,0.0087
S3.4879.96,1.0000,400,0.0443,1.5177,-0.0029,0.0018,,2.5000,0.0087
S3.4879.96,2.0000,177,0.0295,0.7755,-0.0063,-0.0024,,2.5000,0.0087
S3.4880.20,0.0000,561,0.0295,2.1307,0.0165,0.0058,,2.5000,0.0083
S3.4880.20,0.0500,559,0.0332,2.1307,0.0017,-0.0017,,2.5000,0.0083
S3.4880.20,0.0700,454,0.0554,2.1307,0.0114,0.0114,,2.5000,0.0083
S3.4880.20,0.1000,505,0.0739,2.1307,0.0114,0.0067,,2.5000,0.0083
S3.4880.20,0.2000,514,0.0554,2.1307,0.0173,0.0161,,2.5000,0.0083
S3.4880.20,0.5000,472,0.0332,2.1307,-0.0004,0.0006,,2.5000,0.0083
S3.4880.20,1.0000,400,0.0443,1.5177,-0.0100,0.0016,,2.5000,0.0083
S3.4880.20,2.0000,176,0.0406,0.7755,-0.0148,-0.0047,,2.5000,0.0083
S3.5679.64,0.0000,568,0.0295,2.1307,0.0175,0.0102,,2.5000,0.0099
S3.5679.64,0.0500,563,0.0332,2.1307,0.0053,0.0068,,2.5000,0.0099
S3.5679.64,0.0700,457,0.0628,2.1270,0.0097,0.0102,,2.5000,0.0099
S3.5679.64,0.1000,473,0.0739,2.1270,0.0138,0.0116,,2.5000,0.0099
S3.5679.64,0.2000,506,0.0739,2.1307,0.0135,0.0204,,2.5000,0.0099
S3.5679.64,0.5000,490,0.0332,2.1307,-0.0053,0.0041,,2.5000,0.0099
S3.5679.64,1.0000,401,0.0406,1.5177,0.0048,0.0077,,2.5000,0.0099
S3.5679.64,2.0000,182,0.0295,0.7755,-0.0131,0.0024,,2.5000,0.0099
S3.5680.04,0.0000,569,0.0332,2.1307,0.0089,0.0038,,2.5000,0.0088
S3.5680.04,0.0500,560,0.0332,2.1307,0.0022,0.0006,,2.5000,0.0088
S3.5680.04,0.0700,455,0.0517,2.1307,0.0146,0.0102,,2.5000,0.0088
S3.5680.04,0.1000,496,0.0812,2.1270,0.0114,0.0105,,2.5000,0.0088
S3.5680.04,0.2000,523,0.0517,2.1307,0.0140,0.0163,,2.5000,0.0088
S3.5680.04,0.5000,479,0.0295,2.1307,0.0001,0.0088,,2.5000,0.0088
S3.5680.04,1.0000,400,0.0443,1.5177,-0.0069,0.0034,,2.5000,0.0088
S3.5680.04,2.0000,186,0.0480,0.7755,-0.0101,-0.0036,,2.5000,0.0088
S3.5680.12,0.0000,565,0.0295,2.1307,0.0126,-0.0017,,2.5000,0.0076
S3.5680.12,0.0500,557,0.0332,2.1307,0.0024,-0.0020,,2.5000,0.0076
S3.5680.12,0.0700,459,0.0665,2.1307,0.0114,0.0102,,2.5000,0.0076
S3.5680.12,0.1000,502,0.0739,2.1307,0.0114,0.0051,,2.5000,0.0076
S3.5680.12,0.2000,519,0.0554,2.1307,0.0171,0.0146,,2.5000,0.0076
S3.5680.12,0.5000,484,0.0295,2.1307,0.0003,0.0094,,2.5000,0.0076
S3.5680.12,1.0000,400,0.0443,1.5177,-0.0040,0.0050,,2.5000,0.0076
S3.5680.12,2.0000,173,0.0443,0.7755,-0.0197,0.0059,,2.5000,0.0076
S3.6478.60,0.0000,569,0.0295,2.1307,0.0052,0.0173,,2.5000,0.0136
S3.6478.60,0.0500,553,0.0517,2.1307,0.0179,0.0143,,2.5000,0.0136
S3.6478.60,0.0700,233,0.6942,2.1307,0.0136,0.0139,,2.5000,0.0136
S3.6478.60,0.1000,413,0.0960,1.6174,0.0114,,,2.5000,0.0136
S3.6478.60,0.2000,400,0.0775,2.1270,0.0100,0.0082,,2.5000,0.0136
S3.6478.60,0.5000,454,0.1514,2.1307,0.0148,0.0144,,2.5000,0.0136
S3.6478.60,1.0000,400,0.0443,1.5177,0.0119,0.0085,,2.5000,0.0136
S3.6478.60,2.0000,176,0.0406,0.7755,-0.0170,-0.0009,,2.5000,0.0136
S3.6478.92,0.0000,569,0.0295,2.1307,0.0074,0.0102,,2.5000,0.0102
S3.6478.92,0.0500,555,0.0517,2.1307,0.0114,0.0102,,2.5000,0.0102
S3.6478.92,0.0700,400,0.0775,2.1270,0.0114,0.0102,,2.5000,0.0102
S3.6478.92,0.1000,412,0.0886,1.6174,0.0114,,,2.5000,0.0102
S3.6478.92,0.2000,467,0.0739,2.1307,0.0058,-0.0020,,2.5000,0.0102
S3.6478.92,0.5000,486,0.0332,2.1307,0.0111,0.0102,,2.5000,0.0102
S3.6478.92,1.0000,400,0.0443,1.5177,-0.0045,0.0024,,2.5000,0.0102
S3.6478.92,2.0000,179,0.0369,0.7755,-0.0081,-0.0023,,2.5000,0.0102
S3.6479.24,0.0000,567,0.0369,2.1307,0.0211,0.0157,,2.5000,0.0098
S3.6479.24,0.0500,554,0.0591,2.1307,0.0114,0.0102,,2.5000,0.0098
S3.6479.24,0.0700,436,0.0591,2.1270,-0.0008,0.0002,,2.5000,0.0098
S3.6479.24,0.1000,443,0.0739,2.1307,0.0161,0.0130,,2.5000,0.0098
S3.6479.24,0.2000,518,0.0775,2.1307,0.0050,0.0102,,2.5000,0.0098
S3.6479.24,0.5000,489,0.0332,2.1307,0.0058,0.0026,,2.5000,0.0098
S3.6479.24,1.0000,400,0.0443,1.5177,-0.0094,-0.0010,,2.5000,0.0098
S3.6479.24,2.0000,180,0.0332,0.7755,-0.0135,0.0010,,2.5000,0.0098
S3.6479.64,0.0000,567,0.0295,2.1307,0.0164,0.0074,,2.5000,0.0098
S3.6479.64,0.0500,559,0.0332,2.1307,0.0053,0.0046,,2.5000,0.0098
S3.6479.64,0.0700,458,0.0591,2.1307,0.0114,0.0094,,2.5000,0.0098
S3.6479.64,0.1000,477,0.0739,2.1307,0.0122,0.0170,,2.5000,0.0098
S3.6479.64,0.2000,514,0.0739,2.1307,0.0114,0.0163,,2.5000,0.0098
S3.6479.64,0.5000,485,0.0332,2.1307,0.0020,0.0084,,2.5000,0.0098
S3.6479.64,1.0000,401,0.0406,1.5177,0.0008,0.0183,,2.5000,0.0098
S3.6479.64,2.0000,176,0.0332,0.7755,-0.0102,-0.0012,,2.5000,0.0098
S3.6479.72,0.0000,570,0.0295,2.1307,0.0122,0.0102,,2.5000,0.0101
S3.6479.72,0.0500,552,0.0517,2.1307,0.0013,0.0018,,2.5000,0.0101
S3.6479.72,0.0700,474,0.0517,2.1307,0.0107,0.0102,,2.5000,0.0101
S3.6479.72,0.1000,483,0.0739,2.1270,0.0127,0.0099,,2.5000,0.0101
S3.6479.72,0.2000,516,0.0702,2.1307,0.0195,0.0158,,2.5000,0.0101
S3.6479.72,0.5000,484,0.0332,2.1307,-0.0004,0.0093,,2.5000,0.0101
S3.6479.72,1.0000,401,0.0406,1.5177,-0.0004,0.0063,,2.5000,0.0101
S3.6479.72,2.0000,191,0.0332,0.7755,-0.0102,0.0024,,2.5000,0.0101
S3.7279.64,0.0000,569,0.0332,2.1307,0.0094,0.0102,,2.5000,0.0092
S3.7279.64,0.0500,553,0.0369,2.1307,0.0020,0.0044,,2.5000,0.0092
S3.7279.64,0.0700,464,0.0517,2.1307,0.0090,0.0102,,2.5000,0.0092
S3.7279.64,0.1000,480,0.0739,2.1307,0.0114,0.0138,,2.5000,0.0092
S3.7279.64,0.2000,511,0.0739,2.1307,0.0185,0.0146,,2.5000,0.0092
S3.7279.64,0.5000,477,0.0332,2.1307,0.0026,0.0102,,2.5000,0.0092
S3.7279.64,1.0000,401,0.0406,1.5177,-0.0077,0.0032,,2.5000,0.0092
S3.7279.64,2.0000,191,0.0406,0.7755,-0.0051,-0.0024,,2.5000,0.0092
S3.7279.72,0.0000,569,0.0332,2.1307,0.0128,0.0102,,2.5000,0.0102
S3.7279.72,0.0500,559,0.0332,2.1307,0.0005,0.0044,,2.5000,0.0102
S3.7279.72,0.0700,456,0.0517,2.1307,0.0123,0.0102,,2.5000,0.0102
S3.7279.72,0.1000,485,0.0739,2.1307,0.0114,0.0154,,2.5000,0.0102
S3.7279.72,0.2000,503,0.0739,2.1307,0.0133,0.0175,,2.5000,0.0102
S3.7279.72,0.5000,483,0.0295,2.1307,-0.0044,0.0103,,2.5000,0.0102
S3.7279.72,1.0000,401,0.0406,1.5177,-0.0074,0.0063,,2.5000,0.0102
S3.7279.72,2.0000,189,0.0369,0.7755,-0.0053,0.0002,,2.5000,0.0102
S3.7279.80,0.0000,569,0.0295,2.1307,0.0143,0.0102,,2.5000,0.0102
S3.7279.80,0.0500,555,0.0517,2.1307,-0.0008,-0.0020,,2.5000,0.0102
S3.7279.80,0.0700,463,0.0739,2.1307,0.0114,0.0102,,2.5000,0.0102
S3.7279.80,0.1000,491,0.0739,2.1307,0.0114,0.0150,,2.5000,0.0102
S3.7279.80,0.2000,519,0.0739,2.1307,0.0140,0.0127,,2.5000,0.0102
S3.7279.80,0.5000,485,0.0332,2.1307,-0.0034,0.0102,,2.5000,0.0102
S3.7279.80,1.0000,401,0.0406,1.5177,-0.0091,0.0080,,2.5000,0.0102
S3.7279.80,2.0000,187,0.0591,0.7755,,-0.0001,,2.5000,0.0102
S3.8078.76,0.0000,569,0.0295,2.1307,0.0035,0.0133,,2.5000,0.0102
S3.8078.76,0.0500,549,0.0517,2.1307,0.0137,0.0163,,2.5000,0.0102
S3.8078.76,0.0700,400,0.0739,2.1307,0.0114,0.0102,,2.5000,0.0102
S3.8078.76,0.1000,419,0.0739,1.6174,0.0114,,,2.5000,0.0102
S3.8078.76,0.2000,455,0.0739,2.1307,0.0076,0.0015,,2.5000,0.0102
S3.8078.76,0.5000,482,0.0369,2.1307,0.0139,0.0102,,2.5000,0.0102
S3.8078.76,1.0000,400,0.0443,1.5177,0.0020,0.0028,,2.5000,0.0102
S3.8078.76,2.0000,182,0.0369,0.7755,-0.0056,0.0003,,2.5000,0.0102
S3.8079.80,0.0000,569,0.0295,2.1307,0.0164,0.0102,,2.5000,0.0102
S3.8079.80,0.0500,554,0.0517,2.1307,0.0025,-0.0020,,2.5000,0.0102
S3.8079.80,0.0700,456,0.0702,2.1307,0.0142,0.0102,,2.5000,0.0102
S3.8079.80,0.1000,492,0.0812,2.1270,0.0114,0.0093,,2.5000,0.0102
S3.8079.80,0.2000,519,0.0739,2.1307,0.0167,0.0133,,2.5000,0.0102
S3.8079.80,0.5000,480,0.0332,2.1307,0.0012,0.0109,,2.5000,0.0102
S3.8079.80,1.0000,401,0.0406,1.5177,-0.0064,0.0126,,2.5000,0.0102
S3.8079.80,2.0000,192,0.0406,0.7755,-0.0053,-0.0005,,2.5000,0.0102
S3.8079.88,0.0000,567,0.0295,2.1307,0.0118,0.0121,,2.5000,0.0100
S3.8079.88,0.0500,556,0.0369,2.1307,-0.0011,-0.0020,,2.5000,0.0100
S3.8079.88,0.0700,461,0.0517,2.1270,0.0127,0.0102,,2.5000,0.0100
S3.8079.88,0.1000,499,0.0739,2.1307,0.0114,0.0069,,2.5000,0.0100
S3.8079.88,0.2000,519,0.0739,2.1307,0.0197,0.0130,,2.5000,0.0100
S3.8079.88,0.5000,474,0.0332,2.1307,-0.0017,0.0099,,2.5000,0.0100
S3.8079.88,1.0000,401,0.0406,1.5177,-0.0009,0.0047,,2.5000,0.0100
S3.8079.88,2.0000,134,0.0295,0.5576,0.0050,0.0101,,2.5000,0.0100
S3.8079.96,0.0000,570,0.0295,2.1307,0.0097,0.0013,,2.5000,0.0099
S3.8079.96,0.0500,562,0.0369,2.1307,0.0053,-0.0020,,2.5000,0.0099
S3.8079.96,0.0700,458,0.0591,2.1307,0.0151,0.0102,,2.5000,0.0099
S3.8079.96,0.1000,500,0.0812,2.1307,0.0114,0.0138,,2.5000,0.0099
S3.8079.96,0.2000,507,0.0554,2.1307,0.0141,0.0115,,2.5000,0.0099
S3.8079.96,0.5000,475,0.0369,2.1307,-0.0034,0.0102,,2.5000,0.0099
S3.8079.96,1.0000,400,0.0443,1.5177,0.0070,0.0163,,2.5000,0.0099
S3.8079.96,2.0000,195,0.0295,0.7755,-0.0048,-0.0049,,2.5000,0.0099
S3.8080.04,0.0000,570,0.0295,2.1307,0.0104,0.0021,,2.5000,0.0089
S3.8080.04,0.0500,558,0.0332,2.1307,0.0047,0.0019,,2.5000,0.0089
S3.8080.04,0.0700,455,0.0665,2.1307,0.0114,0.0102,,2.5000,0.0089
S3.8080.04,0.1000,505,0.0739,2.1307,0.0114,0.0071,,2.5000,0.0089
S3.8080.04,0.2000,519,0.0554,2.1270,0.0235,0.0136,,2.5000,0.0089
S3.8080.04,0.5000,476,0.0443,2.1307,-0.0076,0.0107,,2.5000,0.0089
S3.8080.04,1.0000,401,0.0406,1.5177,-0.0015,0.0028,,2.5000,0.0089
S3.8080.04,2.0000,184,0.0554,0.7755,-0.0135,-0.0046,,2.5000,0.0089
S3.8878.76,0.0000,567,0.0295,2.1307,0.0046,0.0120,,2.5000,0.0108
S3.8878.76,0.0500,556,0.0517,2.1307,0.0145,0.0130,,2.5000,0.0108
S3.8878.76,0.0700,391,0.0775,2.1307,0.0114,0.0102,,2.5000,0.0108
S3.8878.76,0.1000,419,0.0739,1.6174,0.0149,,,2.5000,0.0108
S3.8878.76,0.2000,467,0.0739,2.1307,0.0108,-0.0020,,2.5000,0.0108
S3.8878.76,0.5000,499,0.0369,2.1307,0.0108,0.0156,,2.5000,0.0108
S3.8878.76,1.0000,400,0.0443,1.5177,0.0022,-0.0042,,2.5000,0.0108
S3.8878.76,2.0000,182,0.0332,0.7755,-0.0096,0.0034,,2.5000,0.0108
S3.8879.64,0.0000,569,0.0332,2.1307,0.0144,0.0102,,2.5000,0.0114
S3.8879.64,0.0500,555,0.0517,2.1307,0.0008,0.0044,,2.5000,0.0114
S3.8879.64,0.0700,457,0.0591,2.1307,0.0114,0.0102,,2.5000,0.0114
S3.8879.64,0.1000,483,0.0775,2.1307,0.0114,0.0151,,2.5000,0.0114
S3.8879.64,0.2000,517,0.0739,2.1307,0.0156,0.0117,,2.5000,0.0114
S3.8879.64,0.5000,487,0.0332,2.1307,-0.0020,0.0148,,2.5000,0.0114
S3.8879.64,1.0000,401,0.0406,1.5177,0.0026,0.0157,,2.5000,0.0114
S3.8879.64,2.0000,194,0.0295,0.7755,-0.0226,-0.0005,,2.5000,0.0114
S3.9678.68,0.0000,569,0.0295,2.1307,0.0145,0.0101,,2.5000,0.0114
S3.9678.68,0.0500,549,0.0517,2.1307,0.0141,0.0163,,2.5000,0.0114
S3.9678.68,0.0700,402,0.0739,2.1307,0.0114,0.0102,,2.5000,0.0114
S3.9678.68,0.1000,419,0.0739,1.6174,0.0117,,,2.5000,0.0114
S3.9678.68,0.2000,455,0.0739,2.1307,0.0081,-0.0020,,2.5000,0.0114
S3.9678.68,0.5000,480,0.0369,2.1307,0.0129,0.0133,,2.5000,0.0114
S3.9678.68,1.0000,400,0.0443,1.5177,0.0020,0.0113,,2.5000,0.0114
S3.9678.68,2.0000,177,0.0628,0.7755,-0.0164,-0.0007,,2.5000,0.0114
S3.9679.16,0.0000,566,0.0332,2.1307,0.0059,0.0122,,2.5000,0.0067
S3.9679.16,0.0500,556,0.0517,2.1270,0.0114,0.0102,,2.5000,0.0067
S3.9679.16,0.0700,436,0.0628,2.1307,-0.0008,-0.0020,,2.5000,0.0067
S3.9679.16,0.1000,449,0.0812,2.1307,0.0164,0.0154,,2.5000,0.0067
S3.9679.16,0.2000,510,0.0739,2.1270,0.0075,0.0102,,2.5000,0.0067
S3.9679.16,0.5000,487,0.0332,2.1307,0.0026,-0.0028,,2.5000,0.0067
S3.9679.16,1.0000,401,0.0406,1.5177,0.0037,0.0005,,2.5000,0.0067
S3.9679.16,2.0000,182,0.0295,0.7755,-0.0131,-0.0049,,2.5000,0.0067
S3.9679.24,0.0000,566,0.0332,2.1307,0.0176,0.0072,,2.5000,0.0076
S3.9679.24,0.0500,554,0.0517,2.1270,0.0073,0.0102,,2.5000,0.0076
S3.9679.24,0.0700,440,0.0628,2.1307,0.0008,-0.0020,,2.5000,0.0076
S3.9679.24,0.1000,455,0.0739,2.1307,0.0152,0.0152,,2.5000,0.0076
S3.9679.24,0.2000,509,0.0702,2.1270,0.0127,0.0122,,2.5000,0.0076
S3.9679.24,0.5000,490,0.0332,2.1307,0.0017,-0.0046,,2.5000,0.0076
S3.9679.24,1.0000,401,0.0406,1.5177,0.0058,0.0084,,2.5000,0.0076
S3.9679.24,2.0000,176,0.0406,0.7755,-0.0079,0.0049,,2.5000,0.0076
S3.9679.32,0.0000,563,0.0406,2.1307,0.0142,0.0163,,2.5000,0.0098
S3.9679.32,0.0500,554,0.0517,2.1270,0.0083,0.0102,,2.5000,0.0098
S3.9679.32,0.0700,450,0.0295,2.1270,0.0073,-0.0020,,2.5000,0.0098
S3.9679.32,0.1000,462,0.0739,2.1307,0.0137,0.0138,,2.5000,0.0098
S3.9679.32,0.2000,515,0.0739,2.1307,0.0114,0.0153,,2.5000,0.0098
S3.9679.32,0.5000,488,0.0406,2.1307,-0.0063,0.0018,,2.5000,0.0098
S3.9679.32,1.0000,401,0.0406,1.5177,-0.0094,0.0044,,2.5000,0.0098
S3.9679.32,2.0000,175,0.0406,0.7755,-0.0105,0.0075,,2.5000,0.0098
S3.9679.40,0.0000,569,0.0332,2.1307,0.0218,0.0135,,2.5000,0.0104
S3.9679.40,0.0500,563,0.0332,2.1307,0.0090,0.0102,,2.5000,0.0104
S3.9679.40,0.0700,460,0.0591,2.1307,0.0080,0.0102,,2.5000,0.0104
S3.9679.40,0.1000,468,0.0739,2.1307,0.0114,0.0149,,2.5000,0.0104
S3.9679.40,0.2000,510,0.0739,2.1307,0.0142,0.0132,,2.5000,0.0104
S3.9679.40,0.5000,491,0.0332,2.1307,-0.0034,0.0088,,2.5000,0.0104
S3.9679.40,1.0000,401,0.0406,1.5177,0.0005,0.0107,,2.5000,0.0104
S3.9679.40,2.0000,180,0.0369,0.7755,-0.0107,0.0088,,2.5000,0.0104
S3.9679.64,0.0000,569,0.0332,2.1307,0.0031,0.0137,,2.5000,0.0098
S3.9679.64,0.0500,557,0.0517,2.1307,-0.0001,-0.0007,,2.5000,0.0098
S3.9679.64,0.0700,458,0.0591,2.1307,0.0114,0.0102,,2.5000,0.0098
S3.9679.64,0.1000,488,0.0739,2.1270,0.0114,0.0105,,2.5000,0.0098
S3.9679.64,0.2000,513,0.0702,2.1307,0.0184,0.0163,,2.5000,0.0098
S3.9679.64,0.5000,477,0.0332,2.1307,0.0008,0.0094,,2.5000,0.0098
S3.9679.64,1.0000,401,0.0406,1.5177,0.0009,0.0068,,2.5000,0.0098
S3.9679.64,2.0000,190,0.0332,0.7755,-0.0169,-0.0054,,2.5000,0.0098
S4.0478.68,0.0000,570,0.0295,2.1307,0.0046,0.0120,,2.5000,0.0103
S4.0478.68,0.0500,556,0.0517,2.1307,0.0148,0.0130,,2.5000,0.0103
S4.0478.68,0.0700,397,0.0775,2.1307,0.0114,0.0102,,2.5000,0.0103
S4.0478.68,0.1000,419,0.0739,1.6174,0.0149,,,2.5000,0.0103
S4.0478.68,0.2000,466,0.0739,2.1307,0.0114,-0.0020,,2.5000,0.0103
S4.0478.68,0.5000,460,0.1440,2.1307,0.0103,0.0141,,2.5000,0.0103
S4.0478.68,1.0000,400,0.0443,1.5177,0.0022,-0.0039,,2.5000,0.0103
S4.0478.68,2.0000,181,0.0369,0.7755,-0.0096,0.0022,,2.5000,0.0103
S4.0478.92,0.0000,566,0.0369,2.1307,0.0165,0.0131,,2.5000,0.0077
S4.0478.92,0.0500,559,0.0517,2.1307,0.0114,0.0113,,2.5000,0.0077
S4.0478.92,0.0700,413,0.0849,2.1307,0.0058,0.0068,,2.5000,0.0077
S4.0478.92,0.1000,432,0.0739,2.1270,0.0150,0.0144,,2.5000,0.0077
S4.0478.92,0.2000,501,0.0739,2.1307,0.0041,0.0028,,2.5000,0.0077
S4.0478.92,0.5000,488,0.0332,2.1307,0.0073,0.0062,,2.5000,0.0077
S4.0478.92,1.0000,400,0.0443,1.5177,-0.0029,-0.0008,,2.5000,0.0077
S4.0478.92,2.0000,176,0.0554,0.7755,-0.0081,-0.0084,,2.5000,0.0077
S4.0479.00,0.0000,564,0.0406,2.1307,0.0117,0.0144,,2.5000,0.0096
S4.0479.00,0.0500,555,0.0517,2.1307,0.0110,0.0137,,2.5000,0.0096
S4.0479.00,0.0700,425,0.0591,2.1307,0.0039,0.0042,,2.5000,0.0096
S4.0479.00,0.1000,441,0.0739,2.1307,0.0141,0.0159,,2.5000,0.0096
S4.0479.00,0.2000,503,0.0775,2.1307,0.0032,0.0082,,2.5000,0.0096
S4.0479.00,0.5000,490,0.0332,2.1307,0.0081,0.0039,,2.5000,0.0096
S4.0479.00,1.0000,401,0.0406,1.5177,-0.0127,-0.0037,,2.5000,0.0096
S4.0479.00,2.0000,183,0.0295,0.7755,-0.0129,0.0059,,2.5000,0.0096
S4.0479.16,0.0000,567,0.0332,2.1307,0.0090,0.0182,,2.5000,0.0082
S4.0479.16,0.0500,555,0.0517,2.1270,0.0114,0.0087,,2.5000,0.0082
S4.0479.16,0.0700,445,0.0628,2.1307,-0.0008,-0.0017,,2.5000,0.0082
S4.0479.16,0.1000,451,0.0739,2.1307,0.0161,0.0126,,2.5000,0.0082
S4.0479.16,0.2000,513,0.0739,2.1307,0.0077,0.0102,,2.5000,0.0082
S4.0479.16,0.5000,483,0.0332,2.1307,-0.0007,-0.0020,,2.5000,0.0082
S4.0479.16,1.0000,401,0.0406,1.5177,0.0077,0.0062,,2.5000,0.0082
S4.0479.16,2.0000,177,0.0295,0.7755,-0.0087,0.0006,,2.5000,0.0082
S4.0479.24,0.0000,567,0.0369,2.1307,0.0150,0.0130,,2.5000,0.0105
S4.0479.24,0.0500,550,0.0591,2.1270,0.0080,0.0074,,2.5000,0.0105
S4.0479.24,0.0700,442,0.0665,2.1307,0.0040,0.0007,,2.5000,0.0105
S4.0479.24,0.1000,459,0.0739,2.1307,0.0147,0.0158,,2.5000,0.0105
S4.0479.24,0.2000,516,0.0739,2.1270,0.0127,0.0116,,2.5000,0.0105
S4.0479.24,0.5000,493,0.0332,2.1307,0.0001,-0.0009,,2.5000,0.0105
S4.0479.24,1.0000,401,0.0406,1.5177,-0.0104,0.0061,,2.5000,0.0105
S4.0479.24,2.0000,171,0.0406,0.7755,-0.0203,-0.0105,,2.5000,0.0105
S4.0479.32,0.0000,565,0.0295,2.1307,0.0187,0.0102,,2.5000,0.0095
S4.0479.32,0.0500,561,0.0332,2.1307,0.0088,0.0072,,2.5000,0.0095
S4.0479.32,0.0700,445,0.0739,2.1307,0.0049,0.0042,,2.5000,0.0095
S4.0479.32,0.1000,464,0.0739,2.1307,0.0145,0.0154,,2.5000,0.0095
S4.0479.32,0.2000,508,0.0739,2.1307,0.0114,0.0185,,2.5000,0.0095
S4.0479.32,0.5000,487,0.0332,2.1307,0.0020,0.0077,,2.5000,0.0095
S4.0479.32,1.0000,401,0.0406,1.5177,-0.0015,0.0176,,2.5000,0.0095
S4.0479.32,2.0000,182,0.0295,0.7755,-0.0165,0.0040,,2.5000,0.0095
S4.0479.40,0.0000,564,0.0480,2.1307,0.0060,0.0179,,2.5000,0.0082
S4.0479.40,0.0500,561,0.0332,2.1307,0.0053,0.0071,,2.5000,0.0082
S4.0479.40,0.0700,454,0.0702,2.1270,0.0109,0.0073,,2.5000,0.0082
S4.0479.40,0.1000,471,0.0775,2.1270,0.0161,0.0123,,2.5000,0.0082
S4.0479.40,0.2000,507,0.0775,2.1307,0.0152,0.0158,,2.5000,0.0082
S4.0479.40,0.5000,485,0.0332,2.1307,-0.0041,0.0076,,2.5000,0.0082
S4.0479.40,1.0000,401,0.0406,1.5177,0.0021,0.0088,,2.5000,0.0082
S4.0479.40,2.0000,177,0.0369,0.7755,-0.0185,-0.0072,,2.5000,0.0082
S4.0479.64,0.0000,570,0.0295,2.1307,0.0158,0.0075,,2.5000,0.0116
S4.0479.64,0.0500,561,0.0369,2.1307,-0.0008,-0.0020,,2.5000,0.0116
S4.0479.64,0.0700,455,0.0702,2.1307,0.0114,0.0102,,2.5000,0.0116
S4.0479.64,0.1000,491,0.0739,2.1307,0.0114,0.0153,,2.5000,0.0116
S4.0479.64,0.2000,514,0.0739,2.1307,0.0183,0.0127,,2.5000,0.0116
S4.0479.64,0.5000,486,0.0332,2.1307,0.0024,0.0127,,2.5000,0.0116
S4.0479.64,1.0000,401,0.0406,1.5177,0.0115,0.0139,,2.5000,0.0116
S4.0479.64,2.0000,132,0.0406,0.5576,-0.0196,-0.0116,,2.5000,0.0116
S4.0480.04,0.0000,553,0.0923,2.1307,0.0018,0.0051,,2.5000,0.0088
S4.0480.04,0.0500,564,0.0369,2.1307,0.0014,-0.0020,,2.5000,0.0088
S4.0480.04,0.0700,456,0.0628,2.1307,0.0114,0.0102,,2.5000,0.0088
S4.0480.04,0.1000,508,0.0739,2.1307,0.0114,0.0102,,2.5000,0.0088
S4.0480.04,0.2000,525,0.0554,2.1307,0.0160,0.0130,,2.5000,0.0088
S4.0480.04,0.5000,466,0.0332,2.1307,-0.0001,0.0023,,2.5000,0.0088
S4.0480.04,1.0000,401,0.0406,1.5177,-0.0095,0.0113,,2.5000,0.0088
S4.0480.04,2.0000,172,0.0554,0.7755,-0.0081,-0.0035,,2.5000,0.0088
S4.1278.92,0.0000,564,0.0332,2.1307,0.0132,0.0212,,2.5000,0.0062
S4.1278.92,0.0500,558,0.0591,2.1307,0.0107,0.0087,,2.5000,0.0062
S4.1278.92,0.0700,422,0.0665,2.1270,0.0042,0.0034,,2.5000,0.0062
S4.1278.92,0.1000,434,0.0739,2.1307,0.0137,0.0134,,2.5000,0.0062
S4.1278.92,0.2000,510,0.0960,2.1307,-0.0008,0.0018,,2.5000,0.0062
S4.1278.92,0.5000,491,0.0295,2.1307,0.0042,0.0080,,2.5000,0.0062
S4.1278.92,1.0000,401,0.0406,1.5177,-0.0043,-0.0019,,2.5000,0.0062
S4.1278.92,2.0000,182,0.0295,0.7755,-0.0111,0.0001,,2.5000,0.0062
S4.1279.96,0.0000,570,0.0295,2.1307,0.0092,0.0065,,2.5000,0.0096
S4.1279.96,0.0500,559,0.0369,2.1307,0.0011,-0.0020,,2.5000,0.0096
S4.1279.96,0.0700,462,0.0517,2.1307,0.0114,0.0102,,2.5000,0.0096
S4.1279.96,0.1000,508,0.0739,2.1307,0.0114,0.0102,,2.5000,0.0096
S4.1279.96,0.2000,523,0.0554,2.1307,0.0145,0.0100,,2.5000,0.0096
S4.1279.96,0.5000,482,0.0295,2.1307,-0.0024,0.0112,,2.5000,0.0096
S4.1279.96,1.0000,401,0.0406,1.5177,0.0067,0.0165,,2.5000,0.0096
S4.1279.96,2.0000,194,0.0295,0.7755,0.0010,-0.0007,,2.5000,0.0096
S4.1280.12,0.0000,562,0.0295,2.1307,0.0085,0.0041,,2.5000,0.0093
S4.1280.12,0.0500,557,0.0332,2.1307,0.0014,0.0020,,2.5000,0.0093
S4.1280.12,0.0700,457,0.0591,2.1307,0.0114,0.0102,,2.5000,0.0093
S4.1280.12,0.1000,506,0.0739,2.1307,0.0114,0.0102,,2.5000,0.0093
S4.1280.12,0.2000,515,0.0591,2.1270,0.0170,0.0127,,2.5000,0.0093
S4.1280.12,0.5000,474,0.0295,2.1307,0.0101,-0.0004,,2.5000,0.0093
S4.1280.12,1.0000,401,0.0406,1.5177,0.0027,-0.0070,,2.5000,0.0093
S4.1280.12,2.0000,179,0.0406,0.7755,-0.0115,-0.0009,,2.5000,0.0093
S4.2079.40,0.0000,568,0.0332,2.1307,0.0164,0.0102,,2.5000,0.0102
S4.2079.40,0.0500,552,0.0332,2.1307,0.0028,0.0046,,2.5000,0.0102
S4.2079.40,0.0700,459,0.0517,2.1307,0.0102,0.0102,,2.5000,0.0102
S4.2079.40,0.1000,478,0.0775,2.1307,0.0124,0.0143,,2.5000,0.0102
S4.2079.40,0.2000,520,0.0739,2.1307,0.0163,0.0161,,2.5000,0.0102
S4.2079.40,0.5000,477,0.0332,2.1307,-0.0007,0.0092,,2.5000,0.0102
S4.2079.40,1.0000,401,0.0406,1.5177,0.0120,0.0094,,2.5000,0.0102
S4.2079.40,2.0000,189,0.0480,0.7755,-0.0218,-0.0006,,2.5000,0.0102
S4.2079.48,0.0000,569,0.0295,2.1307,0.0180,0.0120,,2.5000,0.0117
S4.2079.48,0.0500,555,0.0517,2.1307,0.0015,0.0045,,2.5000,0.0117
S4.2079.48,0.0700,454,0.0702,2.1307,0.0114,0.0102,,2.5000,0.0117
S4.2079.48,0.1000,485,0.0775,2.1307,0.0126,0.0154,,2.5000,0.0117
S4.2079.48,0.2000,519,0.0702,2.1307,0.0155,0.0178,,2.5000,0.0117
S4.2079.48,0.5000,483,0.0332,2.1307,0.0064,0.0079,,2.5000,0.0117
S4.2079.48,1.0000,401,0.0406,1.5177,0.0087,0.0069,,2.5000,0.0117
S4.2079.48,2.0000,188,0.0332,0.7755,-0.0211,-0.0119,,2.5000,0.0117
S4.2879.40,0.0000,569,0.0332,2.1307,0.0118,0.0086,,2.5000,0.0104
S4.2879.40,0.0500,558,0.0332,2.1307,0.0023,-0.0020,,2.5000,0.0104
S4.2879.40,0.0700,462,0.0702,2.1307,0.0114,0.0102,,2.5000,0.0104
S4.2879.40,0.1000,481,0.0739,2.1270,0.0114,0.0104,,2.5000,0.0104
S4.2879.40,0.2000,520,0.0702,2.1307,0.0166,0.0178,,2.5000,0.0104
S4.2879.40,0.5000,484,0.0332,2.1307,0.0010,0.0110,,2.5000,0.0104
S4.2879.40,1.0000,400,0.0443,1.5177,0.0059,0.0100,,2.5000,0.0104
S4.2879.40,2.0000,184,0.0628,0.7755,,-0.0110,,2.5000,0.0104
S4.2879.56,0.0000,569,0.0295,2.1307,0.0058,0.0081,,2.5000,0.0107
S4.2879.56,0.0500,558,0.0332,2.1307,-0.0034,-0.0020,,2.5000,0.0107
S4.2879.56,0.0700,473,0.0591,2.1307,0.0114,0.0102,,2.5000,0.0107
S4.2879.56,0.1000,490,0.0812,2.1270,0.0114,0.0103,,2.5000,0.0107
S4.2879.56,0.2000,523,0.0554,2.1307,0.0167,0.0131,,2.5000,0.0107
S4.2879.56,0.5000,482,0.0332,2.1307,-0.0003,0.0112,,2.5000,0.0107
S4.2879.56,1.0000,400,0.0443,1.5177,-0.0005,0.0150,,2.5000,0.0107
S4.2879.56,2.0000,129,0.0480,0.5576,-0.0278,-0.0159,,2.5000,0.0107
S4.3679.56,0.0000,568,0.0295,2.1307,0.0056,0.0028,,2.5000,0.0101
S4.3679.56,0.0500,556,0.0517,2.1307,0.0029,-0.0020,,2.5000,0.0101
S4.3679.56,0.0700,454,0.0591,2.1270,0.0114,0.0102,,2.5000,0.0101
S4.3679.56,0.1000,495,0.0739,2.1307,0.0114,0.0149,,2.5000,0.0101
S4.3679.56,0.2000,519,0.0554,2.1307,0.0155,0.0102,,2.5000,0.0101
S4.3679.56,0.5000,487,0.0332,2.1307,0.0070,0.0100,,2.5000,0.0101
S4.3679.56,1.0000,400,0.0443,1.5177,0.0018,0.0119,,2.5000,0.0101
S4.3679.56,2.0000,129,0.0332,0.5576,-0.0252,-0.0096,,2.5000,0.0101
S4.3679.80,0.0000,568,0.0332,2.1307,0.0092,0.0026,,2.5000,0.0102
S4.3679.80,0.0500,557,0.0369,2.1307,0.0034,-0.0017,,2.5000,0.0102
S4.3679.80,0.0700,459,0.0591,2.1307,0.0114,0.0102,,2.5000,0.0102
S4.3679.80,0.1000,506,0.0739,2.1307,0.0112,0.0102,,2.5000,0.0102
S4.3679.80,0.2000,530,0.0591,2.1307,0.0181,0.0090,,2.5000,0.0102
S4.3679.80,0.5000,479,0.0295,2.1307,0.0068,0.0111,,2.5000,0.0102
S4.3679.80,1.0000,400,0.0443,1.5177,0.0050,0.0131,,2.5000,0.0102
S4.3679.80,2.0000,133,0.0406,0.5576,-0.0169,-0.0196,,2.5000,0.0102
S4.3679.96,0.0000,570,0.0295,2.1307,0.0206,-0.0011,,2.5000,0.0079
S4.3679.96,0.0500,565,0.0332,2.1307,0.0053,-0.0020,,2.5000,0.0079
S4.3679.96,0.0700,458,0.0665,2.1307,0.0114,0.0102,,2.5000,0.0079
S4.3679.96,0.1000,508,0.0739,2.1270,0.0114,0.0102,,2.5000,0.0079
S4.3679.96,0.2000,514,0.0591,2.1307,0.0201,0.0102,,2.5000,0.0079
S4.3679.96,0.5000,474,0.0332,2.1307,-0.0002,0.0039,,2.5000,0.0079
S4.3679.96,1.0000,401,0.0406,1.5177,0.0060,0.0071,,2.5000,0.0079
S4.3679.96,2.0000,194,0.0295,0.7755,-0.0087,0.0029,,2.5000,0.0079
S4.3680.28,0.0000,550,0.0295,2.1307,0.0266,-0.0056,,2.5000,0.0114
S4.3680.28,0.0500,563,0.0369,2.1307,-0.0008,-0.0020,,2.5000,0.0114
S4.3680.28,0.0700,445,0.0591,2.1307,0.0114,0.0102,0.2000,2.5000,0.0114
S4.3680.28,0.1000,492,0.0665,2.1307,0.0114,0.0132,,2.5000,0.0114
S4.3680.28,0.2000,480,0.0591,2.1307,0.0114,0.0115,,2.5000,0.0114
S4.3680.28,0.5000,269,0.2622,2.1307,-0.0078,0.0296,,2.5000,0.0114
S4.3680.28,1.0000,400,0.0443,1.5177,0.0048,0.0077,,2.5000,0.0114
S4.3680.28,2.0000,176,0.0480,0.7755,-0.0171,-0.0142,,2.5000,0.0114
S4.6079.40,0.0000,569,0.0295,2.1307,0.0141,0.0081,,2.5000,0.0102
S4.6079.40,0.0500,561,0.0369,2.1307,-0.0040,-0.0020,,2.5000,0.0102
S4.6079.40,0.0700,463,0.0702,2.1307,0.0114,0.0102,,2.5000,0.0102
S4.6079.40,0.1000,492,0.0739,2.1270,0.0114,0.0092,,2.5000,0.0102
S4.6079.40,0.2000,523,0.0591,2.1307,0.0134,0.0143,,2.5000,0.0102
S4.6079.40,0.5000,475,0.0332,2.1307,0.0123,0.0078,,2.5000,0.0102
S4.6079.40,1.0000,400,0.0443,1.5177,0.0027,0.0094,,2.5000,0.0102
S4.6079.40,2.0000,126,0.0591,0.5576,,-0.0158,,2.5000,0.0102
S4.6879.16,0.0000,564,0.0332,2.1307,0.0166,0.0127,,2.5000,0.0113
S4.6879.16,0.0500,555,0.0369,2.1307,0.0007,0.0056,,2.5000,0.0113
S4.6879.16,0.0700,460,0.0702,2.1307,0.0114,0.0102,,2.5000,0.0113
S4.6879.16,0.1000,479,0.0739,2.1270,0.0114,0.0113,,2.5000,0.0113
S4.6879.16,0.2000,508,0.0739,2.1307,0.0166,0.0177,,2.5000,0.0113
S4.6879.16,0.5000,482,0.0332,2.1307,0.0037,0.0113,,2.5000,0.0113
S4.6879.16,1.0000,400,0.0443,1.5177,-0.0035,0.0056,,2.5000,0.0113
S4.6879.16,2.0000,190,0.0443,0.7755,-0.0306,-0.0022,,2.5000,0.0113
S4.8479.16,0.0000,566,0.0332,2.1307,0.0114,0.0106,,2.5000,0.0108
S4.8479.16,0.0500,560,0.0332,2.1307,0.0043,-0.0020,,2.5000,0.0108
S4.8479.16,0.0700,461,0.0591,2.1307,0.0114,0.0102,,2.5000,0.0108
S4.8479.16,0.1000,483,0.0739,2.1270,0.0114,0.0108,,2.5000,0.0108
S4.8479.16,0.2000,520,0.0554,2.1307,0.0114,0.0163,,2.5000,0.0108
S4.8479.16,0.5000,484,0.0406,2.1307,0.0099,0.0102,,2.5000,0.0108
S4.8479.16,1.0000,400,0.0443,1.5177,0.0028,0.0109,,2.5000,0.0108
S4.8479.16,2.0000,186,0.0554,0.7755,,-0.0196,,2.5000,0.0108
